#
# There is insufficient memory for the Java Runtime Environment to continue.
# Native memory allocation (mmap) failed to map 32505856 bytes. Error detail: G1 virtual space
# Possible reasons:
#   The system is out of physical RAM or swap space
#   This process is running with CompressedOops enabled, and the Java Heap may be blocking the growth of the native heap
# Possible solutions:
#   Reduce memory load on the system
#   Increase physical memory or swap space
#   Check if swap backing store is full
#   Decrease Java heap size (-Xmx/-Xms)
#   Decrease number of Java threads
#   Decrease Java thread stack sizes (-Xss)
#   Set larger code cache with -XX:ReservedCodeCacheSize=
#   JVM is running with Unscaled Compressed Oops mode in which the Java heap is
#     placed in the first 4GB address space. The Java Heap base address is the
#     maximum limit for the native heap growth. Please use -XX:HeapBaseMinAddress
#     to set the Java Heap base and to place the Java Heap above 4GB virtual address.
# This output file may be truncated or incomplete.
#
#  Out of Memory Error (os_windows.cpp:3925), pid=10180, tid=10320
#
# JRE version: OpenJDK Runtime Environment (21.0.9) (build 21.0.9+-14787801-b1163.94)
# Java VM: OpenJDK 64-Bit Server VM (21.0.9+-14787801-b1163.94, mixed mode, tiered, compressed oops, compressed class ptrs, g1 gc, windows-amd64)
# No core dump will be written. Minidumps are not enabled by default on client versions of Windows
#

---------------  S U M M A R Y ------------

Command Line: --add-opens=java.base/java.util=ALL-UNNAMED --add-opens=java.base/java.lang=ALL-UNNAMED --add-opens=java.base/java.lang.invoke=ALL-UNNAMED --add-opens=java.prefs/java.util.prefs=ALL-UNNAMED --add-opens=java.base/java.nio.charset=ALL-UNNAMED --add-opens=java.base/java.net=ALL-UNNAMED --add-opens=java.base/java.util.concurrent.atomic=ALL-UNNAMED -Xmx2048m -Dfile.encoding=UTF-8 -Duser.country=US -Duser.language=en -Duser.variant -javaagent:C:\Users\asus\.gradle\wrapper\dists\gradle-8.6-bin\afr5mpiioh2wthjmwnkmdsd5w\gradle-8.6\lib\agents\gradle-instrumentation-agent-8.6.jar org.gradle.launcher.daemon.bootstrap.GradleDaemon 8.6

Host: 12th Gen Intel(R) Core(TM) i5-12500H, 16 cores, 7G,  Windows 11 , 64 bit Build 26100 (10.0.26100.8521)
Time: Thu Jul 23 14:22:23 2026 Iran Standard Time elapsed time: 504.919494 seconds (0d 0h 8m 24s)

---------------  T H R E A D  ---------------

Current thread (0x000001fa7d34de60):  VMThread "VM Thread"          [id=10320, stack(0x000000269df00000,0x000000269e000000) (1024K)]

Stack: [0x000000269df00000,0x000000269e000000]
Native frames: (J=compiled Java code, j=interpreted, Vv=VM code, C=native code)
V  [jvm.dll+0x6d6c99]
V  [jvm.dll+0x866b83]
V  [jvm.dll+0x8691ae]
V  [jvm.dll+0x869893]
V  [jvm.dll+0x280776]
V  [jvm.dll+0x6d3555]
V  [jvm.dll+0x6c6bea]
V  [jvm.dll+0x3587fb]
V  [jvm.dll+0x360476]
V  [jvm.dll+0x3b2646]
V  [jvm.dll+0x3b2918]
V  [jvm.dll+0x32af0c]
V  [jvm.dll+0x32d916]
V  [jvm.dll+0x3377ed]
V  [jvm.dll+0x36ef55]
V  [jvm.dll+0x86f618]
V  [jvm.dll+0x870994]
V  [jvm.dll+0x870ed0]
V  [jvm.dll+0x871163]
V  [jvm.dll+0x80f118]
V  [jvm.dll+0x6d54ed]
C  [ucrtbase.dll+0x2cd30]
C  [KERNEL32.DLL+0x2e957]
C  [ntdll.dll+0x87c1c]

VM_Operation (0x000000269daff7b0): G1PauseRemark, mode: safepoint, requested by thread 0x000001fa6520b930


---------------  P R O C E S S  ---------------

Threads class SMR info:
_java_thread_list=0x000001fa08daf590, length=136, elements={
0x000001fa651a4bd0, 0x000001fa7d537270, 0x000001fa7d566760, 0x000001fa7d53a330,
0x000001fa7d56f650, 0x000001fa7d54fa70, 0x000001fa7d5504d0, 0x000001fa7d550f30,
0x000001fa7d551df0, 0x000001fa7d5700b0, 0x000001fa7d871950, 0x000001fa043a30d0,
0x000001fa043a5830, 0x000001fa043a6550, 0x000001fa7eada670, 0x000001fa7ead85a0,
0x000001fa7ead7f10, 0x000001fa7ead71f0, 0x000001fa7ead8c30, 0x000001fa7eadd460,
0x000001fa7eade180, 0x000001fa7eadcdd0, 0x000001fa7eadba20, 0x000001fa0760c9b0,
0x000001fa0760d040, 0x000001fa0760e3f0, 0x000001fa0760d6d0, 0x000001fa0760ea80,
0x000001fa0760b600, 0x000001fa0740bd80, 0x000001fa0740e4e0, 0x000001fa080ae150,
0x000001fa080aacd0, 0x000001fa080b08b0, 0x000001fa071cfc90, 0x000001fa0c0b7450,
0x000001fa0aaedfd0, 0x000001fa080aa640, 0x000001fa08386b10, 0x000001fa0aaebf00,
0x000001fa0aaed940, 0x000001fa0aaec590, 0x000001fa0aaef380, 0x000001fa0aaf00a0,
0x000001fa0aaf1ae0, 0x000001fa0aaf0730, 0x000001fa0aaf1450, 0x000001fa0aaee660,
0x000001fa0aaf2800, 0x000001fa0aaf48d0, 0x000001fa7e571780, 0x000001fa7e5754d0,
0x000001fa7e577db0, 0x000001fa0aaf4240, 0x000001fa7e578480, 0x000001fa0aaf2e90,
0x000001fa0aaf3520, 0x000001fa0aaf4f60, 0x000001fa0aaf55f0, 0x000001fa0aaf2170,
0x000001fa0aaf5c80, 0x000001fa0aaf6310, 0x000001fa0aaf69a0, 0x000001fa0aaf3bb0,
0x000001fa0aaf9100, 0x000001fa0aaf9790, 0x000001fa0aaf83e0, 0x000001fa0aaf7d50,
0x000001fa0aafab40, 0x000001fa0aaf76c0, 0x000001fa0aafb1d0, 0x000001fa0c0b32b0,
0x000001fa0c0b2c20, 0x000001fa0c0b4660, 0x000001fa0c0b2590, 0x000001fa0c0b4cf0,
0x000001fa0c0b5380, 0x000001fa0c0b1f00, 0x000001fa0c0b60a0, 0x000001fa0c0b7ae0,
0x000001fa0c0b8170, 0x000001fa0c0b8800, 0x000001fa0c0b6730, 0x000001fa0c0b6dc0,
0x000001fa0c0b8e90, 0x000001fa0c0b5a10, 0x000001fa0c0bbc80, 0x000001fa0c0b9bb0,
0x000001fa0c0b9520, 0x000001fa0c0bc310, 0x000001fa0c0ba8d0, 0x000001fa0c0bd030,
0x000001fa0c0bb5f0, 0x000001fa0c0ba240, 0x000001fa0c0bf100, 0x000001fa0c0bd6c0,
0x000001fa0c0c11d0, 0x000001fa0c0bf790, 0x000001fa0c0c04b0, 0x000001fa0c0c0b40,
0x000001fa0c0bdd50, 0x000001fa0c0be3e0, 0x000001fa0c0bea70, 0x000001fa083871a0,
0x000001fa08387ec0, 0x000001fa08388be0, 0x000001fa08389270, 0x000001fa08385df0,
0x000001fa0838c6f0, 0x000001fa0838cd80, 0x000001fa08389900, 0x000001fa08389f90,
0x000001fa0838daa0, 0x000001fa0838a620, 0x000001fa0838acb0, 0x000001fa08390f20,
0x000001fa083915b0, 0x000001fa0838e130, 0x000001fa08391c40, 0x000001fa083922d0,
0x000001fa08392960, 0x000001fa0838f4e0, 0x000001fa0838fb70, 0x000001fa08392ff0,
0x000001fa08393680, 0x000001fa08390200, 0x000001fa08393d10, 0x000001fa08390890,
0x000001fa083943a0, 0x000001fa0ad6fe70, 0x000001fa0ad70500, 0x000001fa0ad6eac0,
0x000001fa0ad6dda0, 0x000001fa0ad6f150, 0x000001fa0ad6d080, 0x000001fa0ad6e430
}

Java Threads: ( => current thread )
  0x000001fa651a4bd0 JavaThread "main"                              [_thread_blocked, id=4368, stack(0x000000269d800000,0x000000269d900000) (1024K)]
  0x000001fa7d537270 JavaThread "Common-Cleaner"             daemon [_thread_blocked, id=10764, stack(0x000000269e000000,0x000000269e100000) (1024K)]
  0x000001fa7d566760 JavaThread "Reference Handler"          daemon [_thread_blocked, id=17008, stack(0x000000269e100000,0x000000269e200000) (1024K)]
  0x000001fa7d53a330 JavaThread "Finalizer"                  daemon [_thread_blocked, id=6060, stack(0x000000269e200000,0x000000269e300000) (1024K)]
  0x000001fa7d56f650 JavaThread "Signal Dispatcher"          daemon [_thread_blocked, id=18328, stack(0x000000269e300000,0x000000269e400000) (1024K)]
  0x000001fa7d54fa70 JavaThread "Attach Listener"            daemon [_thread_blocked, id=13164, stack(0x000000269e400000,0x000000269e500000) (1024K)]
  0x000001fa7d5504d0 JavaThread "Service Thread"             daemon [_thread_blocked, id=13720, stack(0x000000269e500000,0x000000269e600000) (1024K)]
  0x000001fa7d550f30 JavaThread "Monitor Deflation Thread"   daemon [_thread_blocked, id=14576, stack(0x000000269e600000,0x000000269e700000) (1024K)]
  0x000001fa7d551df0 JavaThread "C2 CompilerThread0"         daemon [_thread_blocked, id=2476, stack(0x000000269e700000,0x000000269e800000) (1024K)]
  0x000001fa7d5700b0 JavaThread "C1 CompilerThread0"         daemon [_thread_blocked, id=8408, stack(0x000000269e800000,0x000000269e900000) (1024K)]
  0x000001fa7d871950 JavaThread "Notification Thread"        daemon [_thread_blocked, id=14452, stack(0x000000269ec00000,0x000000269ed00000) (1024K)]
  0x000001fa043a30d0 JavaThread "Daemon health stats"               [_thread_blocked, id=2152, stack(0x000000269f400000,0x000000269f500000) (1024K)]
  0x000001fa043a5830 JavaThread "Incoming local TCP Connector on port 4888"        [_thread_in_native, id=12404, stack(0x000000269f500000,0x000000269f600000) (1024K)]
  0x000001fa043a6550 JavaThread "Daemon periodic checks"            [_thread_blocked, id=13388, stack(0x000000269f600000,0x000000269f700000) (1024K)]
  0x000001fa7eada670 JavaThread "Cache worker for journal cache (C:\Users\asus\.gradle\caches\journal-1)"        [_thread_blocked, id=17148, stack(0x00000026a0700000,0x00000026a0800000) (1024K)]
  0x000001fa7ead85a0 JavaThread "File lock request listener"        [_thread_in_native, id=1028, stack(0x00000026a0800000,0x00000026a0900000) (1024K)]
  0x000001fa7ead7f10 JavaThread "Cache worker for file hash cache (C:\Users\asus\.gradle\caches\8.6\fileHashes)"        [_thread_blocked, id=11416, stack(0x00000026a0900000,0x00000026a0a00000) (1024K)]
  0x000001fa7ead71f0 JavaThread "File watcher server"        daemon [_thread_blocked, id=8000, stack(0x00000026a0a00000,0x00000026a0b00000) (1024K)]
  0x000001fa7ead8c30 JavaThread "File watcher consumer"      daemon [_thread_blocked, id=12528, stack(0x00000026a0b00000,0x00000026a0c00000) (1024K)]
  0x000001fa7eadd460 JavaThread "Cache worker for file content cache (C:\Users\asus\.gradle\caches\8.6\fileContent)"        [_thread_blocked, id=3364, stack(0x00000026a0f00000,0x00000026a1000000) (1024K)]
  0x000001fa7eade180 JavaThread "jar transforms"                    [_thread_blocked, id=18000, stack(0x00000026a1000000,0x00000026a1100000) (1024K)]
  0x000001fa7eadcdd0 JavaThread "jar transforms Thread 2"           [_thread_blocked, id=17396, stack(0x00000026a1100000,0x00000026a1200000) (1024K)]
  0x000001fa7eadba20 JavaThread "jar transforms Thread 3"           [_thread_blocked, id=6404, stack(0x00000026a1200000,0x00000026a1300000) (1024K)]
  0x000001fa0760c9b0 JavaThread "jar transforms Thread 4"           [_thread_blocked, id=15428, stack(0x00000026a1e00000,0x00000026a1f00000) (1024K)]
  0x000001fa0760d040 JavaThread "jar transforms Thread 5"           [_thread_blocked, id=16588, stack(0x00000026a1f00000,0x00000026a2000000) (1024K)]
  0x000001fa0760e3f0 JavaThread "jar transforms Thread 6"           [_thread_blocked, id=7420, stack(0x00000026a2000000,0x00000026a2100000) (1024K)]
  0x000001fa0760d6d0 JavaThread "jar transforms Thread 7"           [_thread_blocked, id=15272, stack(0x00000026a2100000,0x00000026a2200000) (1024K)]
  0x000001fa0760ea80 JavaThread "jar transforms Thread 8"           [_thread_blocked, id=5452, stack(0x00000026a2200000,0x00000026a2300000) (1024K)]
  0x000001fa0760b600 JavaThread "jar transforms Thread 9"           [_thread_blocked, id=896, stack(0x00000026a2300000,0x00000026a2400000) (1024K)]
  0x000001fa0740bd80 JavaThread "jar transforms Thread 10"          [_thread_blocked, id=11052, stack(0x000000269eb00000,0x000000269ec00000) (1024K)]
  0x000001fa0740e4e0 JavaThread "jar transforms Thread 11"          [_thread_blocked, id=3316, stack(0x00000026a2600000,0x00000026a2700000) (1024K)]
  0x000001fa080ae150 JavaThread "jar transforms Thread 12"          [_thread_blocked, id=5056, stack(0x00000026a3900000,0x00000026a3a00000) (1024K)]
  0x000001fa080aacd0 JavaThread "jar transforms Thread 13"          [_thread_blocked, id=12092, stack(0x00000026a3800000,0x00000026a3900000) (1024K)]
  0x000001fa080b08b0 JavaThread "Memory manager"                    [_thread_blocked, id=8344, stack(0x00000026a3a00000,0x00000026a3b00000) (1024K)]
  0x000001fa071cfc90 JavaThread "jar transforms Thread 14"          [_thread_blocked, id=3196, stack(0x00000026a3c00000,0x00000026a3d00000) (1024K)]
  0x000001fa0c0b7450 JavaThread "RMI Scheduler(0)"           daemon [_thread_blocked, id=17476, stack(0x00000026a2400000,0x00000026a2500000) (1024K)]
  0x000001fa0aaedfd0 JavaThread "RMI GC Daemon"              daemon [_thread_blocked, id=6752, stack(0x00000026ad900000,0x00000026ada00000) (1024K)]
  0x000001fa080aa640 JavaThread "RMI TCP Accept-0"           daemon [_thread_in_native, id=6596, stack(0x00000026ada00000,0x00000026adb00000) (1024K)]
  0x000001fa08386b10 JavaThread "RMI Reaper"                        [_thread_blocked, id=4028, stack(0x00000026adb00000,0x00000026adc00000) (1024K)]
  0x000001fa0aaebf00 JavaThread "Daemon Thread 3"                   [_thread_blocked, id=9132, stack(0x000000269d500000,0x000000269d600000) (1024K)]
  0x000001fa0aaed940 JavaThread "Handler for socket connection from /127.0.0.1:4888 to /127.0.0.1:40526"        [_thread_in_native, id=16424, stack(0x000000269d600000,0x000000269d700000) (1024K)]
  0x000001fa0aaec590 JavaThread "Cancel handler"                    [_thread_blocked, id=3784, stack(0x000000269d700000,0x000000269d800000) (1024K)]
  0x000001fa0aaef380 JavaThread "Daemon worker Thread 3"            [_thread_blocked, id=13404, stack(0x000000269e900000,0x000000269ea00000) (1024K)]
  0x000001fa0aaf00a0 JavaThread "Asynchronous log dispatcher for DefaultDaemonConnection: socket connection from /127.0.0.1:4888 to /127.0.0.1:40526"        [_thread_blocked, id=5156, stack(0x000000269ea00000,0x000000269eb00000) (1024K)]
  0x000001fa0aaf1ae0 JavaThread "Stdin handler"                     [_thread_blocked, id=11700, stack(0x000000269ed00000,0x000000269ee00000) (1024K)]
  0x000001fa0aaf0730 JavaThread "Daemon client event forwarder"        [_thread_blocked, id=16228, stack(0x000000269ee00000,0x000000269ef00000) (1024K)]
  0x000001fa0aaf1450 JavaThread "Cache worker for checksums cache (E:\Amir_Gonde\Term_8\Mobile\MyProjects\melodify-music-app\.gradle\8.6\checksums)"        [_thread_blocked, id=3328, stack(0x000000269f800000,0x000000269f900000) (1024K)]
  0x000001fa0aaee660 JavaThread "Cache worker for file hash cache (E:\Amir_Gonde\Term_8\Mobile\MyProjects\melodify-music-app\.gradle\8.6\fileHashes)"        [_thread_blocked, id=4748, stack(0x000000269f900000,0x000000269fa00000) (1024K)]
  0x000001fa0aaf2800 JavaThread "Cache worker for cache directory md-supplier (C:\Users\asus\.gradle\caches\8.6\md-supplier)"        [_thread_blocked, id=11344, stack(0x000000269fa00000,0x000000269fb00000) (1024K)]
  0x000001fa0aaf48d0 JavaThread "Cache worker for cache directory md-rule (C:\Users\asus\.gradle\caches\8.6\md-rule)"        [_thread_blocked, id=16732, stack(0x000000269fb00000,0x000000269fc00000) (1024K)]
  0x000001fa7e571780 JavaThread "C1 CompilerThread1"         daemon [_thread_blocked, id=17960, stack(0x000000269f700000,0x000000269f800000) (1024K)]
  0x000001fa7e5754d0 JavaThread "C1 CompilerThread2"         daemon [_thread_blocked, id=18384, stack(0x000000269fc00000,0x000000269fd00000) (1024K)]
  0x000001fa7e577db0 JavaThread "C1 CompilerThread3"         daemon [_thread_blocked, id=14636, stack(0x000000269fd00000,0x000000269fe00000) (1024K)]
  0x000001fa0aaf4240 JavaThread "Unconstrained build operations"        [_thread_blocked, id=5404, stack(0x00000026a0c00000,0x00000026a0d00000) (1024K)]
  0x000001fa7e578480 JavaThread "C2 CompilerThread1"         daemon [_thread_blocked, id=11872, stack(0x00000026a0d00000,0x00000026a0e00000) (1024K)]
  0x000001fa0aaf2e90 JavaThread "Cache worker for Build Output Cleanup Cache (E:\Amir_Gonde\Term_8\Mobile\MyProjects\melodify-music-app\.gradle\buildOutputCleanup)"        [_thread_blocked, id=17616, stack(0x00000026a0e00000,0x00000026a0f00000) (1024K)]
  0x000001fa0aaf3520 JavaThread "Unconstrained build operations Thread 2"        [_thread_blocked, id=14296, stack(0x00000026a1300000,0x00000026a1400000) (1024K)]
  0x000001fa0aaf4f60 JavaThread "Unconstrained build operations Thread 3"        [_thread_blocked, id=9416, stack(0x00000026a1400000,0x00000026a1500000) (1024K)]
  0x000001fa0aaf55f0 JavaThread "Unconstrained build operations Thread 4"        [_thread_blocked, id=12816, stack(0x00000026a1500000,0x00000026a1600000) (1024K)]
  0x000001fa0aaf2170 JavaThread "Unconstrained build operations Thread 5"        [_thread_blocked, id=10908, stack(0x00000026a1600000,0x00000026a1700000) (1024K)]
  0x000001fa0aaf5c80 JavaThread "Unconstrained build operations Thread 6"        [_thread_blocked, id=11316, stack(0x00000026a1700000,0x00000026a1800000) (1024K)]
  0x000001fa0aaf6310 JavaThread "Unconstrained build operations Thread 7"        [_thread_blocked, id=12896, stack(0x00000026a1800000,0x00000026a1900000) (1024K)]
  0x000001fa0aaf69a0 JavaThread "Unconstrained build operations Thread 8"        [_thread_blocked, id=11964, stack(0x00000026a1900000,0x00000026a1a00000) (1024K)]
  0x000001fa0aaf3bb0 JavaThread "Unconstrained build operations Thread 9"        [_thread_blocked, id=18260, stack(0x00000026a1a00000,0x00000026a1b00000) (1024K)]
  0x000001fa0aaf9100 JavaThread "Unconstrained build operations Thread 10"        [_thread_blocked, id=12072, stack(0x00000026a1b00000,0x00000026a1c00000) (1024K)]
  0x000001fa0aaf9790 JavaThread "Unconstrained build operations Thread 11"        [_thread_blocked, id=13588, stack(0x00000026a1c00000,0x00000026a1d00000) (1024K)]
  0x000001fa0aaf83e0 JavaThread "Unconstrained build operations Thread 12"        [_thread_blocked, id=15456, stack(0x00000026a1d00000,0x00000026a1e00000) (1024K)]
  0x000001fa0aaf7d50 JavaThread "Unconstrained build operations Thread 13"        [_thread_blocked, id=10744, stack(0x00000026a2500000,0x00000026a2600000) (1024K)]
  0x000001fa0aafab40 JavaThread "Unconstrained build operations Thread 14"        [_thread_blocked, id=5192, stack(0x00000026a2700000,0x00000026a2800000) (1024K)]
  0x000001fa0aaf76c0 JavaThread "Unconstrained build operations Thread 15"        [_thread_blocked, id=18004, stack(0x00000026a2800000,0x00000026a2900000) (1024K)]
  0x000001fa0aafb1d0 JavaThread "Unconstrained build operations Thread 16"        [_thread_blocked, id=17928, stack(0x00000026a2900000,0x00000026a2a00000) (1024K)]
  0x000001fa0c0b32b0 JavaThread "build event listener"              [_thread_blocked, id=17112, stack(0x00000026a2a00000,0x00000026a2b00000) (1024K)]
  0x000001fa0c0b2c20 JavaThread "build event listener"              [_thread_blocked, id=11764, stack(0x00000026a2b00000,0x00000026a2c00000) (1024K)]
  0x000001fa0c0b4660 JavaThread "included builds"                   [_thread_blocked, id=6668, stack(0x00000026a2c00000,0x00000026a2d00000) (1024K)]
  0x000001fa0c0b2590 JavaThread "Execution worker"                  [_thread_blocked, id=11308, stack(0x00000026a2d00000,0x00000026a2e00000) (1024K)]
  0x000001fa0c0b4cf0 JavaThread "Execution worker Thread 2"         [_thread_blocked, id=14268, stack(0x00000026a2e00000,0x00000026a2f00000) (1024K)]
  0x000001fa0c0b5380 JavaThread "Execution worker Thread 3"         [_thread_blocked, id=18272, stack(0x00000026a2f00000,0x00000026a3000000) (1024K)]
  0x000001fa0c0b1f00 JavaThread "Execution worker Thread 4"         [_thread_blocked, id=15640, stack(0x00000026a3000000,0x00000026a3100000) (1024K)]
  0x000001fa0c0b60a0 JavaThread "Execution worker Thread 5"         [_thread_blocked, id=9892, stack(0x00000026a3100000,0x00000026a3200000) (1024K)]
  0x000001fa0c0b7ae0 JavaThread "Execution worker Thread 6"         [_thread_blocked, id=18136, stack(0x00000026a3200000,0x00000026a3300000) (1024K)]
  0x000001fa0c0b8170 JavaThread "Execution worker Thread 7"         [_thread_blocked, id=14348, stack(0x00000026a3300000,0x00000026a3400000) (1024K)]
  0x000001fa0c0b8800 JavaThread "Execution worker Thread 8"         [_thread_blocked, id=13160, stack(0x00000026a3400000,0x00000026a3500000) (1024K)]
  0x000001fa0c0b6730 JavaThread "Execution worker Thread 9"         [_thread_blocked, id=12768, stack(0x00000026a3500000,0x00000026a3600000) (1024K)]
  0x000001fa0c0b6dc0 JavaThread "Execution worker Thread 10"        [_thread_blocked, id=16124, stack(0x00000026a3600000,0x00000026a3700000) (1024K)]
  0x000001fa0c0b8e90 JavaThread "Execution worker Thread 11"        [_thread_blocked, id=1800, stack(0x00000026a3700000,0x00000026a3800000) (1024K)]
  0x000001fa0c0b5a10 JavaThread "Execution worker Thread 12"        [_thread_blocked, id=13376, stack(0x00000026a3b00000,0x00000026a3c00000) (1024K)]
  0x000001fa0c0bbc80 JavaThread "Execution worker Thread 13"        [_thread_blocked, id=16104, stack(0x00000026a3d00000,0x00000026a3e00000) (1024K)]
  0x000001fa0c0b9bb0 JavaThread "Execution worker Thread 14"        [_thread_blocked, id=5276, stack(0x00000026a3e00000,0x00000026a3f00000) (1024K)]
  0x000001fa0c0b9520 JavaThread "Execution worker Thread 15"        [_thread_blocked, id=18312, stack(0x00000026a3f00000,0x00000026a4000000) (1024K)]
  0x000001fa0c0bc310 JavaThread "Cache worker for execution history cache (E:\Amir_Gonde\Term_8\Mobile\MyProjects\melodify-music-app\.gradle\8.6\executionHistory)"        [_thread_blocked, id=4732, stack(0x00000026a4000000,0x00000026a4100000) (1024K)]
  0x000001fa0c0ba8d0 JavaThread "Unconstrained build operations Thread 17"        [_thread_blocked, id=17836, stack(0x00000026a4100000,0x00000026a4200000) (1024K)]
  0x000001fa0c0bd030 JavaThread "Unconstrained build operations Thread 18"        [_thread_blocked, id=6132, stack(0x00000026a4200000,0x00000026a4300000) (1024K)]
  0x000001fa0c0bb5f0 JavaThread "Unconstrained build operations Thread 19"        [_thread_blocked, id=2236, stack(0x00000026a4300000,0x00000026a4400000) (1024K)]
  0x000001fa0c0ba240 JavaThread "Unconstrained build operations Thread 20"        [_thread_blocked, id=18372, stack(0x00000026a4400000,0x00000026a4500000) (1024K)]
  0x000001fa0c0bf100 JavaThread "Unconstrained build operations Thread 21"        [_thread_blocked, id=2572, stack(0x00000026a4500000,0x00000026a4600000) (1024K)]
  0x000001fa0c0bd6c0 JavaThread "Unconstrained build operations Thread 22"        [_thread_blocked, id=13748, stack(0x00000026a4600000,0x00000026a4700000) (1024K)]
  0x000001fa0c0c11d0 JavaThread "Unconstrained build operations Thread 23"        [_thread_blocked, id=16252, stack(0x00000026a4700000,0x00000026a4800000) (1024K)]
  0x000001fa0c0bf790 JavaThread "Unconstrained build operations Thread 24"        [_thread_blocked, id=4856, stack(0x00000026a4800000,0x00000026a4900000) (1024K)]
  0x000001fa0c0c04b0 JavaThread "Unconstrained build operations Thread 25"        [_thread_blocked, id=10920, stack(0x00000026a4900000,0x00000026a4a00000) (1024K)]
  0x000001fa0c0c0b40 JavaThread "Unconstrained build operations Thread 26"        [_thread_blocked, id=14060, stack(0x00000026a4a00000,0x00000026a4b00000) (1024K)]
  0x000001fa0c0bdd50 JavaThread "Unconstrained build operations Thread 27"        [_thread_blocked, id=17600, stack(0x00000026a4b00000,0x00000026a4c00000) (1024K)]
  0x000001fa0c0be3e0 JavaThread "Unconstrained build operations Thread 28"        [_thread_blocked, id=5900, stack(0x00000026a4c00000,0x00000026a4d00000) (1024K)]
  0x000001fa0c0bea70 JavaThread "Unconstrained build operations Thread 29"        [_thread_blocked, id=1748, stack(0x00000026a4d00000,0x00000026a4e00000) (1024K)]
  0x000001fa083871a0 JavaThread "Unconstrained build operations Thread 30"        [_thread_blocked, id=12020, stack(0x00000026a4e00000,0x00000026a4f00000) (1024K)]
  0x000001fa08387ec0 JavaThread "Unconstrained build operations Thread 31"        [_thread_blocked, id=14440, stack(0x00000026a4f00000,0x00000026a5000000) (1024K)]
  0x000001fa08388be0 JavaThread "Unconstrained build operations Thread 32"        [_thread_blocked, id=10280, stack(0x00000026a5000000,0x00000026a5100000) (1024K)]
  0x000001fa08389270 JavaThread "Unconstrained build operations Thread 33"        [_thread_blocked, id=8292, stack(0x00000026a5100000,0x00000026a5200000) (1024K)]
  0x000001fa08385df0 JavaThread "Unconstrained build operations Thread 34"        [_thread_blocked, id=17348, stack(0x00000026a5200000,0x00000026a5300000) (1024K)]
  0x000001fa0838c6f0 JavaThread "Unconstrained build operations Thread 35"        [_thread_blocked, id=1532, stack(0x00000026a5300000,0x00000026a5400000) (1024K)]
  0x000001fa0838cd80 JavaThread "Unconstrained build operations Thread 36"        [_thread_blocked, id=15392, stack(0x00000026a5400000,0x00000026a5500000) (1024K)]
  0x000001fa08389900 JavaThread "Unconstrained build operations Thread 37"        [_thread_blocked, id=2288, stack(0x00000026a5500000,0x00000026a5600000) (1024K)]
  0x000001fa08389f90 JavaThread "Unconstrained build operations Thread 38"        [_thread_blocked, id=11608, stack(0x00000026a5600000,0x00000026a5700000) (1024K)]
  0x000001fa0838daa0 JavaThread "Unconstrained build operations Thread 39"        [_thread_blocked, id=18288, stack(0x00000026a5700000,0x00000026a5800000) (1024K)]
  0x000001fa0838a620 JavaThread "Unconstrained build operations Thread 40"        [_thread_blocked, id=16980, stack(0x00000026a5800000,0x00000026a5900000) (1024K)]
  0x000001fa0838acb0 JavaThread "Unconstrained build operations Thread 41"        [_thread_blocked, id=4612, stack(0x00000026a5900000,0x00000026a5a00000) (1024K)]
  0x000001fa08390f20 JavaThread "Unconstrained build operations Thread 42"        [_thread_blocked, id=13884, stack(0x00000026a5a00000,0x00000026a5b00000) (1024K)]
  0x000001fa083915b0 JavaThread "Unconstrained build operations Thread 43"        [_thread_blocked, id=7160, stack(0x00000026a5b00000,0x00000026a5c00000) (1024K)]
  0x000001fa0838e130 JavaThread "Unconstrained build operations Thread 44"        [_thread_blocked, id=6356, stack(0x00000026a5c00000,0x00000026a5d00000) (1024K)]
  0x000001fa08391c40 JavaThread "Unconstrained build operations Thread 45"        [_thread_blocked, id=15844, stack(0x00000026a5d00000,0x00000026a5e00000) (1024K)]
  0x000001fa083922d0 JavaThread "Unconstrained build operations Thread 46"        [_thread_blocked, id=14084, stack(0x00000026a5e00000,0x00000026a5f00000) (1024K)]
  0x000001fa08392960 JavaThread "Unconstrained build operations Thread 47"        [_thread_blocked, id=2428, stack(0x00000026a5f00000,0x00000026a6000000) (1024K)]
  0x000001fa0838f4e0 JavaThread "Unconstrained build operations Thread 48"        [_thread_blocked, id=14280, stack(0x00000026a6000000,0x00000026a6100000) (1024K)]
  0x000001fa0838fb70 JavaThread "Unconstrained build operations Thread 49"        [_thread_blocked, id=8140, stack(0x00000026a6100000,0x00000026a6200000) (1024K)]
  0x000001fa08392ff0 JavaThread "Unconstrained build operations Thread 50"        [_thread_blocked, id=944, stack(0x00000026a6200000,0x00000026a6300000) (1024K)]
  0x000001fa08393680 JavaThread "Unconstrained build operations Thread 51"        [_thread_blocked, id=11204, stack(0x00000026a6300000,0x00000026a6400000) (1024K)]
  0x000001fa08390200 JavaThread "Unconstrained build operations Thread 52"        [_thread_blocked, id=1812, stack(0x00000026a6400000,0x00000026a6500000) (1024K)]
  0x000001fa08393d10 JavaThread "Unconstrained build operations Thread 53"        [_thread_blocked, id=6632, stack(0x00000026a6500000,0x00000026a6600000) (1024K)]
  0x000001fa08390890 JavaThread "Unconstrained build operations Thread 54"        [_thread_blocked, id=6232, stack(0x00000026a6600000,0x00000026a6700000) (1024K)]
  0x000001fa083943a0 JavaThread "Unconstrained build operations Thread 55"        [_thread_blocked, id=7868, stack(0x00000026a6700000,0x00000026a6800000) (1024K)]
  0x000001fa0ad6fe70 JavaThread "Unconstrained build operations Thread 56"        [_thread_blocked, id=16304, stack(0x00000026a6800000,0x00000026a6900000) (1024K)]
  0x000001fa0ad70500 JavaThread "Unconstrained build operations Thread 57"        [_thread_blocked, id=11540, stack(0x00000026a6900000,0x00000026a6a00000) (1024K)]
  0x000001fa0ad6eac0 JavaThread "Unconstrained build operations Thread 58"        [_thread_blocked, id=9540, stack(0x00000026a6a00000,0x00000026a6b00000) (1024K)]
  0x000001fa0ad6dda0 JavaThread "Unconstrained build operations Thread 59"        [_thread_blocked, id=11508, stack(0x00000026a6b00000,0x00000026a6c00000) (1024K)]
  0x000001fa0ad6f150 JavaThread "Unconstrained build operations Thread 60"        [_thread_blocked, id=13636, stack(0x00000026a6c00000,0x00000026a6d00000) (1024K)]
  0x000001fa0ad6d080 JavaThread "Unconstrained build operations Thread 61"        [_thread_blocked, id=11236, stack(0x00000026a6d00000,0x00000026a6e00000) (1024K)]
  0x000001fa0ad6e430 JavaThread "Unconstrained build operations Thread 62"        [_thread_blocked, id=5656, stack(0x00000026a6e00000,0x00000026a6f00000) (1024K)]
Total: 136

Other Threads:
=>0x000001fa7d34de60 VMThread "VM Thread"                           [id=10320, stack(0x000000269df00000,0x000000269e000000) (1024K)]
  0x000001fa7d2e5b30 WatcherThread "VM Periodic Task Thread"        [id=17528, stack(0x000000269de00000,0x000000269df00000) (1024K)]
  0x000001fa62dddfc0 WorkerThread "GC Thread#0"                     [id=12256, stack(0x000000269d900000,0x000000269da00000) (1024K)]
  0x000001fa7e09a0c0 WorkerThread "GC Thread#1"                     [id=11920, stack(0x000000269ef00000,0x000000269f000000) (1024K)]
  0x000001fa7dc8b8b0 WorkerThread "GC Thread#2"                     [id=6004, stack(0x000000269f000000,0x000000269f100000) (1024K)]
  0x000001fa7e024f90 WorkerThread "GC Thread#3"                     [id=2284, stack(0x000000269f100000,0x000000269f200000) (1024K)]
  0x000001fa7e544640 WorkerThread "GC Thread#4"                     [id=776, stack(0x000000269f200000,0x000000269f300000) (1024K)]
  0x000001fa041bfe70 WorkerThread "GC Thread#5"                     [id=9760, stack(0x000000269f300000,0x000000269f400000) (1024K)]
  0x000001fa04dedd30 WorkerThread "GC Thread#6"                     [id=12932, stack(0x000000269fe00000,0x000000269ff00000) (1024K)]
  0x000001fa04deebb0 WorkerThread "GC Thread#7"                     [id=13632, stack(0x000000269ff00000,0x00000026a0000000) (1024K)]
  0x000001fa04deef50 WorkerThread "GC Thread#8"                     [id=9672, stack(0x00000026a0000000,0x00000026a0100000) (1024K)]
  0x000001fa04def2f0 WorkerThread "GC Thread#9"                     [id=5920, stack(0x00000026a0100000,0x00000026a0200000) (1024K)]
  0x000001fa04ded990 WorkerThread "GC Thread#10"                    [id=17140, stack(0x00000026a0200000,0x00000026a0300000) (1024K)]
  0x000001fa04dee0d0 WorkerThread "GC Thread#11"                    [id=10820, stack(0x00000026a0300000,0x00000026a0400000) (1024K)]
  0x000001fa04dee470 WorkerThread "GC Thread#12"                    [id=5356, stack(0x00000026a0400000,0x00000026a0500000) (1024K)]
  0x000001fa6520b930 ConcurrentGCThread "G1 Main Marker"            [id=12024, stack(0x000000269da00000,0x000000269db00000) (1024K)]
  0x000001fa6520d080 WorkerThread "G1 Conc#0"                       [id=2584, stack(0x000000269db00000,0x000000269dc00000) (1024K)]
  0x000001fa04dee810 WorkerThread "G1 Conc#1"                       [id=16420, stack(0x00000026a0500000,0x00000026a0600000) (1024K)]
  0x000001fa04df2180 WorkerThread "G1 Conc#2"                       [id=17464, stack(0x00000026a0600000,0x00000026a0700000) (1024K)]
  0x000001fa7d1b05d0 ConcurrentGCThread "G1 Refine#0"               [id=3128, stack(0x000000269dc00000,0x000000269dd00000) (1024K)]
  0x000001fa7d1b0df0 ConcurrentGCThread "G1 Service"                [id=4640, stack(0x000000269dd00000,0x000000269de00000) (1024K)]
Total: 21

Threads with active compile tasks:
C2 CompilerThread0  504968 22838       4       org.gradle.api.internal.artifacts.ivyservice.resolveengine.artifact.ResolvedArtifactsGraphVisitor::resolveVariantArtifacts (137 bytes)
C2 CompilerThread1  504968 22970       4       org.gradle.api.internal.artifacts.transform.AbstractTransformedArtifactSet$CalculateArtifacts::calculateValue (6 bytes)
Total: 2

VM state: at safepoint (normal execution)

VM Mutex/Monitor currently owned by a thread:  ([mutex/lock_event])
[0x00007ffc880e8690] Threads_lock - owner thread: 0x000001fa7d34de60
[0x00007ffc880e8790] Heap_lock - owner thread: 0x000001fa6520b930

Heap address: 0x0000000080000000, size: 2048 MB, Compressed Oops mode: 32-bit

CDS archive(s) not mapped
Compressed class space mapped at: 0x0000000100000000-0x0000000140000000, reserved size: 1073741824
Narrow klass base: 0x0000000000000000, Narrow klass shift: 3, Narrow klass range: 0x140000000

GC Precious Log:
 CardTable entry size: 512
 Card Set container configuration: InlinePtr #cards 5 size 8 Array Of Cards #cards 12 size 40 Howl #buckets 4 coarsen threshold 1843 Howl Bitmap #cards 512 size 80 coarsen threshold 460 Card regions per heap region 1 cards per card region 2048
 CPUs: 16 total, 16 available
 Memory: 7882M
 Large Page Support: Disabled
 NUMA Support: Disabled
 Compressed Oops: Enabled (32-bit)
 Heap Region Size: 1M
 Heap Min Capacity: 8M
 Heap Initial Capacity: 124M
 Heap Max Capacity: 2G
 Pre-touch: Disabled
 Parallel Workers: 13
 Concurrent Workers: 3
 Concurrent Refinement Workers: 13
 Periodic GC: Disabled

Heap:
 garbage-first heap   total 342016K, used 257689K [0x0000000080000000, 0x0000000100000000)
  region size 1024K, 48 young (49152K), 13 survivors (13312K)
 Metaspace       used 146925K, committed 149184K, reserved 1179648K
  class space    used 19964K, committed 21056K, reserved 1048576K

Heap Regions: E=young(eden), S=young(survivor), O=old, HS=humongous(starts), HC=humongous(continues), CS=collection set, F=free, TAMS=top-at-mark-start, PB=parsable bottom
|   0|0x0000000080000000, 0x0000000080100000, 0x0000000080100000|100%| O|  |TAMS 0x0000000080100000| PB 0x0000000080100000| Updating 
|   1|0x0000000080100000, 0x0000000080200000, 0x0000000080200000|100%|HS|  |TAMS 0x0000000080200000| PB 0x0000000080100000| Complete 
|   2|0x0000000080200000, 0x0000000080300000, 0x0000000080300000|100%|HC|  |TAMS 0x0000000080300000| PB 0x0000000080200000| Complete 
|   3|0x0000000080300000, 0x0000000080400000, 0x0000000080400000|100%|HC|  |TAMS 0x0000000080400000| PB 0x0000000080300000| Complete 
|   4|0x0000000080400000, 0x0000000080500000, 0x0000000080500000|100%|HC|  |TAMS 0x0000000080500000| PB 0x0000000080400000| Complete 
|   5|0x0000000080500000, 0x0000000080600000, 0x0000000080600000|100%| O|  |TAMS 0x0000000080600000| PB 0x0000000080600000| Untracked 
|   6|0x0000000080600000, 0x0000000080700000, 0x0000000080700000|100%| O|  |TAMS 0x0000000080700000| PB 0x0000000080700000| Updating 
|   7|0x0000000080700000, 0x0000000080800000, 0x0000000080800000|100%| O|  |TAMS 0x0000000080800000| PB 0x0000000080800000| Untracked 
|   8|0x0000000080800000, 0x0000000080900000, 0x0000000080900000|100%| O|  |TAMS 0x0000000080900000| PB 0x0000000080900000| Untracked 
|   9|0x0000000080900000, 0x0000000080a00000, 0x0000000080a00000|100%| O|  |TAMS 0x0000000080a00000| PB 0x0000000080a00000| Untracked 
|  10|0x0000000080a00000, 0x0000000080b00000, 0x0000000080b00000|100%| O|  |TAMS 0x0000000080b00000| PB 0x0000000080b00000| Updating 
|  11|0x0000000080b00000, 0x0000000080c00000, 0x0000000080c00000|100%| O|  |TAMS 0x0000000080c00000| PB 0x0000000080c00000| Untracked 
|  12|0x0000000080c00000, 0x0000000080d00000, 0x0000000080d00000|100%| O|  |TAMS 0x0000000080d00000| PB 0x0000000080d00000| Untracked 
|  13|0x0000000080d00000, 0x0000000080e00000, 0x0000000080e00000|100%| O|  |TAMS 0x0000000080e00000| PB 0x0000000080e00000| Untracked 
|  14|0x0000000080e00000, 0x0000000080f00000, 0x0000000080f00000|100%| O|  |TAMS 0x0000000080f00000| PB 0x0000000080f00000| Untracked 
|  15|0x0000000080f00000, 0x0000000081000000, 0x0000000081000000|100%| O|  |TAMS 0x0000000081000000| PB 0x0000000081000000| Untracked 
|  16|0x0000000081000000, 0x0000000081100000, 0x0000000081100000|100%| O|  |TAMS 0x0000000081100000| PB 0x0000000081100000| Updating 
|  17|0x0000000081100000, 0x0000000081200000, 0x0000000081200000|100%| O|  |TAMS 0x0000000081200000| PB 0x0000000081200000| Updating 
|  18|0x0000000081200000, 0x0000000081300000, 0x0000000081300000|100%|HS|  |TAMS 0x0000000081300000| PB 0x0000000081200000| Complete 
|  19|0x0000000081300000, 0x0000000081400000, 0x0000000081400000|100%|HC|  |TAMS 0x0000000081400000| PB 0x0000000081300000| Complete 
|  20|0x0000000081400000, 0x0000000081500000, 0x0000000081500000|100%| O|  |TAMS 0x0000000081500000| PB 0x0000000081500000| Untracked 
|  21|0x0000000081500000, 0x0000000081600000, 0x0000000081600000|100%| O|  |TAMS 0x0000000081600000| PB 0x0000000081600000| Untracked 
|  22|0x0000000081600000, 0x0000000081700000, 0x0000000081700000|100%| O|  |TAMS 0x0000000081700000| PB 0x0000000081700000| Untracked 
|  23|0x0000000081700000, 0x0000000081800000, 0x0000000081800000|100%| O|  |TAMS 0x0000000081800000| PB 0x0000000081800000| Untracked 
|  24|0x0000000081800000, 0x0000000081900000, 0x0000000081900000|100%| O|  |TAMS 0x0000000081900000| PB 0x0000000081900000| Updating 
|  25|0x0000000081900000, 0x0000000081a00000, 0x0000000081a00000|100%| O|  |TAMS 0x0000000081a00000| PB 0x0000000081a00000| Updating 
|  26|0x0000000081a00000, 0x0000000081b00000, 0x0000000081b00000|100%| O|  |TAMS 0x0000000081b00000| PB 0x0000000081b00000| Updating 
|  27|0x0000000081b00000, 0x0000000081c00000, 0x0000000081c00000|100%| O|  |TAMS 0x0000000081c00000| PB 0x0000000081c00000| Untracked 
|  28|0x0000000081c00000, 0x0000000081d00000, 0x0000000081d00000|100%| O|  |TAMS 0x0000000081d00000| PB 0x0000000081d00000| Untracked 
|  29|0x0000000081d00000, 0x0000000081e00000, 0x0000000081e00000|100%| O|  |TAMS 0x0000000081e00000| PB 0x0000000081e00000| Untracked 
|  30|0x0000000081e00000, 0x0000000081f00000, 0x0000000081f00000|100%| O|  |TAMS 0x0000000081f00000| PB 0x0000000081f00000| Untracked 
|  31|0x0000000081f00000, 0x0000000082000000, 0x0000000082000000|100%| O|  |TAMS 0x0000000082000000| PB 0x0000000082000000| Untracked 
|  32|0x0000000082000000, 0x0000000082100000, 0x0000000082100000|100%| O|  |TAMS 0x0000000082100000| PB 0x0000000082100000| Updating 
|  33|0x0000000082100000, 0x0000000082200000, 0x0000000082200000|100%| O|  |TAMS 0x0000000082200000| PB 0x0000000082200000| Untracked 
|  34|0x0000000082200000, 0x0000000082300000, 0x0000000082300000|100%| O|  |TAMS 0x0000000082300000| PB 0x0000000082300000| Untracked 
|  35|0x0000000082300000, 0x0000000082400000, 0x0000000082400000|100%| O|  |TAMS 0x0000000082400000| PB 0x0000000082400000| Untracked 
|  36|0x0000000082400000, 0x0000000082500000, 0x0000000082500000|100%| O|  |TAMS 0x0000000082500000| PB 0x0000000082500000| Untracked 
|  37|0x0000000082500000, 0x0000000082600000, 0x0000000082600000|100%| O|  |TAMS 0x0000000082600000| PB 0x0000000082600000| Untracked 
|  38|0x0000000082600000, 0x0000000082700000, 0x0000000082700000|100%| O|  |TAMS 0x0000000082700000| PB 0x0000000082700000| Updating 
|  39|0x0000000082700000, 0x0000000082800000, 0x0000000082800000|100%| O|  |TAMS 0x0000000082800000| PB 0x0000000082800000| Updating 
|  40|0x0000000082800000, 0x0000000082900000, 0x0000000082900000|100%| O|  |TAMS 0x0000000082900000| PB 0x0000000082900000| Updating 
|  41|0x0000000082900000, 0x0000000082a00000, 0x0000000082a00000|100%| O|  |TAMS 0x0000000082a00000| PB 0x0000000082a00000| Updating 
|  42|0x0000000082a00000, 0x0000000082b00000, 0x0000000082b00000|100%| O|  |TAMS 0x0000000082b00000| PB 0x0000000082b00000| Updating 
|  43|0x0000000082b00000, 0x0000000082c00000, 0x0000000082c00000|100%| O|  |TAMS 0x0000000082c00000| PB 0x0000000082c00000| Untracked 
|  44|0x0000000082c00000, 0x0000000082d00000, 0x0000000082d00000|100%|HS|  |TAMS 0x0000000082d00000| PB 0x0000000082c00000| Complete 
|  45|0x0000000082d00000, 0x0000000082e00000, 0x0000000082e00000|100%|HS|  |TAMS 0x0000000082e00000| PB 0x0000000082d00000| Complete 
|  46|0x0000000082e00000, 0x0000000082f00000, 0x0000000082f00000|100%|HC|  |TAMS 0x0000000082f00000| PB 0x0000000082e00000| Complete 
|  47|0x0000000082f00000, 0x0000000083000000, 0x0000000083000000|100%| O|  |TAMS 0x0000000083000000| PB 0x0000000083000000| Updating 
|  48|0x0000000083000000, 0x0000000083100000, 0x0000000083100000|100%| O|  |TAMS 0x0000000083100000| PB 0x0000000083100000| Updating 
|  49|0x0000000083100000, 0x0000000083200000, 0x0000000083200000|100%|HS|  |TAMS 0x0000000083200000| PB 0x0000000083100000| Complete 
|  50|0x0000000083200000, 0x0000000083300000, 0x0000000083300000|100%|HS|  |TAMS 0x0000000083300000| PB 0x0000000083200000| Complete 
|  51|0x0000000083300000, 0x0000000083400000, 0x0000000083400000|100%|HS|  |TAMS 0x0000000083400000| PB 0x0000000083300000| Complete 
|  52|0x0000000083400000, 0x0000000083500000, 0x0000000083500000|100%|HC|  |TAMS 0x0000000083500000| PB 0x0000000083400000| Complete 
|  53|0x0000000083500000, 0x0000000083600000, 0x0000000083600000|100%|HC|  |TAMS 0x0000000083600000| PB 0x0000000083500000| Complete 
|  54|0x0000000083600000, 0x0000000083700000, 0x0000000083700000|100%|HC|  |TAMS 0x0000000083700000| PB 0x0000000083600000| Complete 
|  55|0x0000000083700000, 0x0000000083800000, 0x0000000083800000|100%|HS|  |TAMS 0x0000000083800000| PB 0x0000000083700000| Complete 
|  56|0x0000000083800000, 0x0000000083900000, 0x0000000083900000|100%| O|  |TAMS 0x0000000083900000| PB 0x0000000083900000| Updating 
|  57|0x0000000083900000, 0x0000000083a00000, 0x0000000083a00000|100%|HS|  |TAMS 0x0000000083a00000| PB 0x0000000083900000| Complete 
|  58|0x0000000083a00000, 0x0000000083b00000, 0x0000000083b00000|100%|HC|  |TAMS 0x0000000083b00000| PB 0x0000000083a00000| Complete 
|  59|0x0000000083b00000, 0x0000000083c00000, 0x0000000083c00000|100%|HS|  |TAMS 0x0000000083c00000| PB 0x0000000083b00000| Complete 
|  60|0x0000000083c00000, 0x0000000083d00000, 0x0000000083d00000|100%|HS|  |TAMS 0x0000000083d00000| PB 0x0000000083c00000| Complete 
|  61|0x0000000083d00000, 0x0000000083e00000, 0x0000000083e00000|100%| O|  |TAMS 0x0000000083e00000| PB 0x0000000083e00000| Untracked 
|  62|0x0000000083e00000, 0x0000000083f00000, 0x0000000083f00000|100%| O|  |TAMS 0x0000000083f00000| PB 0x0000000083f00000| Untracked 
|  63|0x0000000083f00000, 0x0000000084000000, 0x0000000084000000|100%| O|  |TAMS 0x0000000084000000| PB 0x0000000084000000| Untracked 
|  64|0x0000000084000000, 0x0000000084100000, 0x0000000084100000|100%| O|  |TAMS 0x0000000084100000| PB 0x0000000084100000| Untracked 
|  65|0x0000000084100000, 0x0000000084200000, 0x0000000084200000|100%| O|  |TAMS 0x0000000084200000| PB 0x0000000084200000| Untracked 
|  66|0x0000000084200000, 0x0000000084300000, 0x0000000084300000|100%| O|  |TAMS 0x0000000084300000| PB 0x0000000084300000| Untracked 
|  67|0x0000000084300000, 0x0000000084400000, 0x0000000084400000|100%| O|  |TAMS 0x0000000084400000| PB 0x0000000084400000| Untracked 
|  68|0x0000000084400000, 0x0000000084500000, 0x0000000084500000|100%| O|  |TAMS 0x0000000084500000| PB 0x0000000084500000| Untracked 
|  69|0x0000000084500000, 0x0000000084600000, 0x0000000084600000|100%| O|  |TAMS 0x0000000084600000| PB 0x0000000084600000| Untracked 
|  70|0x0000000084600000, 0x0000000084700000, 0x0000000084700000|100%|HS|  |TAMS 0x0000000084700000| PB 0x0000000084600000| Complete 
|  71|0x0000000084700000, 0x0000000084800000, 0x0000000084800000|100%| O|  |TAMS 0x0000000084800000| PB 0x0000000084800000| Updating 
|  72|0x0000000084800000, 0x0000000084900000, 0x0000000084900000|100%| O|  |TAMS 0x0000000084900000| PB 0x0000000084900000| Untracked 
|  73|0x0000000084900000, 0x0000000084a00000, 0x0000000084a00000|100%| O|  |TAMS 0x0000000084a00000| PB 0x0000000084a00000| Updating 
|  74|0x0000000084a00000, 0x0000000084b00000, 0x0000000084b00000|100%|HS|  |TAMS 0x0000000084b00000| PB 0x0000000084a00000| Complete 
|  75|0x0000000084b00000, 0x0000000084c00000, 0x0000000084c00000|100%|HC|  |TAMS 0x0000000084c00000| PB 0x0000000084b00000| Complete 
|  76|0x0000000084c00000, 0x0000000084d00000, 0x0000000084d00000|100%|HC|  |TAMS 0x0000000084d00000| PB 0x0000000084c00000| Complete 
|  77|0x0000000084d00000, 0x0000000084e00000, 0x0000000084e00000|100%|HC|  |TAMS 0x0000000084e00000| PB 0x0000000084d00000| Complete 
|  78|0x0000000084e00000, 0x0000000084f00000, 0x0000000084f00000|100%| O|  |TAMS 0x0000000084f00000| PB 0x0000000084f00000| Updating 
|  79|0x0000000084f00000, 0x0000000085000000, 0x0000000085000000|100%| O|  |TAMS 0x0000000085000000| PB 0x0000000085000000| Untracked 
|  80|0x0000000085000000, 0x0000000085100000, 0x0000000085100000|100%| O|  |TAMS 0x0000000085100000| PB 0x0000000085100000| Updating 
|  81|0x0000000085100000, 0x0000000085200000, 0x0000000085200000|100%| O|  |TAMS 0x0000000085200000| PB 0x0000000085200000| Untracked 
|  82|0x0000000085200000, 0x0000000085300000, 0x0000000085300000|100%| O|  |TAMS 0x0000000085300000| PB 0x0000000085300000| Updating 
|  83|0x0000000085300000, 0x0000000085400000, 0x0000000085400000|100%| O|  |TAMS 0x0000000085400000| PB 0x0000000085400000| Updating 
|  84|0x0000000085400000, 0x0000000085500000, 0x0000000085500000|100%| O|  |TAMS 0x0000000085500000| PB 0x0000000085500000| Untracked 
|  85|0x0000000085500000, 0x0000000085600000, 0x0000000085600000|100%| O|  |TAMS 0x0000000085600000| PB 0x0000000085600000| Untracked 
|  86|0x0000000085600000, 0x0000000085700000, 0x0000000085700000|100%| O|  |TAMS 0x0000000085700000| PB 0x0000000085700000| Untracked 
|  87|0x0000000085700000, 0x0000000085800000, 0x0000000085800000|100%| O|  |TAMS 0x0000000085800000| PB 0x0000000085800000| Untracked 
|  88|0x0000000085800000, 0x0000000085900000, 0x0000000085900000|100%| O|  |TAMS 0x0000000085900000| PB 0x0000000085900000| Untracked 
|  89|0x0000000085900000, 0x0000000085a00000, 0x0000000085a00000|100%| O|  |TAMS 0x0000000085a00000| PB 0x0000000085a00000| Updating 
|  90|0x0000000085a00000, 0x0000000085b00000, 0x0000000085b00000|100%| O|  |TAMS 0x0000000085b00000| PB 0x0000000085b00000| Updating 
|  91|0x0000000085b00000, 0x0000000085c00000, 0x0000000085c00000|100%| O|  |TAMS 0x0000000085c00000| PB 0x0000000085c00000| Updating 
|  92|0x0000000085c00000, 0x0000000085d00000, 0x0000000085d00000|100%| O|  |TAMS 0x0000000085d00000| PB 0x0000000085d00000| Updating 
|  93|0x0000000085d00000, 0x0000000085e00000, 0x0000000085e00000|100%| O|  |TAMS 0x0000000085e00000| PB 0x0000000085e00000| Updating 
|  94|0x0000000085e00000, 0x0000000085f00000, 0x0000000085f00000|100%| O|  |TAMS 0x0000000085f00000| PB 0x0000000085f00000| Untracked 
|  95|0x0000000085f00000, 0x0000000086000000, 0x0000000086000000|100%| O|  |TAMS 0x0000000086000000| PB 0x0000000086000000| Untracked 
|  96|0x0000000086000000, 0x0000000086100000, 0x0000000086100000|100%| O|  |TAMS 0x0000000086100000| PB 0x0000000086100000| Untracked 
|  97|0x0000000086100000, 0x0000000086200000, 0x0000000086200000|100%| O|  |TAMS 0x0000000086200000| PB 0x0000000086200000| Updating 
|  98|0x0000000086200000, 0x0000000086300000, 0x0000000086300000|100%| O|  |TAMS 0x0000000086300000| PB 0x0000000086300000| Untracked 
|  99|0x0000000086300000, 0x0000000086400000, 0x0000000086400000|100%| O|  |TAMS 0x0000000086400000| PB 0x0000000086400000| Untracked 
| 100|0x0000000086400000, 0x0000000086500000, 0x0000000086500000|100%| O|  |TAMS 0x0000000086500000| PB 0x0000000086500000| Untracked 
| 101|0x0000000086500000, 0x0000000086600000, 0x0000000086600000|100%| O|  |TAMS 0x0000000086600000| PB 0x0000000086600000| Untracked 
| 102|0x0000000086600000, 0x0000000086700000, 0x0000000086700000|100%| O|  |TAMS 0x0000000086700000| PB 0x0000000086700000| Untracked 
| 103|0x0000000086700000, 0x0000000086800000, 0x0000000086800000|100%| O|  |TAMS 0x0000000086800000| PB 0x0000000086800000| Untracked 
| 104|0x0000000086800000, 0x0000000086900000, 0x0000000086900000|100%| O|  |TAMS 0x0000000086900000| PB 0x0000000086900000| Untracked 
| 105|0x0000000086900000, 0x0000000086a00000, 0x0000000086a00000|100%| O|  |TAMS 0x0000000086a00000| PB 0x0000000086a00000| Untracked 
| 106|0x0000000086a00000, 0x0000000086b00000, 0x0000000086b00000|100%| O|  |TAMS 0x0000000086b00000| PB 0x0000000086b00000| Untracked 
| 107|0x0000000086b00000, 0x0000000086c00000, 0x0000000086c00000|100%| O|  |TAMS 0x0000000086c00000| PB 0x0000000086c00000| Untracked 
| 108|0x0000000086c00000, 0x0000000086d00000, 0x0000000086d00000|100%| O|  |TAMS 0x0000000086d00000| PB 0x0000000086d00000| Updating 
| 109|0x0000000086d00000, 0x0000000086e00000, 0x0000000086e00000|100%| O|  |TAMS 0x0000000086e00000| PB 0x0000000086e00000| Updating 
| 110|0x0000000086e00000, 0x0000000086f00000, 0x0000000086f00000|100%| O|  |TAMS 0x0000000086f00000| PB 0x0000000086f00000| Updating 
| 111|0x0000000086f00000, 0x0000000087000000, 0x0000000087000000|100%| O|  |TAMS 0x0000000087000000| PB 0x0000000087000000| Updating 
| 112|0x0000000087000000, 0x0000000087100000, 0x0000000087100000|100%| O|  |TAMS 0x0000000087100000| PB 0x0000000087100000| Updating 
| 113|0x0000000087100000, 0x0000000087200000, 0x0000000087200000|100%| O|  |TAMS 0x0000000087200000| PB 0x0000000087200000| Updating 
| 114|0x0000000087200000, 0x0000000087300000, 0x0000000087300000|100%| O|  |TAMS 0x0000000087300000| PB 0x0000000087300000| Updating 
| 115|0x0000000087300000, 0x0000000087400000, 0x0000000087400000|100%| O|  |TAMS 0x0000000087400000| PB 0x0000000087400000| Updating 
| 116|0x0000000087400000, 0x0000000087500000, 0x0000000087500000|100%| O|  |TAMS 0x0000000087500000| PB 0x0000000087500000| Updating 
| 117|0x0000000087500000, 0x0000000087600000, 0x0000000087600000|100%| O|  |TAMS 0x0000000087600000| PB 0x0000000087600000| Updating 
| 118|0x0000000087600000, 0x0000000087700000, 0x0000000087700000|100%| O|  |TAMS 0x0000000087700000| PB 0x0000000087700000| Untracked 
| 119|0x0000000087700000, 0x0000000087800000, 0x0000000087800000|100%| O|  |TAMS 0x0000000087800000| PB 0x0000000087800000| Untracked 
| 120|0x0000000087800000, 0x0000000087900000, 0x0000000087900000|100%| O|  |TAMS 0x0000000087900000| PB 0x0000000087900000| Updating 
| 121|0x0000000087900000, 0x0000000087a00000, 0x0000000087a00000|100%| O|  |TAMS 0x0000000087a00000| PB 0x0000000087a00000| Updating 
| 122|0x0000000087a00000, 0x0000000087b00000, 0x0000000087b00000|100%| O|  |TAMS 0x0000000087b00000| PB 0x0000000087b00000| Updating 
| 123|0x0000000087b00000, 0x0000000087c00000, 0x0000000087c00000|100%| O|  |TAMS 0x0000000087c00000| PB 0x0000000087c00000| Untracked 
| 124|0x0000000087c00000, 0x0000000087d00000, 0x0000000087d00000|100%| O|  |TAMS 0x0000000087d00000| PB 0x0000000087d00000| Untracked 
| 125|0x0000000087d00000, 0x0000000087e00000, 0x0000000087e00000|100%| O|  |TAMS 0x0000000087e00000| PB 0x0000000087e00000| Updating 
| 126|0x0000000087e00000, 0x0000000087f00000, 0x0000000087f00000|100%| O|  |TAMS 0x0000000087f00000| PB 0x0000000087f00000| Updating 
| 127|0x0000000087f00000, 0x0000000088000000, 0x0000000088000000|100%| O|  |TAMS 0x0000000088000000| PB 0x0000000088000000| Updating 
| 128|0x0000000088000000, 0x0000000088100000, 0x0000000088100000|100%| O|  |TAMS 0x0000000088100000| PB 0x0000000088100000| Updating 
| 129|0x0000000088100000, 0x0000000088200000, 0x0000000088200000|100%| O|  |TAMS 0x0000000088200000| PB 0x0000000088200000| Updating 
| 130|0x0000000088200000, 0x0000000088300000, 0x0000000088300000|100%| O|  |TAMS 0x0000000088300000| PB 0x0000000088300000| Updating 
| 131|0x0000000088300000, 0x0000000088400000, 0x0000000088400000|100%| O|  |TAMS 0x0000000088400000| PB 0x0000000088400000| Updating 
| 132|0x0000000088400000, 0x0000000088500000, 0x0000000088500000|100%| O|  |TAMS 0x0000000088500000| PB 0x0000000088500000| Updating 
| 133|0x0000000088500000, 0x0000000088600000, 0x0000000088600000|100%| O|  |TAMS 0x0000000088600000| PB 0x0000000088600000| Updating 
| 134|0x0000000088600000, 0x0000000088700000, 0x0000000088700000|100%| O|  |TAMS 0x0000000088700000| PB 0x0000000088700000| Updating 
| 135|0x0000000088700000, 0x0000000088800000, 0x0000000088800000|100%| O|  |TAMS 0x0000000088800000| PB 0x0000000088800000| Updating 
| 136|0x0000000088800000, 0x0000000088900000, 0x0000000088900000|100%| O|  |TAMS 0x0000000088900000| PB 0x0000000088900000| Updating 
| 137|0x0000000088900000, 0x0000000088a00000, 0x0000000088a00000|100%| O|  |TAMS 0x0000000088a00000| PB 0x0000000088a00000| Updating 
| 138|0x0000000088a00000, 0x0000000088b00000, 0x0000000088b00000|100%| O|  |TAMS 0x0000000088b00000| PB 0x0000000088b00000| Updating 
| 139|0x0000000088b00000, 0x0000000088c00000, 0x0000000088c00000|100%| O|  |TAMS 0x0000000088c00000| PB 0x0000000088c00000| Updating 
| 140|0x0000000088c00000, 0x0000000088d00000, 0x0000000088d00000|100%| O|  |TAMS 0x0000000088d00000| PB 0x0000000088d00000| Updating 
| 141|0x0000000088d00000, 0x0000000088e00000, 0x0000000088e00000|100%| O|  |TAMS 0x0000000088e00000| PB 0x0000000088e00000| Updating 
| 142|0x0000000088e00000, 0x0000000088f00000, 0x0000000088f00000|100%| O|  |TAMS 0x0000000088f00000| PB 0x0000000088f00000| Untracked 
| 143|0x0000000088f00000, 0x0000000089000000, 0x0000000089000000|100%| O|  |TAMS 0x0000000089000000| PB 0x0000000089000000| Updating 
| 144|0x0000000089000000, 0x0000000089100000, 0x0000000089100000|100%| O|  |TAMS 0x0000000089100000| PB 0x0000000089100000| Updating 
| 145|0x0000000089100000, 0x0000000089200000, 0x0000000089200000|100%| O|  |TAMS 0x0000000089200000| PB 0x0000000089200000| Untracked 
| 146|0x0000000089200000, 0x0000000089300000, 0x0000000089300000|100%| O|  |TAMS 0x0000000089300000| PB 0x0000000089300000| Untracked 
| 147|0x0000000089300000, 0x0000000089400000, 0x0000000089400000|100%| O|  |TAMS 0x0000000089400000| PB 0x0000000089400000| Untracked 
| 148|0x0000000089400000, 0x0000000089500000, 0x0000000089500000|100%| O|  |TAMS 0x0000000089500000| PB 0x0000000089500000| Updating 
| 149|0x0000000089500000, 0x0000000089600000, 0x0000000089600000|100%| O|  |TAMS 0x0000000089500000| PB 0x0000000089500000| Untracked 
| 150|0x0000000089600000, 0x0000000089700000, 0x0000000089700000|100%| O|  |TAMS 0x0000000089700000| PB 0x0000000089700000| Untracked 
| 151|0x0000000089700000, 0x0000000089800000, 0x0000000089800000|100%| O|  |TAMS 0x0000000089800000| PB 0x0000000089800000| Untracked 
| 152|0x0000000089800000, 0x0000000089900000, 0x0000000089900000|100%|HS|  |TAMS 0x0000000089900000| PB 0x0000000089800000| Complete 
| 153|0x0000000089900000, 0x0000000089a00000, 0x0000000089a00000|100%|HS|  |TAMS 0x0000000089a00000| PB 0x0000000089900000| Complete 
| 154|0x0000000089a00000, 0x0000000089b00000, 0x0000000089b00000|100%|HC|  |TAMS 0x0000000089b00000| PB 0x0000000089a00000| Complete 
| 155|0x0000000089b00000, 0x0000000089c00000, 0x0000000089c00000|100%|HS|  |TAMS 0x0000000089c00000| PB 0x0000000089b00000| Complete 
| 156|0x0000000089c00000, 0x0000000089d00000, 0x0000000089d00000|100%|HC|  |TAMS 0x0000000089d00000| PB 0x0000000089c00000| Complete 
| 157|0x0000000089d00000, 0x0000000089da6500, 0x0000000089e00000| 64%| O|  |TAMS 0x0000000089d00000| PB 0x0000000089d00000| Updating 
| 158|0x0000000089e00000, 0x0000000089f00000, 0x0000000089f00000|100%|HS|  |TAMS 0x0000000089f00000| PB 0x0000000089e00000| Complete 
| 159|0x0000000089f00000, 0x000000008a000000, 0x000000008a000000|100%|HC|  |TAMS 0x000000008a000000| PB 0x0000000089f00000| Complete 
| 160|0x000000008a000000, 0x000000008a100000, 0x000000008a100000|100%| O|  |TAMS 0x000000008a100000| PB 0x000000008a100000| Untracked 
| 161|0x000000008a100000, 0x000000008a200000, 0x000000008a200000|100%| O|  |TAMS 0x000000008a200000| PB 0x000000008a200000| Updating 
| 162|0x000000008a200000, 0x000000008a300000, 0x000000008a300000|100%| O|  |TAMS 0x000000008a300000| PB 0x000000008a300000| Updating 
| 163|0x000000008a300000, 0x000000008a400000, 0x000000008a400000|100%| O|  |TAMS 0x000000008a400000| PB 0x000000008a400000| Updating 
| 164|0x000000008a400000, 0x000000008a500000, 0x000000008a500000|100%| O|  |TAMS 0x000000008a500000| PB 0x000000008a500000| Updating 
| 165|0x000000008a500000, 0x000000008a600000, 0x000000008a600000|100%| O|  |TAMS 0x000000008a600000| PB 0x000000008a600000| Updating 
| 166|0x000000008a600000, 0x000000008a700000, 0x000000008a700000|100%| O|  |TAMS 0x000000008a700000| PB 0x000000008a700000| Untracked 
| 167|0x000000008a700000, 0x000000008a700000, 0x000000008a800000|  0%| F|  |TAMS 0x000000008a700000| PB 0x000000008a700000| Untracked 
| 168|0x000000008a800000, 0x000000008a900000, 0x000000008a900000|100%| O|  |TAMS 0x000000008a900000| PB 0x000000008a900000| Updating 
| 169|0x000000008a900000, 0x000000008aa00000, 0x000000008aa00000|100%| O|  |TAMS 0x000000008aa00000| PB 0x000000008aa00000| Updating 
| 170|0x000000008aa00000, 0x000000008ab00000, 0x000000008ab00000|100%| O|  |TAMS 0x000000008ab00000| PB 0x000000008ab00000| Updating 
| 171|0x000000008ab00000, 0x000000008ac00000, 0x000000008ac00000|100%| O|  |TAMS 0x000000008ac00000| PB 0x000000008ac00000| Updating 
| 172|0x000000008ac00000, 0x000000008ac00000, 0x000000008ad00000|  0%| F|  |TAMS 0x000000008ac00000| PB 0x000000008ac00000| Untracked 
| 173|0x000000008ad00000, 0x000000008ae00000, 0x000000008ae00000|100%| O|  |TAMS 0x000000008ae00000| PB 0x000000008ae00000| Updating 
| 174|0x000000008ae00000, 0x000000008af00000, 0x000000008af00000|100%| O|  |TAMS 0x000000008af00000| PB 0x000000008af00000| Updating 
| 175|0x000000008af00000, 0x000000008af00000, 0x000000008b000000|  0%| F|  |TAMS 0x000000008af00000| PB 0x000000008af00000| Untracked 
| 176|0x000000008b000000, 0x000000008b000000, 0x000000008b100000|  0%| F|  |TAMS 0x000000008b000000| PB 0x000000008b000000| Untracked 
| 177|0x000000008b100000, 0x000000008b200000, 0x000000008b200000|100%| O|  |TAMS 0x000000008b200000| PB 0x000000008b200000| Updating 
| 178|0x000000008b200000, 0x000000008b300000, 0x000000008b300000|100%| O|  |TAMS 0x000000008b300000| PB 0x000000008b300000| Updating 
| 179|0x000000008b300000, 0x000000008b400000, 0x000000008b400000|100%| O|  |TAMS 0x000000008b400000| PB 0x000000008b400000| Updating 
| 180|0x000000008b400000, 0x000000008b500000, 0x000000008b500000|100%| O|  |TAMS 0x000000008b500000| PB 0x000000008b500000| Updating 
| 181|0x000000008b500000, 0x000000008b600000, 0x000000008b600000|100%| O|  |TAMS 0x000000008b600000| PB 0x000000008b600000| Updating 
| 182|0x000000008b600000, 0x000000008b700000, 0x000000008b700000|100%| O|  |TAMS 0x000000008b700000| PB 0x000000008b700000| Updating 
| 183|0x000000008b700000, 0x000000008b700000, 0x000000008b800000|  0%| F|  |TAMS 0x000000008b700000| PB 0x000000008b700000| Untracked 
| 184|0x000000008b800000, 0x000000008b900000, 0x000000008b900000|100%| O|  |TAMS 0x000000008b900000| PB 0x000000008b900000| Updating 
| 185|0x000000008b900000, 0x000000008ba00000, 0x000000008ba00000|100%| O|  |TAMS 0x000000008ba00000| PB 0x000000008ba00000| Updating 
| 186|0x000000008ba00000, 0x000000008bb00000, 0x000000008bb00000|100%| O|  |TAMS 0x000000008bb00000| PB 0x000000008bb00000| Updating 
| 187|0x000000008bb00000, 0x000000008bb00000, 0x000000008bc00000|  0%| F|  |TAMS 0x000000008bb00000| PB 0x000000008bb00000| Untracked 
| 188|0x000000008bc00000, 0x000000008bd00000, 0x000000008bd00000|100%| O|  |TAMS 0x000000008bd00000| PB 0x000000008bd00000| Updating 
| 189|0x000000008bd00000, 0x000000008be00000, 0x000000008be00000|100%| O|  |TAMS 0x000000008be00000| PB 0x000000008be00000| Updating 
| 190|0x000000008be00000, 0x000000008bf00000, 0x000000008bf00000|100%| O|  |TAMS 0x000000008bf00000| PB 0x000000008bf00000| Updating 
| 191|0x000000008bf00000, 0x000000008c000000, 0x000000008c000000|100%| O|  |TAMS 0x000000008c000000| PB 0x000000008c000000| Updating 
| 192|0x000000008c000000, 0x000000008c100000, 0x000000008c100000|100%| O|  |TAMS 0x000000008c100000| PB 0x000000008c100000| Updating 
| 193|0x000000008c100000, 0x000000008c200000, 0x000000008c200000|100%| O|  |TAMS 0x000000008c200000| PB 0x000000008c200000| Untracked 
| 194|0x000000008c200000, 0x000000008c300000, 0x000000008c300000|100%| O|  |TAMS 0x000000008c300000| PB 0x000000008c300000| Untracked 
| 195|0x000000008c300000, 0x000000008c400000, 0x000000008c400000|100%| O|  |TAMS 0x000000008c400000| PB 0x000000008c400000| Untracked 
| 196|0x000000008c400000, 0x000000008c500000, 0x000000008c500000|100%| O|  |TAMS 0x000000008c500000| PB 0x000000008c500000| Untracked 
| 197|0x000000008c500000, 0x000000008c600000, 0x000000008c600000|100%| O|  |TAMS 0x000000008c600000| PB 0x000000008c600000| Untracked 
| 198|0x000000008c600000, 0x000000008c700000, 0x000000008c700000|100%| O|  |TAMS 0x000000008c700000| PB 0x000000008c700000| Untracked 
| 199|0x000000008c700000, 0x000000008c800000, 0x000000008c800000|100%| O|  |TAMS 0x000000008c800000| PB 0x000000008c800000| Updating 
| 200|0x000000008c800000, 0x000000008c900000, 0x000000008c900000|100%| O|  |TAMS 0x000000008c900000| PB 0x000000008c900000| Updating 
| 201|0x000000008c900000, 0x000000008ca00000, 0x000000008ca00000|100%| O|  |TAMS 0x000000008ca00000| PB 0x000000008ca00000| Updating 
| 202|0x000000008ca00000, 0x000000008cb00000, 0x000000008cb00000|100%| O|  |TAMS 0x000000008ca866f0| PB 0x000000008ca866f0| Updating 
| 203|0x000000008cb00000, 0x000000008cb00000, 0x000000008cc00000|  0%| F|  |TAMS 0x000000008cb00000| PB 0x000000008cb00000| Untracked 
| 204|0x000000008cc00000, 0x000000008cc00000, 0x000000008cd00000|  0%| F|  |TAMS 0x000000008cc00000| PB 0x000000008cc00000| Untracked 
| 205|0x000000008cd00000, 0x000000008cd00000, 0x000000008ce00000|  0%| F|  |TAMS 0x000000008cd00000| PB 0x000000008cd00000| Untracked 
| 206|0x000000008ce00000, 0x000000008ce00000, 0x000000008cf00000|  0%| F|  |TAMS 0x000000008ce00000| PB 0x000000008ce00000| Untracked 
| 207|0x000000008cf00000, 0x000000008cf00000, 0x000000008d000000|  0%| F|  |TAMS 0x000000008cf00000| PB 0x000000008cf00000| Untracked 
| 208|0x000000008d000000, 0x000000008d000000, 0x000000008d100000|  0%| F|  |TAMS 0x000000008d000000| PB 0x000000008d000000| Untracked 
| 209|0x000000008d100000, 0x000000008d100000, 0x000000008d200000|  0%| F|  |TAMS 0x000000008d100000| PB 0x000000008d100000| Untracked 
| 210|0x000000008d200000, 0x000000008d200000, 0x000000008d300000|  0%| F|  |TAMS 0x000000008d200000| PB 0x000000008d200000| Untracked 
| 211|0x000000008d300000, 0x000000008d300000, 0x000000008d400000|  0%| F|  |TAMS 0x000000008d300000| PB 0x000000008d300000| Untracked 
| 212|0x000000008d400000, 0x000000008d400000, 0x000000008d500000|  0%| F|  |TAMS 0x000000008d400000| PB 0x000000008d400000| Untracked 
| 213|0x000000008d500000, 0x000000008d600000, 0x000000008d600000|100%| S|CS|TAMS 0x000000008d500000| PB 0x000000008d500000| Complete 
| 214|0x000000008d600000, 0x000000008d700000, 0x000000008d700000|100%| S|CS|TAMS 0x000000008d600000| PB 0x000000008d600000| Complete 
| 215|0x000000008d700000, 0x000000008d800000, 0x000000008d800000|100%| S|CS|TAMS 0x000000008d700000| PB 0x000000008d700000| Complete 
| 216|0x000000008d800000, 0x000000008d900000, 0x000000008d900000|100%| S|CS|TAMS 0x000000008d800000| PB 0x000000008d800000| Complete 
| 217|0x000000008d900000, 0x000000008da00000, 0x000000008da00000|100%| S|CS|TAMS 0x000000008d900000| PB 0x000000008d900000| Complete 
| 218|0x000000008da00000, 0x000000008db00000, 0x000000008db00000|100%| S|CS|TAMS 0x000000008da00000| PB 0x000000008da00000| Complete 
| 219|0x000000008db00000, 0x000000008dc00000, 0x000000008dc00000|100%| S|CS|TAMS 0x000000008db00000| PB 0x000000008db00000| Complete 
| 220|0x000000008dc00000, 0x000000008dd00000, 0x000000008dd00000|100%| S|CS|TAMS 0x000000008dc00000| PB 0x000000008dc00000| Complete 
| 221|0x000000008dd00000, 0x000000008de00000, 0x000000008de00000|100%| S|CS|TAMS 0x000000008dd00000| PB 0x000000008dd00000| Complete 
| 222|0x000000008de00000, 0x000000008df00000, 0x000000008df00000|100%| S|CS|TAMS 0x000000008de00000| PB 0x000000008de00000| Complete 
| 223|0x000000008df00000, 0x000000008e000000, 0x000000008e000000|100%| S|CS|TAMS 0x000000008df00000| PB 0x000000008df00000| Complete 
| 224|0x000000008e000000, 0x000000008e100000, 0x000000008e100000|100%| S|CS|TAMS 0x000000008e000000| PB 0x000000008e000000| Complete 
| 225|0x000000008e100000, 0x000000008e200000, 0x000000008e200000|100%| S|CS|TAMS 0x000000008e100000| PB 0x000000008e100000| Complete 
| 226|0x000000008e200000, 0x000000008e200000, 0x000000008e300000|  0%| F|  |TAMS 0x000000008e200000| PB 0x000000008e200000| Untracked 
| 227|0x000000008e300000, 0x000000008e300000, 0x000000008e400000|  0%| F|  |TAMS 0x000000008e300000| PB 0x000000008e300000| Untracked 
| 228|0x000000008e400000, 0x000000008e400000, 0x000000008e500000|  0%| F|  |TAMS 0x000000008e400000| PB 0x000000008e400000| Untracked 
| 229|0x000000008e500000, 0x000000008e500000, 0x000000008e600000|  0%| F|  |TAMS 0x000000008e500000| PB 0x000000008e500000| Untracked 
| 230|0x000000008e600000, 0x000000008e600000, 0x000000008e700000|  0%| F|  |TAMS 0x000000008e600000| PB 0x000000008e600000| Untracked 
| 231|0x000000008e700000, 0x000000008e700000, 0x000000008e800000|  0%| F|  |TAMS 0x000000008e700000| PB 0x000000008e700000| Untracked 
| 232|0x000000008e800000, 0x000000008e800000, 0x000000008e900000|  0%| F|  |TAMS 0x000000008e800000| PB 0x000000008e800000| Untracked 
| 233|0x000000008e900000, 0x000000008e900000, 0x000000008ea00000|  0%| F|  |TAMS 0x000000008e900000| PB 0x000000008e900000| Untracked 
| 234|0x000000008ea00000, 0x000000008ea00000, 0x000000008eb00000|  0%| F|  |TAMS 0x000000008ea00000| PB 0x000000008ea00000| Untracked 
| 235|0x000000008eb00000, 0x000000008eb00000, 0x000000008ec00000|  0%| F|  |TAMS 0x000000008eb00000| PB 0x000000008eb00000| Untracked 
| 236|0x000000008ec00000, 0x000000008ec00000, 0x000000008ed00000|  0%| F|  |TAMS 0x000000008ec00000| PB 0x000000008ec00000| Untracked 
| 237|0x000000008ed00000, 0x000000008ed00000, 0x000000008ee00000|  0%| F|  |TAMS 0x000000008ed00000| PB 0x000000008ed00000| Untracked 
| 238|0x000000008ee00000, 0x000000008ee00000, 0x000000008ef00000|  0%| F|  |TAMS 0x000000008ee00000| PB 0x000000008ee00000| Untracked 
| 239|0x000000008ef00000, 0x000000008ef00000, 0x000000008f000000|  0%| F|  |TAMS 0x000000008ef00000| PB 0x000000008ef00000| Untracked 
| 240|0x000000008f000000, 0x000000008f000000, 0x000000008f100000|  0%| F|  |TAMS 0x000000008f000000| PB 0x000000008f000000| Untracked 
| 241|0x000000008f100000, 0x000000008f100000, 0x000000008f200000|  0%| F|  |TAMS 0x000000008f100000| PB 0x000000008f100000| Untracked 
| 242|0x000000008f200000, 0x000000008f200000, 0x000000008f300000|  0%| F|  |TAMS 0x000000008f200000| PB 0x000000008f200000| Untracked 
| 243|0x000000008f300000, 0x000000008f300000, 0x000000008f400000|  0%| F|  |TAMS 0x000000008f300000| PB 0x000000008f300000| Untracked 
| 244|0x000000008f400000, 0x000000008f400000, 0x000000008f500000|  0%| F|  |TAMS 0x000000008f400000| PB 0x000000008f400000| Untracked 
| 245|0x000000008f500000, 0x000000008f500000, 0x000000008f600000|  0%| F|  |TAMS 0x000000008f500000| PB 0x000000008f500000| Untracked 
| 246|0x000000008f600000, 0x000000008f600000, 0x000000008f700000|  0%| F|  |TAMS 0x000000008f600000| PB 0x000000008f600000| Untracked 
| 247|0x000000008f700000, 0x000000008f700000, 0x000000008f800000|  0%| F|  |TAMS 0x000000008f700000| PB 0x000000008f700000| Untracked 
| 248|0x000000008f800000, 0x000000008f800000, 0x000000008f900000|  0%| F|  |TAMS 0x000000008f800000| PB 0x000000008f800000| Untracked 
| 249|0x000000008f900000, 0x000000008f900000, 0x000000008fa00000|  0%| F|  |TAMS 0x000000008f900000| PB 0x000000008f900000| Untracked 
| 250|0x000000008fa00000, 0x000000008fa00000, 0x000000008fb00000|  0%| F|  |TAMS 0x000000008fa00000| PB 0x000000008fa00000| Untracked 
| 251|0x000000008fb00000, 0x000000008fb00000, 0x000000008fc00000|  0%| F|  |TAMS 0x000000008fb00000| PB 0x000000008fb00000| Untracked 
| 252|0x000000008fc00000, 0x000000008fc00000, 0x000000008fd00000|  0%| F|  |TAMS 0x000000008fc00000| PB 0x000000008fc00000| Untracked 
| 253|0x000000008fd00000, 0x000000008fd00000, 0x000000008fe00000|  0%| F|  |TAMS 0x000000008fd00000| PB 0x000000008fd00000| Untracked 
| 254|0x000000008fe00000, 0x000000008fe00000, 0x000000008ff00000|  0%| F|  |TAMS 0x000000008fe00000| PB 0x000000008fe00000| Untracked 
| 255|0x000000008ff00000, 0x000000008ff00000, 0x0000000090000000|  0%| F|  |TAMS 0x000000008ff00000| PB 0x000000008ff00000| Untracked 
| 256|0x0000000090000000, 0x0000000090000000, 0x0000000090100000|  0%| F|  |TAMS 0x0000000090000000| PB 0x0000000090000000| Untracked 
| 257|0x0000000090100000, 0x0000000090100000, 0x0000000090200000|  0%| F|  |TAMS 0x0000000090100000| PB 0x0000000090100000| Untracked 
| 258|0x0000000090200000, 0x0000000090200000, 0x0000000090300000|  0%| F|  |TAMS 0x0000000090200000| PB 0x0000000090200000| Untracked 
| 259|0x0000000090300000, 0x0000000090300000, 0x0000000090400000|  0%| F|  |TAMS 0x0000000090300000| PB 0x0000000090300000| Untracked 
| 260|0x0000000090400000, 0x0000000090400000, 0x0000000090500000|  0%| F|  |TAMS 0x0000000090400000| PB 0x0000000090400000| Untracked 
| 261|0x0000000090500000, 0x0000000090500000, 0x0000000090600000|  0%| F|  |TAMS 0x0000000090500000| PB 0x0000000090500000| Untracked 
| 262|0x0000000090600000, 0x0000000090600000, 0x0000000090700000|  0%| F|  |TAMS 0x0000000090600000| PB 0x0000000090600000| Untracked 
| 263|0x0000000090700000, 0x0000000090700000, 0x0000000090800000|  0%| F|  |TAMS 0x0000000090700000| PB 0x0000000090700000| Untracked 
| 264|0x0000000090800000, 0x0000000090800000, 0x0000000090900000|  0%| F|  |TAMS 0x0000000090800000| PB 0x0000000090800000| Untracked 
| 265|0x0000000090900000, 0x0000000090900000, 0x0000000090a00000|  0%| F|  |TAMS 0x0000000090900000| PB 0x0000000090900000| Untracked 
| 266|0x0000000090a00000, 0x0000000090a00000, 0x0000000090b00000|  0%| F|  |TAMS 0x0000000090a00000| PB 0x0000000090a00000| Untracked 
| 267|0x0000000090b00000, 0x0000000090b00000, 0x0000000090c00000|  0%| F|  |TAMS 0x0000000090b00000| PB 0x0000000090b00000| Untracked 
| 268|0x0000000090c00000, 0x0000000090c00000, 0x0000000090d00000|  0%| F|  |TAMS 0x0000000090c00000| PB 0x0000000090c00000| Untracked 
| 269|0x0000000090d00000, 0x0000000090d00000, 0x0000000090e00000|  0%| F|  |TAMS 0x0000000090d00000| PB 0x0000000090d00000| Untracked 
| 270|0x0000000090e00000, 0x0000000090e00000, 0x0000000090f00000|  0%| F|  |TAMS 0x0000000090e00000| PB 0x0000000090e00000| Untracked 
| 271|0x0000000090f00000, 0x0000000090f00000, 0x0000000091000000|  0%| F|  |TAMS 0x0000000090f00000| PB 0x0000000090f00000| Untracked 
| 272|0x0000000091000000, 0x0000000091000000, 0x0000000091100000|  0%| F|  |TAMS 0x0000000091000000| PB 0x0000000091000000| Untracked 
| 273|0x0000000091100000, 0x0000000091100000, 0x0000000091200000|  0%| F|  |TAMS 0x0000000091100000| PB 0x0000000091100000| Untracked 
| 274|0x0000000091200000, 0x0000000091200000, 0x0000000091300000|  0%| F|  |TAMS 0x0000000091200000| PB 0x0000000091200000| Untracked 
| 275|0x0000000091300000, 0x0000000091300000, 0x0000000091400000|  0%| F|  |TAMS 0x0000000091300000| PB 0x0000000091300000| Untracked 
| 276|0x0000000091400000, 0x0000000091400000, 0x0000000091500000|  0%| F|  |TAMS 0x0000000091400000| PB 0x0000000091400000| Untracked 
| 277|0x0000000091500000, 0x0000000091500000, 0x0000000091600000|  0%| F|  |TAMS 0x0000000091500000| PB 0x0000000091500000| Untracked 
| 278|0x0000000091600000, 0x0000000091600000, 0x0000000091700000|  0%| F|  |TAMS 0x0000000091600000| PB 0x0000000091600000| Untracked 
| 279|0x0000000091700000, 0x0000000091700000, 0x0000000091800000|  0%| F|  |TAMS 0x0000000091700000| PB 0x0000000091700000| Untracked 
| 280|0x0000000091800000, 0x0000000091800000, 0x0000000091900000|  0%| F|  |TAMS 0x0000000091800000| PB 0x0000000091800000| Untracked 
| 281|0x0000000091900000, 0x0000000091900000, 0x0000000091a00000|  0%| F|  |TAMS 0x0000000091900000| PB 0x0000000091900000| Untracked 
| 282|0x0000000091a00000, 0x0000000091a00000, 0x0000000091b00000|  0%| F|  |TAMS 0x0000000091a00000| PB 0x0000000091a00000| Untracked 
| 283|0x0000000091b00000, 0x0000000091b00000, 0x0000000091c00000|  0%| F|  |TAMS 0x0000000091b00000| PB 0x0000000091b00000| Untracked 
| 284|0x0000000091c00000, 0x0000000091c00000, 0x0000000091d00000|  0%| F|  |TAMS 0x0000000091c00000| PB 0x0000000091c00000| Untracked 
| 285|0x0000000091d00000, 0x0000000091d00000, 0x0000000091e00000|  0%| F|  |TAMS 0x0000000091d00000| PB 0x0000000091d00000| Untracked 
| 286|0x0000000091e00000, 0x0000000091e00000, 0x0000000091f00000|  0%| F|  |TAMS 0x0000000091e00000| PB 0x0000000091e00000| Untracked 
| 287|0x0000000091f00000, 0x0000000091f00000, 0x0000000092000000|  0%| F|  |TAMS 0x0000000091f00000| PB 0x0000000091f00000| Untracked 
| 288|0x0000000092000000, 0x0000000092000000, 0x0000000092100000|  0%| F|  |TAMS 0x0000000092000000| PB 0x0000000092000000| Untracked 
| 289|0x0000000092100000, 0x0000000092100000, 0x0000000092200000|  0%| F|  |TAMS 0x0000000092100000| PB 0x0000000092100000| Untracked 
| 290|0x0000000092200000, 0x00000000922471b8, 0x0000000092300000| 27%| E|  |TAMS 0x0000000092200000| PB 0x0000000092200000| Complete 
| 291|0x0000000092300000, 0x0000000092400000, 0x0000000092400000|100%| E|CS|TAMS 0x0000000092300000| PB 0x0000000092300000| Complete 
| 292|0x0000000092400000, 0x0000000092500000, 0x0000000092500000|100%| E|CS|TAMS 0x0000000092400000| PB 0x0000000092400000| Complete 
| 293|0x0000000092500000, 0x0000000092600000, 0x0000000092600000|100%| E|CS|TAMS 0x0000000092500000| PB 0x0000000092500000| Complete 
| 294|0x0000000092600000, 0x0000000092700000, 0x0000000092700000|100%| E|CS|TAMS 0x0000000092600000| PB 0x0000000092600000| Complete 
| 295|0x0000000092700000, 0x0000000092800000, 0x0000000092800000|100%| E|CS|TAMS 0x0000000092700000| PB 0x0000000092700000| Complete 
| 296|0x0000000092800000, 0x0000000092900000, 0x0000000092900000|100%| E|CS|TAMS 0x0000000092800000| PB 0x0000000092800000| Complete 
| 297|0x0000000092900000, 0x0000000092a00000, 0x0000000092a00000|100%| E|CS|TAMS 0x0000000092900000| PB 0x0000000092900000| Complete 
|2012|0x00000000fdc00000, 0x00000000fdd00000, 0x00000000fdd00000|100%| E|CS|TAMS 0x00000000fdc00000| PB 0x00000000fdc00000| Complete 
|2013|0x00000000fdd00000, 0x00000000fde00000, 0x00000000fde00000|100%| E|CS|TAMS 0x00000000fdd00000| PB 0x00000000fdd00000| Complete 
|2014|0x00000000fde00000, 0x00000000fdf00000, 0x00000000fdf00000|100%| E|CS|TAMS 0x00000000fde00000| PB 0x00000000fde00000| Complete 
|2015|0x00000000fdf00000, 0x00000000fe000000, 0x00000000fe000000|100%| E|CS|TAMS 0x00000000fdf00000| PB 0x00000000fdf00000| Complete 
|2016|0x00000000fe000000, 0x00000000fe100000, 0x00000000fe100000|100%| E|CS|TAMS 0x00000000fe000000| PB 0x00000000fe000000| Complete 
|2017|0x00000000fe100000, 0x00000000fe200000, 0x00000000fe200000|100%| E|CS|TAMS 0x00000000fe100000| PB 0x00000000fe100000| Complete 
|2018|0x00000000fe200000, 0x00000000fe300000, 0x00000000fe300000|100%| E|CS|TAMS 0x00000000fe200000| PB 0x00000000fe200000| Complete 
|2019|0x00000000fe300000, 0x00000000fe400000, 0x00000000fe400000|100%| E|CS|TAMS 0x00000000fe300000| PB 0x00000000fe300000| Complete 
|2020|0x00000000fe400000, 0x00000000fe500000, 0x00000000fe500000|100%| E|CS|TAMS 0x00000000fe400000| PB 0x00000000fe400000| Complete 
|2021|0x00000000fe500000, 0x00000000fe600000, 0x00000000fe600000|100%| E|CS|TAMS 0x00000000fe500000| PB 0x00000000fe500000| Complete 
|2022|0x00000000fe600000, 0x00000000fe700000, 0x00000000fe700000|100%| E|CS|TAMS 0x00000000fe600000| PB 0x00000000fe600000| Complete 
|2023|0x00000000fe700000, 0x00000000fe800000, 0x00000000fe800000|100%| E|CS|TAMS 0x00000000fe700000| PB 0x00000000fe700000| Complete 
|2024|0x00000000fe800000, 0x00000000fe900000, 0x00000000fe900000|100%| E|CS|TAMS 0x00000000fe800000| PB 0x00000000fe800000| Complete 
|2025|0x00000000fe900000, 0x00000000fea00000, 0x00000000fea00000|100%| E|CS|TAMS 0x00000000fe900000| PB 0x00000000fe900000| Complete 
|2026|0x00000000fea00000, 0x00000000feb00000, 0x00000000feb00000|100%| E|CS|TAMS 0x00000000fea00000| PB 0x00000000fea00000| Complete 
|2027|0x00000000feb00000, 0x00000000fec00000, 0x00000000fec00000|100%| E|CS|TAMS 0x00000000feb00000| PB 0x00000000feb00000| Complete 
|2028|0x00000000fec00000, 0x00000000fed00000, 0x00000000fed00000|100%| E|CS|TAMS 0x00000000fec00000| PB 0x00000000fec00000| Complete 
|2029|0x00000000fed00000, 0x00000000fee00000, 0x00000000fee00000|100%| E|CS|TAMS 0x00000000fed00000| PB 0x00000000fed00000| Complete 
|2030|0x00000000fee00000, 0x00000000fef00000, 0x00000000fef00000|100%| E|CS|TAMS 0x00000000fee00000| PB 0x00000000fee00000| Complete 
|2031|0x00000000fef00000, 0x00000000ff000000, 0x00000000ff000000|100%| E|CS|TAMS 0x00000000fef00000| PB 0x00000000fef00000| Complete 
|2032|0x00000000ff000000, 0x00000000ff100000, 0x00000000ff100000|100%| E|CS|TAMS 0x00000000ff000000| PB 0x00000000ff000000| Complete 
|2033|0x00000000ff100000, 0x00000000ff200000, 0x00000000ff200000|100%| E|CS|TAMS 0x00000000ff100000| PB 0x00000000ff100000| Complete 
|2034|0x00000000ff200000, 0x00000000ff300000, 0x00000000ff300000|100%| E|CS|TAMS 0x00000000ff200000| PB 0x00000000ff200000| Complete 
|2035|0x00000000ff300000, 0x00000000ff400000, 0x00000000ff400000|100%| E|CS|TAMS 0x00000000ff300000| PB 0x00000000ff300000| Complete 
|2036|0x00000000ff400000, 0x00000000ff500000, 0x00000000ff500000|100%| E|CS|TAMS 0x00000000ff400000| PB 0x00000000ff400000| Complete 
|2037|0x00000000ff500000, 0x00000000ff600000, 0x00000000ff600000|100%| O|  |TAMS 0x00000000ff600000| PB 0x00000000ff600000| Updating 
|2038|0x00000000ff600000, 0x00000000ff700000, 0x00000000ff700000|100%| O|  |TAMS 0x00000000ff700000| PB 0x00000000ff700000| Updating 
|2039|0x00000000ff700000, 0x00000000ff800000, 0x00000000ff800000|100%| E|CS|TAMS 0x00000000ff700000| PB 0x00000000ff700000| Complete 
|2040|0x00000000ff800000, 0x00000000ff900000, 0x00000000ff900000|100%| O|  |TAMS 0x00000000ff900000| PB 0x00000000ff900000| Updating 
|2041|0x00000000ff900000, 0x00000000ffa00000, 0x00000000ffa00000|100%| O|  |TAMS 0x00000000ffa00000| PB 0x00000000ffa00000| Untracked 
|2042|0x00000000ffa00000, 0x00000000ffb00000, 0x00000000ffb00000|100%| O|  |TAMS 0x00000000ffb00000| PB 0x00000000ffb00000| Updating 
|2043|0x00000000ffb00000, 0x00000000ffc00000, 0x00000000ffc00000|100%| O|  |TAMS 0x00000000ffc00000| PB 0x00000000ffc00000| Untracked 
|2044|0x00000000ffc00000, 0x00000000ffd00000, 0x00000000ffd00000|100%| O|  |TAMS 0x00000000ffd00000| PB 0x00000000ffd00000| Untracked 
|2045|0x00000000ffd00000, 0x00000000ffe00000, 0x00000000ffe00000|100%| O|  |TAMS 0x00000000ffe00000| PB 0x00000000ffe00000| Updating 
|2046|0x00000000ffe00000, 0x00000000fff00000, 0x00000000fff00000|100%| E|  |TAMS 0x00000000ffe00000| PB 0x00000000ffe00000| Complete 
|2047|0x00000000fff00000, 0x0000000100000000, 0x0000000100000000|100%| O|  |TAMS 0x0000000100000000| PB 0x0000000100000000| Untracked 

Card table byte_map: [0x000001fa77f80000,0x000001fa78380000] _byte_map_base: 0x000001fa77b80000

Marking Bits: (CMBitMap*) 0x000001fa62dde5d0
 Bits: [0x000001fa78380000, 0x000001fa7a380000)

Polling page: 0x000001fa62fb0000

Metaspace:

Usage:
  Non-class:    123.99 MB used.
      Class:     19.50 MB used.
       Both:    143.48 MB used.

Virtual space:
  Non-class space:      128.00 MB reserved,     125.12 MB ( 98%) committed,  2 nodes.
      Class space:        1.00 GB reserved,      20.56 MB (  2%) committed,  1 nodes.
             Both:        1.12 GB reserved,     145.69 MB ( 13%) committed. 

Chunk freelists:
   Non-Class:  1.98 MB
       Class:  11.44 MB
        Both:  13.41 MB

MaxMetaspaceSize: unlimited
CompressedClassSpaceSize: 1.00 GB
Initial GC threshold: 21.00 MB
Current GC threshold: 241.06 MB
CDS: off
 - commit_granule_bytes: 65536.
 - commit_granule_words: 8192.
 - virtual_space_node_default_size: 8388608.
 - enlarge_chunks_in_place: 1.
 - use_allocation_guard: 0.


Internal statistics:

num_allocs_failed_limit: 12.
num_arena_births: 4448.
num_arena_deaths: 8.
num_vsnodes_births: 3.
num_vsnodes_deaths: 0.
num_space_committed: 2331.
num_space_uncommitted: 0.
num_chunks_returned_to_freelist: 24.
num_chunks_taken_from_freelist: 10521.
num_chunk_merges: 7.
num_chunk_splits: 6934.
num_chunks_enlarged: 4439.
num_inconsistent_stats: 0.

CodeHeap 'non-profiled nmethods': size=119168Kb used=11974Kb max_used=15474Kb free=107193Kb
 bounds [0x000001fa6fea0000, 0x000001fa70dc0000, 0x000001fa77300000]
CodeHeap 'profiled nmethods': size=119104Kb used=25867Kb max_used=35710Kb free=93237Kb
 bounds [0x000001fa68300000, 0x000001fa6a5e0000, 0x000001fa6f750000]
CodeHeap 'non-nmethods': size=7488Kb used=4519Kb max_used=4559Kb free=2968Kb
 bounds [0x000001fa6f750000, 0x000001fa6fbe0000, 0x000001fa6fea0000]
CodeCache: size=245760Kb, used=42360Kb, max_used=55743Kb, free=203398Kb
 total_blobs=14341, nmethods=13261, adapters=978, full_count=0
Compilation: enabled, stopped_count=0, restarted_count=0

Compilation events (20 events):
Event: 504.247 Thread 0x000001fa7d5700b0 22965       1       org.jetbrains.kotlin.gradle.plugin.SubpluginOption::getKey (5 bytes)
Event: 504.247 Thread 0x000001fa7d5700b0 nmethod 22965 0x000001fa70db8290 code [0x000001fa70db8420, 0x000001fa70db84e8]
Event: 504.270 Thread 0x000001fa7e571780 22966       3       org.gradle.api.internal.collections.ListElementSource::iterator (9 bytes)
Event: 504.270 Thread 0x000001fa7e5754d0 22967       3       org.gradle.api.internal.collections.ListElementSource::listIterator (16 bytes)
Event: 504.270 Thread 0x000001fa7d5700b0 22968       3       org.gradle.api.internal.collections.ListElementSource$RealizedElementListIterator::<init> (23 bytes)
Event: 504.271 Thread 0x000001fa7e571780 nmethod 22966 0x000001fa6a5dea90 code [0x000001fa6a5dec40, 0x000001fa6a5dee50]
Event: 504.271 Thread 0x000001fa7d5700b0 nmethod 22968 0x000001fa6a5def10 code [0x000001fa6a5df0c0, 0x000001fa6a5df278]
Event: 504.271 Thread 0x000001fa7e5754d0 nmethod 22967 0x000001fa6a5df310 code [0x000001fa6a5df4c0, 0x000001fa6a5df7d0]
Event: 504.275 Thread 0x000001fa7e577db0 22969       1       org.gradle.api.internal.artifacts.ivyservice.resolveengine.artifact.ParallelResolveArtifactSet$VisitingSet::access$100 (5 bytes)
Event: 504.276 Thread 0x000001fa7e577db0 nmethod 22969 0x000001fa70db8590 code [0x000001fa70db8720, 0x000001fa70db87d0]
Event: 504.276 Thread 0x000001fa7e578480 nmethod 22834 0x000001fa70db8890 code [0x000001fa70db8b40, 0x000001fa70dba420]
Event: 504.276 Thread 0x000001fa7e578480 22846   !   4       java.lang.Object::wait (50 bytes)
Event: 504.279 Thread 0x000001fa7e578480 nmethod 22846 0x000001fa70dbb010 code [0x000001fa70dbb1e0, 0x000001fa70dbb398]
Event: 504.279 Thread 0x000001fa7e578480 22962       4       sun.nio.fs.WindowsPath::resolve (6 bytes)
Event: 504.280 Thread 0x000001fa7e578480 nmethod 22962 0x000001fa70dbb610 code [0x000001fa70dbb7a0, 0x000001fa70dbb850]
Event: 504.280 Thread 0x000001fa7e578480 22963       4       sun.nio.fs.WindowsPath::resolve (393 bytes)
Event: 504.288 Thread 0x000001fa7e578480 nmethod 22963 0x000001fa70dbb910 code [0x000001fa70dbbb20, 0x000001fa70dbc2d8]
Event: 504.289 Thread 0x000001fa7e578480 22929       4       org.gradle.internal.operations.BuildOperationState::getId (8 bytes)
Event: 504.290 Thread 0x000001fa7e578480 nmethod 22929 0x000001fa70dbc790 code [0x000001fa70dbc920, 0x000001fa70dbc9c8]
Event: 504.298 Thread 0x000001fa7e578480 22970       4       org.gradle.api.internal.artifacts.transform.AbstractTransformedArtifactSet$CalculateArtifacts::calculateValue (6 bytes)

GC Heap History (20 events):
Event: 51.638 GC heap before
{Heap before GC invocations=52 (full 0):
 garbage-first heap   total 287744K, used 212856K [0x0000000080000000, 0x0000000100000000)
  region size 1024K, 33 young (33792K), 12 survivors (12288K)
 Metaspace       used 122882K, committed 125120K, reserved 1179648K
  class space    used 17265K, committed 18368K, reserved 1048576K
}
Event: 51.647 GC heap after
{Heap after GC invocations=53 (full 0):
 garbage-first heap   total 287744K, used 192997K [0x0000000080000000, 0x0000000100000000)
  region size 1024K, 2 young (2048K), 2 survivors (2048K)
 Metaspace       used 122882K, committed 125120K, reserved 1179648K
  class space    used 17265K, committed 18368K, reserved 1048576K
}
Event: 52.535 GC heap before
{Heap before GC invocations=54 (full 0):
 garbage-first heap   total 324608K, used 260581K [0x0000000080000000, 0x0000000100000000)
  region size 1024K, 58 young (59392K), 2 survivors (2048K)
 Metaspace       used 130833K, committed 133120K, reserved 1179648K
  class space    used 18209K, committed 19328K, reserved 1048576K
}
Event: 52.542 GC heap after
{Heap after GC invocations=55 (full 0):
 garbage-first heap   total 324608K, used 198618K [0x0000000080000000, 0x0000000100000000)
  region size 1024K, 7 young (7168K), 7 survivors (7168K)
 Metaspace       used 130833K, committed 133120K, reserved 1179648K
  class space    used 18209K, committed 19328K, reserved 1048576K
}
Event: 53.252 GC heap before
{Heap before GC invocations=55 (full 0):
 garbage-first heap   total 324608K, used 280538K [0x0000000080000000, 0x0000000100000000)
  region size 1024K, 81 young (82944K), 7 survivors (7168K)
 Metaspace       used 132203K, committed 134464K, reserved 1179648K
  class space    used 18337K, committed 19456K, reserved 1048576K
}
Event: 53.263 GC heap after
{Heap after GC invocations=56 (full 0):
 garbage-first heap   total 324608K, used 220746K [0x0000000080000000, 0x0000000100000000)
  region size 1024K, 11 young (11264K), 11 survivors (11264K)
 Metaspace       used 132203K, committed 134464K, reserved 1179648K
  class space    used 18337K, committed 19456K, reserved 1048576K
}
Event: 54.198 GC heap before
{Heap before GC invocations=56 (full 0):
 garbage-first heap   total 324608K, used 238154K [0x0000000080000000, 0x0000000100000000)
  region size 1024K, 30 young (30720K), 11 survivors (11264K)
 Metaspace       used 133167K, committed 135488K, reserved 1179648K
  class space    used 18400K, committed 19520K, reserved 1048576K
}
Event: 54.207 GC heap after
{Heap after GC invocations=57 (full 0):
 garbage-first heap   total 324608K, used 224978K [0x0000000080000000, 0x0000000100000000)
  region size 1024K, 4 young (4096K), 4 survivors (4096K)
 Metaspace       used 133167K, committed 135488K, reserved 1179648K
  class space    used 18400K, committed 19520K, reserved 1048576K
}
Event: 55.262 GC heap before
{Heap before GC invocations=58 (full 0):
 garbage-first heap   total 337920K, used 267986K [0x0000000080000000, 0x0000000100000000)
  region size 1024K, 65 young (66560K), 4 survivors (4096K)
 Metaspace       used 142983K, committed 145280K, reserved 1179648K
  class space    used 19566K, committed 20672K, reserved 1048576K
}
Event: 55.270 GC heap after
{Heap after GC invocations=59 (full 0):
 garbage-first heap   total 337920K, used 209216K [0x0000000080000000, 0x0000000100000000)
  region size 1024K, 9 young (9216K), 9 survivors (9216K)
 Metaspace       used 142983K, committed 145280K, reserved 1179648K
  class space    used 19566K, committed 20672K, reserved 1048576K
}
Event: 73.485 GC heap before
{Heap before GC invocations=59 (full 0):
 garbage-first heap   total 337920K, used 292160K [0x0000000080000000, 0x0000000100000000)
  region size 1024K, 90 young (92160K), 9 survivors (9216K)
 Metaspace       used 144125K, committed 146432K, reserved 1179648K
  class space    used 19692K, committed 20800K, reserved 1048576K
}
Event: 73.500 GC heap after
{Heap after GC invocations=60 (full 0):
 garbage-first heap   total 337920K, used 199826K [0x0000000080000000, 0x0000000100000000)
  region size 1024K, 3 young (3072K), 3 survivors (3072K)
 Metaspace       used 144125K, committed 146432K, reserved 1179648K
  class space    used 19692K, committed 20800K, reserved 1048576K
}
Event: 202.479 GC heap before
{Heap before GC invocations=60 (full 0):
 garbage-first heap   total 337920K, used 294034K [0x0000000080000000, 0x0000000100000000)
  region size 1024K, 96 young (98304K), 3 survivors (3072K)
 Metaspace       used 145747K, committed 148096K, reserved 1179648K
  class space    used 19920K, committed 21056K, reserved 1048576K
}
Event: 202.504 GC heap after
{Heap after GC invocations=61 (full 0):
 garbage-first heap   total 337920K, used 204007K [0x0000000080000000, 0x0000000100000000)
  region size 1024K, 7 young (7168K), 7 survivors (7168K)
 Metaspace       used 145747K, committed 148096K, reserved 1179648K
  class space    used 19920K, committed 21056K, reserved 1048576K
}
Event: 204.299 GC heap before
{Heap before GC invocations=62 (full 0):
 garbage-first heap   total 342016K, used 303335K [0x0000000080000000, 0x0000000100000000)
  region size 1024K, 104 young (106496K), 7 survivors (7168K)
 Metaspace       used 146194K, committed 148544K, reserved 1179648K
  class space    used 19924K, committed 21056K, reserved 1048576K
}
Event: 204.320 GC heap after
{Heap after GC invocations=63 (full 0):
 garbage-first heap   total 342016K, used 215332K [0x0000000080000000, 0x0000000100000000)
  region size 1024K, 13 young (13312K), 13 survivors (13312K)
 Metaspace       used 146194K, committed 148544K, reserved 1179648K
  class space    used 19924K, committed 21056K, reserved 1048576K
}
Event: 500.748 GC heap before
{Heap before GC invocations=63 (full 0):
 garbage-first heap   total 342016K, used 306468K [0x0000000080000000, 0x0000000100000000)
  region size 1024K, 103 young (105472K), 13 survivors (13312K)
 Metaspace       used 146543K, committed 148800K, reserved 1179648K
  class space    used 19958K, committed 21056K, reserved 1048576K
}
Event: 500.817 GC heap after
{Heap after GC invocations=64 (full 0):
 garbage-first heap   total 342016K, used 213379K [0x0000000080000000, 0x0000000100000000)
  region size 1024K, 4 young (4096K), 4 survivors (4096K)
 Metaspace       used 146543K, committed 148800K, reserved 1179648K
  class space    used 19958K, committed 21056K, reserved 1048576K
}
Event: 503.946 GC heap before
{Heap before GC invocations=64 (full 0):
 garbage-first heap   total 342016K, used 309635K [0x0000000080000000, 0x0000000100000000)
  region size 1024K, 99 young (101376K), 4 survivors (4096K)
 Metaspace       used 146890K, committed 149120K, reserved 1179648K
  class space    used 19964K, committed 21056K, reserved 1048576K
}
Event: 503.980 GC heap after
{Heap after GC invocations=65 (full 0):
 garbage-first heap   total 342016K, used 224921K [0x0000000080000000, 0x0000000100000000)
  region size 1024K, 13 young (13312K), 13 survivors (13312K)
 Metaspace       used 146890K, committed 149120K, reserved 1179648K
  class space    used 19964K, committed 21056K, reserved 1048576K
}

Dll operation events (3 events):
Event: 0.025 Loaded shared library E:\Programming\Android Studio Installation\jbr\bin\java.dll
Event: 0.030 Loaded shared library E:\Programming\Android Studio Installation\jbr\bin\zip.dll
Event: 0.518 Loaded shared library E:\Programming\Android Studio Installation\jbr\bin\verify.dll

Deoptimization events (20 events):
Event: 501.086 Thread 0x000001fa0aaef380 DEOPT PACKING pc=0x000001fa70668304 sp=0x000000269e9f8ff0
Event: 501.087 Thread 0x000001fa0aaef380 DEOPT UNPACKING pc=0x000001fa6f7a43a2 sp=0x000000269e9f8dd8 mode 2
Event: 501.087 Thread 0x000001fa0aaef380 Uncommon trap: trap_request=0xffffff45 fr.pc=0x000001fa7065a024 relative=0x0000000000000844
Event: 501.087 Thread 0x000001fa0aaef380 Uncommon trap: reason=unstable_if action=reinterpret pc=0x000001fa7065a024 method=com.google.common.collect.MapMakerInternalMap$Segment.getEntry(Ljava/lang/Object;I)Lcom/google/common/collect/MapMakerInternalMap$InternalEntry; @ 40 c2
Event: 501.087 Thread 0x000001fa0aaef380 DEOPT PACKING pc=0x000001fa7065a024 sp=0x000000269e9f8f40
Event: 501.087 Thread 0x000001fa0aaef380 DEOPT UNPACKING pc=0x000001fa6f7a43a2 sp=0x000000269e9f8df8 mode 2
Event: 501.412 Thread 0x000001fa0aaf4f60 Uncommon trap: trap_request=0xffffff45 fr.pc=0x000001fa7073bb14 relative=0x00000000000010d4
Event: 501.412 Thread 0x000001fa0aaf4f60 Uncommon trap: reason=unstable_if action=reinterpret pc=0x000001fa7073bb14 method=java.util.concurrent.ConcurrentHashMap.putVal(Ljava/lang/Object;Ljava/lang/Object;Z)Ljava/lang/Object; @ 197 c2
Event: 501.412 Thread 0x000001fa0aaf4f60 DEOPT PACKING pc=0x000001fa7073bb14 sp=0x00000026a14fec40
Event: 501.412 Thread 0x000001fa0aaf4f60 DEOPT UNPACKING pc=0x000001fa6f7a43a2 sp=0x00000026a14febc0 mode 2
Event: 502.062 Thread 0x000001fa0aaef380 Uncommon trap: trap_request=0xffffffc6 fr.pc=0x000001fa703f7c8c relative=0x000000000000040c
Event: 502.063 Thread 0x000001fa0aaef380 Uncommon trap: reason=bimorphic_or_optimized_type_check action=maybe_recompile pc=0x000001fa703f7c8c method=org.codehaus.groovy.util.SingleKeyHashMap.get(Ljava/lang/Object;)Ljava/lang/Object; @ 1 c2
Event: 502.063 Thread 0x000001fa0aaef380 DEOPT PACKING pc=0x000001fa703f7c8c sp=0x000000269e9f7650
Event: 502.063 Thread 0x000001fa0aaef380 DEOPT UNPACKING pc=0x000001fa6f7a43a2 sp=0x000000269e9f75f0 mode 2
Event: 502.663 Thread 0x000001fa0aaef380 DEOPT PACKING pc=0x000001fa69588581 sp=0x000000269e9f9340
Event: 502.664 Thread 0x000001fa0aaef380 DEOPT UNPACKING pc=0x000001fa6f7a4b42 sp=0x000000269e9f87e8 mode 0
Event: 503.794 Thread 0x000001fa0c0b4660 Uncommon trap: trap_request=0xffffffbe fr.pc=0x000001fa70d8f41c relative=0x00000000000009bc
Event: 503.794 Thread 0x000001fa0c0b4660 Uncommon trap: reason=profile_predicate action=maybe_recompile pc=0x000001fa70d8f41c method=org.gradle.api.internal.artifacts.ivyservice.ivyresolve.strategy.StaticVersionComparator.compare(Lorg/gradle/api/internal/artifacts/ivyservice/ivyresolve/strategy/
Event: 503.794 Thread 0x000001fa0c0b4660 DEOPT PACKING pc=0x000001fa70d8f41c sp=0x00000026a2cfa9f0
Event: 503.794 Thread 0x000001fa0c0b4660 DEOPT UNPACKING pc=0x000001fa6f7a43a2 sp=0x00000026a2cfa938 mode 2

Classes loaded (20 events):
Event: 201.445 Loading class jdk/internal/math/FormattedFPDecimal
Event: 201.446 Loading class jdk/internal/math/FormattedFPDecimal done
Event: 236.207 Loading class java/lang/StackStreamFactory
Event: 236.208 Loading class java/lang/StackStreamFactory done
Event: 236.208 Loading class java/lang/StackWalker$ExtendedOption
Event: 236.208 Loading class java/lang/StackWalker$ExtendedOption done
Event: 236.208 Loading class java/lang/StackStreamFactory$StackFrameTraverser
Event: 236.209 Loading class java/lang/StackStreamFactory$StackFrameTraverser done
Event: 236.209 Loading class java/lang/StackStreamFactory$WalkerState
Event: 236.209 Loading class java/lang/StackStreamFactory$WalkerState done
Event: 236.209 Loading class java/lang/StackStreamFactory$StackFrameTraverser$StackFrameBuffer
Event: 236.209 Loading class java/lang/StackStreamFactory$FrameBuffer
Event: 236.210 Loading class java/lang/StackStreamFactory$FrameBuffer done
Event: 236.210 Loading class java/lang/StackStreamFactory$StackFrameTraverser$StackFrameBuffer done
Event: 236.210 Loading class java/util/stream/SliceOps
Event: 236.212 Loading class java/util/stream/SliceOps done
Event: 236.212 Loading class java/util/stream/SliceOps$1
Event: 236.213 Loading class java/util/stream/SliceOps$1 done
Event: 236.219 Loading class java/util/stream/SliceOps$1$1
Event: 236.219 Loading class java/util/stream/SliceOps$1$1 done

Classes unloaded (4 events):
Event: 11.251 Thread 0x000001fa7d34de60 Unloading class 0x00000001007d1000 'java/lang/invoke/LambdaForm$DMH+0x00000001007d1000'
Event: 11.251 Thread 0x000001fa7d34de60 Unloading class 0x00000001007d0c00 'java/lang/invoke/LambdaForm$DMH+0x00000001007d0c00'
Event: 11.251 Thread 0x000001fa7d34de60 Unloading class 0x00000001007d0000 'java/lang/invoke/LambdaForm$DMH+0x00000001007d0000'
Event: 21.915 Thread 0x000001fa7d34de60 Unloading class 0x000000010111d000 'java/lang/invoke/LambdaForm$DMH+0x000000010111d000'

Classes redefined (0 events):
No events

Internal exceptions (20 events):
Event: 504.204 Thread 0x000001fa0c0b4660 Exception <a 'sun/nio/fs/WindowsException'{0x00000000fdcc79a8}> (0x00000000fdcc79a8) 
thrown [s\src\hotspot\share\prims\jni.cpp, line 537]
Event: 504.206 Thread 0x000001fa0c0b4660 Exception <a 'sun/nio/fs/WindowsException'{0x00000000fdcdf250}> (0x00000000fdcdf250) 
thrown [s\src\hotspot\share\prims\jni.cpp, line 537]
Event: 504.208 Thread 0x000001fa0c0b4660 Exception <a 'sun/nio/fs/WindowsException'{0x00000000fdcf3bc0}> (0x00000000fdcf3bc0) 
thrown [s\src\hotspot\share\prims\jni.cpp, line 537]
Event: 504.209 Thread 0x000001fa0c0b4660 Exception <a 'sun/nio/fs/WindowsException'{0x00000000fdcff538}> (0x00000000fdcff538) 
thrown [s\src\hotspot\share\prims\jni.cpp, line 537]
Event: 504.210 Thread 0x000001fa0c0b4660 Exception <a 'sun/nio/fs/WindowsException'{0x000000009290cfb8}> (0x000000009290cfb8) 
thrown [s\src\hotspot\share\prims\jni.cpp, line 537]
Event: 504.211 Thread 0x000001fa0c0b4660 Exception <a 'sun/nio/fs/WindowsException'{0x0000000092916e68}> (0x0000000092916e68) 
thrown [s\src\hotspot\share\prims\jni.cpp, line 537]
Event: 504.213 Thread 0x000001fa0c0b4660 Exception <a 'sun/nio/fs/WindowsException'{0x0000000092920820}> (0x0000000092920820) 
thrown [s\src\hotspot\share\prims\jni.cpp, line 537]
Event: 504.214 Thread 0x000001fa0c0b4660 Exception <a 'sun/nio/fs/WindowsException'{0x000000009292ae40}> (0x000000009292ae40) 
thrown [s\src\hotspot\share\prims\jni.cpp, line 537]
Event: 504.215 Thread 0x000001fa0c0b4660 Exception <a 'sun/nio/fs/WindowsException'{0x00000000929363c8}> (0x00000000929363c8) 
thrown [s\src\hotspot\share\prims\jni.cpp, line 537]
Event: 504.217 Thread 0x000001fa0c0b4660 Exception <a 'sun/nio/fs/WindowsException'{0x0000000092951088}> (0x0000000092951088) 
thrown [s\src\hotspot\share\prims\jni.cpp, line 537]
Event: 504.218 Thread 0x000001fa0c0b4660 Exception <a 'sun/nio/fs/WindowsException'{0x000000009295ea68}> (0x000000009295ea68) 
thrown [s\src\hotspot\share\prims\jni.cpp, line 537]
Event: 504.220 Thread 0x000001fa0c0b4660 Exception <a 'sun/nio/fs/WindowsException'{0x0000000092971738}> (0x0000000092971738) 
thrown [s\src\hotspot\share\prims\jni.cpp, line 537]
Event: 504.221 Thread 0x000001fa0c0b4660 Exception <a 'sun/nio/fs/WindowsException'{0x000000009297b4f8}> (0x000000009297b4f8) 
thrown [s\src\hotspot\share\prims\jni.cpp, line 537]
Event: 504.223 Thread 0x000001fa0c0b4660 Exception <a 'sun/nio/fs/WindowsException'{0x00000000929984d0}> (0x00000000929984d0) 
thrown [s\src\hotspot\share\prims\jni.cpp, line 537]
Event: 504.225 Thread 0x000001fa0c0b4660 Exception <a 'sun/nio/fs/WindowsException'{0x00000000929a7500}> (0x00000000929a7500) 
thrown [s\src\hotspot\share\prims\jni.cpp, line 537]
Event: 504.226 Thread 0x000001fa0c0b4660 Exception <a 'sun/nio/fs/WindowsException'{0x00000000929b6058}> (0x00000000929b6058) 
thrown [s\src\hotspot\share\prims\jni.cpp, line 537]
Event: 504.245 Thread 0x000001fa0c0b4660 Exception <a 'sun/nio/fs/WindowsException'{0x00000000929f6b50}> (0x00000000929f6b50) 
thrown [s\src\hotspot\share\prims\jni.cpp, line 537]
Event: 504.246 Thread 0x000001fa0c0b4660 Exception <a 'sun/nio/fs/WindowsException'{0x00000000929f8998}> (0x00000000929f8998) 
thrown [s\src\hotspot\share\prims\jni.cpp, line 537]
Event: 504.306 Thread 0x000001fa0c0b4660 Exception <a 'sun/nio/fs/WindowsException'{0x0000000092218f58}> (0x0000000092218f58) 
thrown [s\src\hotspot\share\prims\jni.cpp, line 537]
Event: 504.307 Thread 0x000001fa0c0b4660 Exception <a 'sun/nio/fs/WindowsException'{0x0000000092228198}> (0x0000000092228198) 
thrown [s\src\hotspot\share\prims\jni.cpp, line 537]

ZGC Phase Switch (0 events):
No events

VM Operations (20 events):
Event: 342.307 Executing VM operation: Cleanup done
Event: 345.308 Executing VM operation: Cleanup
Event: 345.313 Executing VM operation: Cleanup done
Event: 345.323 Executing VM operation: HandshakeAllThreads (Deoptimize)
Event: 345.323 Executing VM operation: HandshakeAllThreads (Deoptimize) done
Event: 346.324 Executing VM operation: Cleanup
Event: 346.324 Executing VM operation: Cleanup done
Event: 378.483 Executing VM operation: Cleanup
Event: 378.483 Executing VM operation: Cleanup done
Event: 413.757 Executing VM operation: Cleanup
Event: 413.757 Executing VM operation: Cleanup done
Event: 500.747 Executing VM operation: G1CollectForAllocation (G1 Evacuation Pause)
Event: 500.817 Executing VM operation: G1CollectForAllocation (G1 Evacuation Pause) done
Event: 502.366 Executing VM operation: ICBufferFull
Event: 502.367 Executing VM operation: ICBufferFull done
Event: 502.916 Executing VM operation: ICBufferFull
Event: 502.917 Executing VM operation: ICBufferFull done
Event: 503.946 Executing VM operation: G1CollectForAllocation (G1 Evacuation Pause)
Event: 503.980 Executing VM operation: G1CollectForAllocation (G1 Evacuation Pause) done
Event: 504.308 Executing VM operation: G1PauseRemark

Memory protections (0 events):
No events

Nmethod flushes (20 events):
Event: 504.909 Thread 0x000001fa7d34de60 flushing  nmethod 0x000001fa69cf9f10
Event: 504.909 Thread 0x000001fa7d34de60 flushing  nmethod 0x000001fa69cfa890
Event: 504.909 Thread 0x000001fa7d34de60 flushing  nmethod 0x000001fa69cfc210
Event: 504.909 Thread 0x000001fa7d34de60 flushing  nmethod 0x000001fa69cfcd10
Event: 504.909 Thread 0x000001fa7d34de60 flushing  nmethod 0x000001fa69cfd790
Event: 504.909 Thread 0x000001fa7d34de60 flushing  nmethod 0x000001fa69cfe410
Event: 504.909 Thread 0x000001fa7d34de60 flushing  nmethod 0x000001fa69d2f410
Event: 504.909 Thread 0x000001fa7d34de60 flushing osr nmethod 0x000001fa69d34b90
Event: 504.909 Thread 0x000001fa7d34de60 flushing osr nmethod 0x000001fa69d43c90
Event: 504.909 Thread 0x000001fa7d34de60 flushing osr nmethod 0x000001fa69d52c90
Event: 504.909 Thread 0x000001fa7d34de60 flushing  nmethod 0x000001fa69d61b10
Event: 504.909 Thread 0x000001fa7d34de60 flushing  nmethod 0x000001fa69e9c390
Event: 504.909 Thread 0x000001fa7d34de60 flushing  nmethod 0x000001fa6a13b790
Event: 504.909 Thread 0x000001fa7d34de60 flushing  nmethod 0x000001fa6a13e810
Event: 504.909 Thread 0x000001fa7d34de60 flushing  nmethod 0x000001fa6a1d4b90
Event: 504.909 Thread 0x000001fa7d34de60 flushing  nmethod 0x000001fa6a1d5290
Event: 504.909 Thread 0x000001fa7d34de60 flushing  nmethod 0x000001fa6a1d6510
Event: 504.909 Thread 0x000001fa7d34de60 flushing  nmethod 0x000001fa6a1d6c10
Event: 504.909 Thread 0x000001fa7d34de60 flushing  nmethod 0x000001fa6a1d7610
Event: 504.909 Thread 0x000001fa7d34de60 flushing  nmethod 0x000001fa6a1d8990

Events (20 events):
Event: 504.232 Thread 0x000001fa0c0b4660 Thread added: 0x000001fa083915b0
Event: 504.233 Thread 0x000001fa0c0b4660 Thread added: 0x000001fa0838e130
Event: 504.233 Thread 0x000001fa0c0b4660 Thread added: 0x000001fa08391c40
Event: 504.233 Thread 0x000001fa0c0b4660 Thread added: 0x000001fa083922d0
Event: 504.233 Thread 0x000001fa0c0b4660 Thread added: 0x000001fa08392960
Event: 504.277 Thread 0x000001fa0c0b4660 Thread added: 0x000001fa0838f4e0
Event: 504.278 Thread 0x000001fa0c0b4660 Thread added: 0x000001fa0838fb70
Event: 504.281 Thread 0x000001fa0c0b4660 Thread added: 0x000001fa08392ff0
Event: 504.281 Thread 0x000001fa0c0b4660 Thread added: 0x000001fa08393680
Event: 504.282 Thread 0x000001fa0c0b4660 Thread added: 0x000001fa08390200
Event: 504.283 Thread 0x000001fa0c0b4660 Thread added: 0x000001fa08393d10
Event: 504.284 Thread 0x000001fa0c0b4660 Thread added: 0x000001fa08390890
Event: 504.284 Thread 0x000001fa0c0b4660 Thread added: 0x000001fa083943a0
Event: 504.285 Thread 0x000001fa0c0b4660 Thread added: 0x000001fa0ad6fe70
Event: 504.286 Thread 0x000001fa0c0b4660 Thread added: 0x000001fa0ad70500
Event: 504.286 Thread 0x000001fa0c0b4660 Thread added: 0x000001fa0ad6eac0
Event: 504.286 Thread 0x000001fa0c0b4660 Thread added: 0x000001fa0ad6dda0
Event: 504.286 Thread 0x000001fa0c0b4660 Thread added: 0x000001fa0ad6f150
Event: 504.287 Thread 0x000001fa0c0b4660 Thread added: 0x000001fa0ad6d080
Event: 504.287 Thread 0x000001fa0c0b4660 Thread added: 0x000001fa0ad6e430


Dynamic libraries:
0x00007ff7672e0000 - 0x00007ff7672ea000 	E:\Programming\Android Studio Installation\jbr\bin\java.exe
0x00007ffd4e240000 - 0x00007ffd4e4a6000 	C:\WINDOWS\SYSTEM32\ntdll.dll
0x00007ffd4d650000 - 0x00007ffd4d719000 	C:\WINDOWS\System32\KERNEL32.DLL
0x00007ffd4b560000 - 0x00007ffd4b95a000 	C:\WINDOWS\System32\KERNELBASE.dll
0x00007ffd4bae0000 - 0x00007ffd4bc2c000 	C:\WINDOWS\System32\ucrtbase.dll
0x00007ffd40990000 - 0x00007ffd409a8000 	E:\Programming\Android Studio Installation\jbr\bin\jli.dll
0x00007ffd40d40000 - 0x00007ffd40d5b000 	E:\Programming\Android Studio Installation\jbr\bin\VCRUNTIME140.dll
0x00007ffd4ddf0000 - 0x00007ffd4dfb7000 	C:\WINDOWS\System32\USER32.dll
0x00007ffd4bd90000 - 0x00007ffd4bdb7000 	C:\WINDOWS\System32\win32u.dll
0x00007ffd30a20000 - 0x00007ffd30cb2000 	C:\WINDOWS\WinSxS\amd64_microsoft.windows.common-controls_6595b64144ccf1df_6.0.26100.8521_none_3e08b75ce33403b3\COMCTL32.dll
0x00007ffd4d930000 - 0x00007ffd4d95b000 	C:\WINDOWS\System32\GDI32.dll
0x00007ffd4c120000 - 0x00007ffd4c1c9000 	C:\WINDOWS\System32\msvcrt.dll
0x00007ffd4bdc0000 - 0x00007ffd4beeb000 	C:\WINDOWS\System32\gdi32full.dll
0x00007ffd4bce0000 - 0x00007ffd4bd83000 	C:\WINDOWS\System32\msvcp_win.dll
0x00007ffd4c380000 - 0x00007ffd4c3b2000 	C:\WINDOWS\System32\IMM32.DLL
0x00007ffd47f00000 - 0x00007ffd47f0c000 	E:\Programming\Android Studio Installation\jbr\bin\vcruntime140_1.dll
0x00007ffd23c70000 - 0x00007ffd23cfd000 	E:\Programming\Android Studio Installation\jbr\bin\msvcp140.dll
0x00007ffc87530000 - 0x00007ffc881c6000 	E:\Programming\Android Studio Installation\jbr\bin\server\jvm.dll
0x00007ffd4d590000 - 0x00007ffd4d646000 	C:\WINDOWS\System32\ADVAPI32.dll
0x00007ffd4d880000 - 0x00007ffd4d92a000 	C:\WINDOWS\System32\sechost.dll
0x00007ffd4c250000 - 0x00007ffd4c368000 	C:\WINDOWS\System32\RPCRT4.dll
0x00007ffd4d350000 - 0x00007ffd4d3d0000 	C:\WINDOWS\System32\WS2_32.dll
0x00007ffd4ad80000 - 0x00007ffd4adde000 	C:\WINDOWS\SYSTEM32\POWRPROF.dll
0x00007ffd35360000 - 0x00007ffd35396000 	C:\WINDOWS\SYSTEM32\WINMM.dll
0x00007ffd42c10000 - 0x00007ffd42c1b000 	C:\WINDOWS\SYSTEM32\VERSION.dll
0x00007ffd4ad10000 - 0x00007ffd4ad24000 	C:\WINDOWS\SYSTEM32\UMPDC.dll
0x00007ffd4a220000 - 0x00007ffd4a23b000 	C:\WINDOWS\SYSTEM32\kernel.appcore.dll
0x00007ffd46100000 - 0x00007ffd4610a000 	E:\Programming\Android Studio Installation\jbr\bin\jimage.dll
0x00007ffd48b80000 - 0x00007ffd48dc2000 	C:\WINDOWS\SYSTEM32\DBGHELP.DLL
0x00007ffd4c3c0000 - 0x00007ffd4c743000 	C:\WINDOWS\System32\combase.dll
0x00007ffd4d270000 - 0x00007ffd4d349000 	C:\WINDOWS\System32\OLEAUT32.dll
0x00007ffd30f70000 - 0x00007ffd30fab000 	C:\WINDOWS\SYSTEM32\dbgcore.DLL
0x00007ffd4bc30000 - 0x00007ffd4bcd8000 	C:\WINDOWS\System32\bcryptPrimitives.dll
0x00007ffd40d80000 - 0x00007ffd40d8e000 	E:\Programming\Android Studio Installation\jbr\bin\instrument.dll
0x00007ffd40c70000 - 0x00007ffd40c90000 	E:\Programming\Android Studio Installation\jbr\bin\java.dll
0x00007ffd40950000 - 0x00007ffd40968000 	E:\Programming\Android Studio Installation\jbr\bin\zip.dll
0x00007ffd4ca60000 - 0x00007ffd4d1e4000 	C:\WINDOWS\System32\SHELL32.dll
0x00007ffd49050000 - 0x00007ffd498d0000 	C:\WINDOWS\SYSTEM32\windows.storage.dll
0x00007ffd4d780000 - 0x00007ffd4d876000 	C:\WINDOWS\System32\SHCORE.dll
0x00007ffd4d520000 - 0x00007ffd4d587000 	C:\WINDOWS\System32\shlwapi.dll
0x00007ffd4b3f0000 - 0x00007ffd4b419000 	C:\WINDOWS\SYSTEM32\profapi.dll
0x00007ffd40d10000 - 0x00007ffd40d20000 	E:\Programming\Android Studio Installation\jbr\bin\net.dll
0x00007ffd417d0000 - 0x00007ffd418f9000 	C:\WINDOWS\SYSTEM32\WINHTTP.dll
0x00007ffd4a770000 - 0x00007ffd4a7dc000 	C:\WINDOWS\system32\mswsock.dll
0x00007ffd40780000 - 0x00007ffd40796000 	E:\Programming\Android Studio Installation\jbr\bin\nio.dll
0x00007ffd40dc0000 - 0x00007ffd40dd0000 	E:\Programming\Android Studio Installation\jbr\bin\verify.dll
0x00007ffd32bf0000 - 0x00007ffd32c17000 	C:\Users\asus\.gradle\native\c067742578af261105cb4f569cf0c3c89f3d7b1fecec35dd04571415982c5e48\windows-amd64\native-platform.dll
0x00007ffce6850000 - 0x00007ffce6994000 	C:\Users\asus\.gradle\native\38dada09dfb8b06ba9b0570ebf7e218e3eb74d4ef43ca46872605cf95ebc2f47\windows-amd64\native-platform-file-events.dll
0x00007ffd40cb0000 - 0x00007ffd40cb9000 	E:\Programming\Android Studio Installation\jbr\bin\management.dll
0x00007ffd40c60000 - 0x00007ffd40c6b000 	E:\Programming\Android Studio Installation\jbr\bin\management_ext.dll
0x00007ffd4ca50000 - 0x00007ffd4ca58000 	C:\WINDOWS\System32\PSAPI.DLL
0x00007ffd4ab70000 - 0x00007ffd4ab8b000 	C:\WINDOWS\SYSTEM32\CRYPTSP.dll
0x00007ffd4a180000 - 0x00007ffd4a1b9000 	C:\WINDOWS\system32\rsaenh.dll
0x00007ffd4a820000 - 0x00007ffd4a853000 	C:\WINDOWS\SYSTEM32\USERENV.dll
0x00007ffd4b3c0000 - 0x00007ffd4b3ea000 	C:\WINDOWS\SYSTEM32\bcrypt.dll
0x00007ffd4ab50000 - 0x00007ffd4ab5c000 	C:\WINDOWS\SYSTEM32\CRYPTBASE.dll
0x00007ffd49c00000 - 0x00007ffd49c33000 	C:\WINDOWS\SYSTEM32\IPHLPAPI.DLL
0x00007ffd4c370000 - 0x00007ffd4c37a000 	C:\WINDOWS\System32\NSI.dll
0x00007ffd40bd0000 - 0x00007ffd40bd9000 	E:\Programming\Android Studio Installation\jbr\bin\extnet.dll
0x00007ffd31ef0000 - 0x00007ffd31ef8000 	C:\WINDOWS\system32\wshunix.dll
0x00007ffd49c90000 - 0x00007ffd49dda000 	C:\WINDOWS\SYSTEM32\DNSAPI.dll
0x00007ffd4a5b0000 - 0x00007ffd4a5bd000 	C:\WINDOWS\SYSTEM32\DSPARSE.dll
0x00007ffd42c00000 - 0x00007ffd42c0b000 	C:\Windows\System32\rasadhlp.dll
0x00007ffd41b70000 - 0x00007ffd41bf6000 	C:\WINDOWS\System32\fwpuclnt.dll
0x00007ffd31e70000 - 0x00007ffd31e88000 	C:\WINDOWS\system32\napinsp.dll
0x00007ffd31860000 - 0x00007ffd31873000 	C:\WINDOWS\System32\winrnr.dll
0x00007ffd31680000 - 0x00007ffd316a2000 	C:\WINDOWS\system32\nlansp_c.dll
0x00007ffd31650000 - 0x00007ffd31666000 	C:\WINDOWS\system32\wshbth.dll
0x00007ffd34920000 - 0x00007ffd3493e000 	C:\Users\asus\AppData\Local\Temp\native-platform6520319999898552329dir\native-platform.dll
0x00007ffd34a40000 - 0x00007ffd34a47000 	E:\Programming\Android Studio Installation\jbr\bin\rmi.dll

JVMTI agents:
C:\Users\asus\.gradle\wrapper\dists\gradle-8.6-bin\afr5mpiioh2wthjmwnkmdsd5w\gradle-8.6\lib\agents\gradle-instrumentation-agent-8.6.jar path:E:\Programming\Android Studio Installation\jbr\bin\instrument.dll, loaded, initialized, instrumentlib options:none

dbghelp: loaded successfully - version: 4.0.5 - missing functions: none
symbol engine: initialized successfully - sym options: 0x614 - pdb path: .;E:\Programming\Android Studio Installation\jbr\bin;C:\WINDOWS\SYSTEM32;C:\WINDOWS\WinSxS\amd64_microsoft.windows.common-controls_6595b64144ccf1df_6.0.26100.8521_none_3e08b75ce33403b3;E:\Programming\Android Studio Installation\jbr\bin\server;C:\Users\asus\.gradle\native\c067742578af261105cb4f569cf0c3c89f3d7b1fecec35dd04571415982c5e48\windows-amd64;C:\Users\asus\.gradle\native\38dada09dfb8b06ba9b0570ebf7e218e3eb74d4ef43ca46872605cf95ebc2f47\windows-amd64;C:\Users\asus\AppData\Local\Temp\native-platform6520319999898552329dir

VM Arguments:
jvm_args: --add-opens=java.base/java.util=ALL-UNNAMED --add-opens=java.base/java.lang=ALL-UNNAMED --add-opens=java.base/java.lang.invoke=ALL-UNNAMED --add-opens=java.prefs/java.util.prefs=ALL-UNNAMED --add-opens=java.base/java.nio.charset=ALL-UNNAMED --add-opens=java.base/java.net=ALL-UNNAMED --add-opens=java.base/java.util.concurrent.atomic=ALL-UNNAMED -Xmx2048m -Dfile.encoding=UTF-8 -Duser.country=US -Duser.language=en -Duser.variant -javaagent:C:\Users\asus\.gradle\wrapper\dists\gradle-8.6-bin\afr5mpiioh2wthjmwnkmdsd5w\gradle-8.6\lib\agents\gradle-instrumentation-agent-8.6.jar 
java_command: org.gradle.launcher.daemon.bootstrap.GradleDaemon 8.6
java_class_path (initial): C:\Users\asus\.gradle\wrapper\dists\gradle-8.6-bin\afr5mpiioh2wthjmwnkmdsd5w\gradle-8.6\lib\gradle-launcher-8.6.jar
Launcher Type: SUN_STANDARD

[Global flags]
     intx CICompilerCount                          = 12                                        {product} {ergonomic}
     uint ConcGCThreads                            = 3                                         {product} {ergonomic}
     uint G1ConcRefinementThreads                  = 13                                        {product} {ergonomic}
   size_t G1HeapRegionSize                         = 1048576                                   {product} {ergonomic}
    uintx GCDrainStackTargetSize                   = 64                                        {product} {ergonomic}
   size_t InitialHeapSize                          = 130023424                                 {product} {ergonomic}
   size_t MarkStackSize                            = 4194304                                   {product} {ergonomic}
   size_t MaxHeapSize                              = 2147483648                                {product} {command line}
   size_t MaxNewSize                               = 1287651328                                {product} {ergonomic}
   size_t MinHeapDeltaBytes                        = 1048576                                   {product} {ergonomic}
   size_t MinHeapSize                              = 8388608                                   {product} {ergonomic}
    uintx NonNMethodCodeHeapSize                   = 7602480                                {pd product} {ergonomic}
    uintx NonProfiledCodeHeapSize                  = 122027880                              {pd product} {ergonomic}
    uintx ProfiledCodeHeapSize                     = 122027880                              {pd product} {ergonomic}
    uintx ReservedCodeCacheSize                    = 251658240                              {pd product} {ergonomic}
     bool SegmentedCodeCache                       = true                                      {product} {ergonomic}
   size_t SoftMaxHeapSize                          = 2147483648                             {manageable} {ergonomic}
     bool UseCompressedOops                        = true                           {product lp64_product} {ergonomic}
     bool UseG1GC                                  = true                                      {product} {ergonomic}
     bool UseLargePagesIndividualAllocation        = false                                  {pd product} {ergonomic}

Logging:
Log output configuration:
 #0: stdout all=warning uptime,level,tags foldmultilines=false
 #1: stderr all=off uptime,level,tags foldmultilines=false

Release file:
JAVA_VERSION="21.0.9" 
MODULES="java.base java.compiler java.datatransfer java.xml java.prefs java.desktop java.instrument java.logging java.management java.security.sasl java.naming java.rmi java.management.rmi java.net.http java.scripting java.security.jgss java.transaction.xa java.sql java.sql.rowset java.xml.crypto java.se java.smartcardio jdk.accessibility jdk.internal.jvmstat jdk.attach jdk.charsets jdk.internal.opt jdk.zipfs jdk.compiler jdk.crypto.ec jdk.crypto.cryptoki jdk.dynalink jdk.hotspot.agent jdk.httpserver jdk.internal.ed jdk.internal.le jdk.internal.vm.ci jdk.jartool jdk.javadoc jdk.jcmd jdk.jdeps jdk.jdwp.agent jdk.jdi jdk.jfr jdk.jlink jdk.jsobject jdk.localedata jdk.management jdk.management.agent jdk.management.jfr jdk.naming.dns jdk.naming.rmi jdk.net jdk.sctp jdk.security.auth jdk.security.jgss jdk.unsupported jdk.unsupported.desktop jdk.xml.dom" 
IMPLEMENTOR="JetBrains s.r.o." 
JAVA_RUNTIME_VERSION="21.0.9+-14787801-b1163.94" 
LIBC="default" 
OS_ARCH="x86_64" 
OS_NAME="Windows" 
SOURCE=".:git:0c757ddc9f2f" 

Environment Variables:
CLASSPATH=C:\JavaLib\antlr-4.13.2-complete.jar
PATH=E:\Programming\Python installation\;D:\Program\Common\VMWare\bin\;C:\Program Files\Common Files\Oracle\Java\javapath;C:\WINDOWS\system32;C:\WINDOWS;C:\WINDOWS\System32\Wbem;C:\WINDOWS\System32\WindowsPowerShell\v1.0\;C:\WINDOWS\System32\OpenSSH\;C:\Program Files (x86)\Windows Kits\10\Windows Performance Toolkit\;C:\Program Files\Git\cmd;C:\Program Files\CMake\bin;C:\Program Files\MySQL\MySQL Server 8.0\bin;C:\ProgramData\chocolatey\bin;C:\tools\gsudo\Current;E:\Programming\Python installation\Scripts\;C:\Program Files\dotnet\;C:\Program Files\MySQL\MySQL Shell 8.0\bin\;C:\Users\asus\AppData\Local\Microsoft\WindowsApps;E:\Programming\C installation\CLion 2022.2\bin;;E:\Programming\Java installation\JDK\bin;C:\Users\asus\AppData\Local\Programs\Microsoft VS Code\bin;E:\Programming\C installation\CLion 2022.2\bin\mingw\bin;C:\Users\asus\Desktop\WinAFL\Test 3\winaflfast\bin64;C:\JavaLib\antlr-4.13.2-complete.jar;C:\JavaLib\;C:\Program Files (x86)\Nmap;C:\Users\asus\.dotnet\tools
USERNAME=asus
OS=Windows_NT
PROCESSOR_IDENTIFIER=Intel64 Family 6 Model 154 Stepping 3, GenuineIntel
TMP=C:\Users\asus\AppData\Local\Temp
TEMP=C:\Users\asus\AppData\Local\Temp




Periodic native trim disabled

JNI global refs:
JNI global refs: 39, weak refs: 3

JNI global refs memory usage: 835, weak refs: 833

Process memory usage:
Resident Set Size: 501640K (6% of 8071936K total physical memory with 458328K free physical memory)

OOME stack traces (most recent first):
Classloader memory used:
Loader org.gradle.internal.classloader.VisitableURLClassLoader                         : 45023K
Loader bootstrap                                                                       : 34938K
Loader org.gradle.internal.classloader.VisitableURLClassLoader$InstrumentingVisitableURLClassLoader: 30734K
Loader org.gradle.initialization.MixInLegacyTypesClassLoader                           : 13208K
Loader java.net.URLClassLoader                                                         : 12947K
Loader jdk.internal.loader.ClassLoaders$AppClassLoader                                 : 7772K
Loader jdk.internal.loader.ClassLoaders$PlatformClassLoader                            : 1134K
Loader jdk.internal.reflect.DelegatingClassLoader                                      : 682K
Loader org.gradle.groovy.scripts.internal.DefaultScriptCompilationHandler$ScriptClassLoader: 405K
Loader org.codehaus.groovy.runtime.callsite.CallSiteClassLoader                        : 44584B
Loader org.gradle.internal.classloader.VisitableURLClassLoader                         : 33856B
Loader sun.reflect.misc.MethodUtil                                                     : 2984B

Classes loaded by more than one classloader:
Class com.google.common.collect.RegularImmutableMap$KeySet                            : loaded 3 times (x 152B)
Class com.google.common.base.PairwiseEquivalence                                      : loaded 3 times (x 83B)
Class com.google.common.base.Equivalence$Identity                                     : loaded 3 times (x 82B)
Class kotlin.NotImplementedError                                                      : loaded 3 times (x 82B)
Class kotlin.text.StringsKt__StringsKt                                                : loaded 3 times (x 71B)
Class kotlin.jvm.KotlinReflectionNotSupportedError                                    : loaded 3 times (x 82B)
Class com.google.common.collect.Iterables                                             : loaded 3 times (x 71B)
Class kotlin.sequences.SequencesKt__SequenceBuilderKt                                 : loaded 3 times (x 71B)
Class com.google.common.collect.RegularImmutableSet                                   : loaded 3 times (x 149B)
Class com.google.common.base.CharMatcher$IsEither                                     : loaded 3 times (x 111B)
Class com.google.common.collect.Iterators$MergingIterator                             : loaded 3 times (x 81B)
Class kotlin.collections.CollectionsKt                                                : loaded 3 times (x 71B)
Class com.google.common.collect.ImmutableList$SubList                                 : loaded 3 times (x 209B)
Class com.google.common.collect.ImmutableSet$SetBuilderImpl                           : loaded 3 times (x 76B)
Class com.google.common.collect.ImmutableList                                         : loaded 3 times (x 206B)
Class kotlin.collections.CollectionsKt__ReversedViewsKt                               : loaded 3 times (x 71B)
Class com.google.common.collect.ImmutableSet$EmptySetBuilderImpl                      : loaded 3 times (x 76B)
Class kotlin.jvm.internal.markers.KMappedMarker                                       : loaded 3 times (x 70B)
Class com.google.common.collect.ImmutableSet$Builder                                  : loaded 3 times (x 85B)
Class com.google.common.base.CharMatcher$InRange                                      : loaded 3 times (x 111B)
Class com.google.common.collect.ImmutableEnumSet                                      : loaded 3 times (x 146B)
Class kotlin.NoWhenBranchMatchedException                                             : loaded 3 times (x 82B)
Class kotlin.Lazy                                                                     : loaded 3 times (x 70B)
Class com.google.common.collect.Maps$BiMapConverter                                   : loaded 3 times (x 90B)
Class com.google.common.collect.ImmutableList$1                                       : loaded 3 times (x 97B)
Class com.google.common.collect.ImmutableMapEntrySet$RegularEntrySet                  : loaded 3 times (x 152B)
Class kotlin.text.StringsKt__StringBuilderKt                                          : loaded 3 times (x 71B)
Class kotlin.jvm.internal.CallableReference$NoReceiver                                : loaded 3 times (x 71B)
Class kotlin.collections.ArraysKt__ArraysJVMKt                                        : loaded 3 times (x 71B)
Class com.google.common.base.CharMatcher$1                                            : loaded 3 times (x 113B)
Class com.google.common.base.CharMatcher$NamedFastMatcher                             : loaded 3 times (x 112B)
Class com.google.common.collect.RegularImmutableMap                                   : loaded 3 times (x 121B)
Class com.google.common.base.Joiner$2                                                 : loaded 3 times (x 79B)
Class com.google.common.collect.ImmutableMap$MapViewOfValuesAsSingletonSets           : loaded 3 times (x 126B)
Class kotlin.LazyKt                                                                   : loaded 3 times (x 71B)
Class com.google.common.collect.PeekingIterator                                       : loaded 3 times (x 70B)
Class kotlin.ranges.IntProgression$Companion                                          : loaded 3 times (x 71B)
Class kotlin.collections.SetsKt__SetsKt                                               : loaded 3 times (x 71B)
Class com.google.common.base.CharMatcher                                              : loaded 3 times (x 111B)
Class com.google.common.collect.UnmodifiableListIterator                              : loaded 3 times (x 95B)
Class com.google.common.base.Joiner$1                                                 : loaded 3 times (x 80B)
Class kotlin.collections.ArraysKt                                                     : loaded 3 times (x 71B)
Class kotlin.text.CharsKt__CharKt                                                     : loaded 3 times (x 71B)
Class com.google.common.base.Preconditions                                            : loaded 3 times (x 71B)
Class com.google.common.collect.Hashing                                               : loaded 3 times (x 71B)
Class com.google.common.base.Suppliers                                                : loaded 3 times (x 71B)
Class com.google.common.base.Equivalence$Equals                                       : loaded 3 times (x 82B)
Class kotlin.ranges.RangesKt___RangesKt                                               : loaded 3 times (x 71B)
Class com.google.common.collect.RegularImmutableBiMap                                 : loaded 3 times (x 149B)
Class com.google.common.base.CharMatcher$Negated                                      : loaded 3 times (x 113B)
Class com.google.common.base.CharMatcher$Is                                           : loaded 3 times (x 111B)
Class kotlin.KotlinNullPointerException                                               : loaded 3 times (x 83B)
Class kotlin.sequences.SequencesKt___SequencesKt                                      : loaded 3 times (x 71B)
Class kotlin.ranges.OpenEndRange                                                      : loaded 3 times (x 70B)
Class kotlin.collections.CollectionsKt__IterablesKt                                   : loaded 3 times (x 71B)
Class kotlin.collections.AbstractList$Companion                                       : loaded 3 times (x 71B)
Class kotlin.collections.MapsKt                                                       : loaded 3 times (x 71B)
Class com.google.common.collect.RegularImmutableMap$BucketOverflowException           : loaded 3 times (x 82B)
Class kotlin.jvm.internal.Intrinsics                                                  : loaded 3 times (x 71B)
Class [Lcom.google.common.collect.ImmutableMapEntry;                                  : loaded 3 times (x 69B)
Class kotlin.ranges.IntRange$Companion                                                : loaded 3 times (x 71B)
Class kotlin.collections.EmptyMap                                                     : loaded 3 times (x 109B)
Class kotlin.reflect.KAnnotatedElement                                                : loaded 3 times (x 70B)
Class com.google.common.collect.ImmutableSet$RegularSetBuilderImpl                    : loaded 3 times (x 77B)
Class kotlin.collections.CollectionsKt__MutableCollectionsJVMKt                       : loaded 3 times (x 71B)
Class kotlin.text.StringsKt___StringsKt                                               : loaded 3 times (x 71B)
Class kotlin.enums.EnumEntriesKt                                                      : loaded 3 times (x 71B)
Class kotlin.collections.MapsKt__MapWithDefaultKt                                     : loaded 3 times (x 71B)
Class kotlin.collections.MapsKt___MapsKt                                              : loaded 3 times (x 71B)
Class com.google.common.collect.ImmutableEnumMap                                      : loaded 3 times (x 126B)
Class com.google.common.collect.ListMultimap                                          : loaded 3 times (x 70B)
Class kotlin.text.StringsKt__AppendableKt                                             : loaded 3 times (x 71B)
Class kotlin.collections.ArraysKt___ArraysKt                                          : loaded 3 times (x 71B)
Class com.google.common.collect.Sets$1                                                : loaded 3 times (x 139B)
Class com.google.common.collect.SortedMapDifference                                   : loaded 3 times (x 70B)
Class kotlin.text.StringsKt___StringsJvmKt                                            : loaded 3 times (x 71B)
Class com.google.common.collect.CollectPreconditions                                  : loaded 3 times (x 71B)
Class kotlin.annotation.Retention                                                     : loaded 3 times (x 70B)
Class kotlin.reflect.KDeclarationContainer                                            : loaded 3 times (x 70B)
Class kotlin.collections.CollectionsKt___CollectionsKt                                : loaded 3 times (x 71B)
Class com.google.common.collect.ArrayListMultimap                                     : loaded 3 times (x 172B)
Class kotlin.collections.EmptySet                                                     : loaded 3 times (x 122B)
Class com.google.common.collect.Sets$2                                                : loaded 3 times (x 139B)
Class kotlin.annotation.Target                                                        : loaded 3 times (x 70B)
Class com.google.common.collect.ImmutableEntry                                        : loaded 3 times (x 82B)
Class [Lcom.google.common.collect.AbstractMapEntry;                                   : loaded 3 times (x 69B)
Class kotlin.sequences.Sequence                                                       : loaded 3 times (x 70B)
Class kotlin.text.StringsKt__StringNumberConversionsJVMKt                             : loaded 3 times (x 71B)
Class kotlin.collections.MapsKt___MapsJvmKt                                           : loaded 3 times (x 71B)
Class com.google.common.base.CharMatcher$NegatedFastMatcher                           : loaded 3 times (x 113B)
Class com.google.common.collect.ImmutableMap                                          : loaded 3 times (x 120B)
Class com.google.common.collect.Sets$3                                                : loaded 3 times (x 139B)
Class com.google.common.base.Predicate                                                : loaded 3 times (x 70B)
Class kotlin.jvm.functions.Function1                                                  : loaded 3 times (x 70B)
Class com.google.common.base.CharMatcher$FastMatcher                                  : loaded 3 times (x 111B)
Class com.google.common.collect.Sets                                                  : loaded 3 times (x 71B)
Class kotlin.jvm.functions.Function0                                                  : loaded 3 times (x 70B)
Class kotlin.ranges.RangesKt                                                          : loaded 3 times (x 71B)
Class com.google.common.base.Supplier                                                 : loaded 3 times (x 70B)
Class kotlin.TuplesKt                                                                 : loaded 3 times (x 71B)
Class com.google.common.base.CharMatcher$Or                                           : loaded 3 times (x 112B)
Class com.google.common.collect.Sets$4                                                : loaded 3 times (x 139B)
Class kotlin.sequences.SequencesKt___SequencesJvmKt                                   : loaded 3 times (x 71B)
Class kotlin.Unit                                                                     : loaded 3 times (x 71B)
Class kotlin.collections.CollectionsKt___CollectionsJvmKt                             : loaded 3 times (x 71B)
Class com.google.common.collect.ImmutableSet                                          : loaded 3 times (x 145B)
Class com.google.common.base.CharMatcher$BitSetMatcher                                : loaded 3 times (x 112B)
Class com.google.common.collect.RegularImmutableMap$Values                            : loaded 3 times (x 207B)
Class kotlin.text.CharsKt__CharJVMKt                                                  : loaded 3 times (x 71B)
Class kotlin.ranges.RangesKt__RangesKt                                                : loaded 3 times (x 71B)
Class com.google.common.math.IntMath$1                                                : loaded 3 times (x 71B)
Class kotlin.collections.SetsKt___SetsKt                                              : loaded 3 times (x 71B)
Class kotlin.collections.MapWithDefault                                               : loaded 3 times (x 70B)
Class kotlin.sequences.SequencesKt__SequencesKt                                       : loaded 3 times (x 71B)
Class kotlin.UNINITIALIZED_VALUE                                                      : loaded 3 times (x 71B)
Class kotlin.LazyKt__LazyKt                                                           : loaded 3 times (x 71B)
Class kotlin.text.StringsKt__StringBuilderJVMKt                                       : loaded 3 times (x 71B)
Class com.google.common.collect.Sets$SetView                                          : loaded 3 times (x 138B)
Class com.google.common.collect.Maps$8                                                : loaded 3 times (x 82B)
Class kotlin.collections.AbstractCollection                                           : loaded 3 times (x 117B)
Class kotlin.collections.AbstractList                                                 : loaded 3 times (x 197B)
Class kotlin.sequences.SequencesKt__SequencesJVMKt                                    : loaded 3 times (x 71B)
Class com.google.common.collect.MapDifference                                         : loaded 3 times (x 70B)
Class kotlin.text.StringsKt__RegexExtensionsJVMKt                                     : loaded 3 times (x 71B)
Class kotlin.collections.ArraysKt___ArraysJvmKt                                       : loaded 3 times (x 71B)
Class kotlin.collections.CollectionsKt__CollectionsKt                                 : loaded 3 times (x 71B)
Class kotlin.SynchronizedLazyImpl                                                     : loaded 3 times (x 76B)
Class kotlin.text.StringsKt__RegexExtensionsKt                                        : loaded 3 times (x 71B)
Class kotlin.collections.EmptyIterator                                                : loaded 3 times (x 89B)
Class [Lcom.google.common.collect.ImmutableEntry;                                     : loaded 3 times (x 69B)
Class com.google.common.collect.Maps                                                  : loaded 3 times (x 71B)
Class com.google.common.collect.RegularImmutableList                                  : loaded 3 times (x 213B)
Class com.google.common.base.Function                                                 : loaded 3 times (x 70B)
Class kotlin.enums.EnumEntries                                                        : loaded 3 times (x 70B)
Class com.google.common.base.Equivalence                                              : loaded 3 times (x 82B)
Class com.google.common.collect.ImmutableMapEntry$NonTerminalImmutableMapEntry        : loaded 3 times (x 85B)
Class kotlin.ranges.IntRange                                                          : loaded 3 times (x 93B)
Class com.google.common.collect.ImmutableMapEntry                                     : loaded 3 times (x 85B)
Class com.google.common.math.IntMath                                                  : loaded 3 times (x 71B)
Class kotlin.jvm.internal.CallableReference                                           : loaded 3 times (x 106B)
Class com.google.common.base.CharMatcher$IsNot                                        : loaded 3 times (x 111B)
Class kotlin.text.StringsKt__StringNumberConversionsKt                                : loaded 3 times (x 71B)
Class kotlin.jvm.internal.FunctionReference                                           : loaded 3 times (x 122B)
Class com.google.common.collect.Maps$EntryTransformer                                 : loaded 3 times (x 70B)
Class kotlin.enums.EnumEntriesList                                                    : loaded 3 times (x 223B)
Class com.google.common.collect.Iterators$ArrayItr                                    : loaded 3 times (x 97B)
Class com.google.common.collect.ImmutableCollection$Builder                           : loaded 3 times (x 76B)
Class kotlin.jvm.internal.FunctionBase                                                : loaded 3 times (x 70B)
Class kotlin.LazyKt__LazyJVMKt                                                        : loaded 3 times (x 71B)
Class kotlin.text.StringsKt                                                           : loaded 3 times (x 71B)
Class com.google.common.collect.ImmutableAsList                                       : loaded 3 times (x 209B)
Class com.google.common.collect.Iterators$9                                           : loaded 3 times (x 81B)
Class com.google.common.collect.AbstractMapBasedMultimap                              : loaded 3 times (x 139B)
Class com.google.common.base.FunctionalEquivalence                                    : loaded 3 times (x 83B)
Class com.google.common.base.Joiner                                                   : loaded 3 times (x 79B)
Class kotlin.collections.CollectionsKt__IteratorsKt                                   : loaded 3 times (x 71B)
Class com.google.common.collect.ImmutableSet$CachingAsList                            : loaded 3 times (x 148B)
Class com.google.common.base.Converter                                                : loaded 3 times (x 90B)
Class com.google.common.collect.Lists                                                 : loaded 3 times (x 71B)
Class kotlin.collections.CollectionsKt__IteratorsJVMKt                                : loaded 3 times (x 71B)
Class kotlin.sequences.SequencesKt                                                    : loaded 3 times (x 71B)
Class kotlin.collections.CollectionsKt__CollectionsJVMKt                              : loaded 3 times (x 71B)
Class com.google.common.collect.ImmutableCollection                                   : loaded 3 times (x 125B)
Class com.google.common.base.CharMatcher$AnyOf                                        : loaded 3 times (x 112B)
Class com.google.common.collect.Platform                                              : loaded 3 times (x 71B)
Class com.google.common.collect.UnmodifiableIterator                                  : loaded 3 times (x 80B)
Class com.google.common.base.CharMatcher$ForPredicate                                 : loaded 3 times (x 112B)
Class com.google.common.collect.ImmutableSet$JdkBackedSetBuilderImpl                  : loaded 3 times (x 76B)
Class com.google.common.collect.SingletonImmutableBiMap                               : loaded 3 times (x 143B)
Class com.google.common.collect.AbstractMapEntry                                      : loaded 3 times (x 81B)
Class com.google.common.collect.Iterators$5                                           : loaded 3 times (x 82B)
Class com.google.common.collect.Iterators$4                                           : loaded 3 times (x 82B)
Class kotlin.Pair                                                                     : loaded 3 times (x 72B)
Class com.google.common.base.Ascii                                                    : loaded 3 times (x 71B)
Class com.google.common.collect.AbstractListMultimap                                  : loaded 3 times (x 172B)
Class com.google.common.collect.ImmutableBiMap                                        : loaded 3 times (x 143B)
Class com.google.common.collect.ImmutableList$Builder                                 : loaded 3 times (x 77B)
Class kotlin.UninitializedPropertyAccessException                                     : loaded 3 times (x 82B)
Class com.google.common.collect.Sets$ImprovedAbstractSet                              : loaded 3 times (x 135B)
Class com.google.common.collect.SingletonImmutableSet                                 : loaded 3 times (x 146B)
Class com.google.common.collect.ImmutableMap$IteratorBasedImmutableMap                : loaded 3 times (x 126B)
Class kotlin.Metadata                                                                 : loaded 3 times (x 70B)
Class com.google.common.collect.AbstractMultimap                                      : loaded 3 times (x 123B)
Class kotlin.collections.CollectionsKt__MutableCollectionsKt                          : loaded 3 times (x 71B)
Class com.google.common.collect.Iterators$1                                           : loaded 3 times (x 81B)
Class kotlin.jvm.internal.Lambda                                                      : loaded 3 times (x 75B)
Class kotlin.collections.MapsKt__MapsKt                                               : loaded 3 times (x 71B)
Class com.google.common.collect.ImmutableList$ReverseImmutableList                    : loaded 3 times (x 209B)
Class kotlin.reflect.KFunction                                                        : loaded 3 times (x 70B)
Class kotlin.text.StringsKt__IndentKt                                                 : loaded 3 times (x 71B)
Class kotlin.reflect.KCallable                                                        : loaded 3 times (x 70B)
Class com.google.common.collect.RegularImmutableAsList                                : loaded 3 times (x 217B)
Class com.google.common.collect.SingletonImmutableList                                : loaded 3 times (x 207B)
Class kotlin.collections.SetsKt                                                       : loaded 3 times (x 71B)
Class kotlin.text.StringsKt__StringsJVMKt                                             : loaded 3 times (x 71B)
Class kotlin.ranges.ClosedRange                                                       : loaded 3 times (x 70B)
Class com.google.common.collect.Multimap                                              : loaded 3 times (x 70B)
Class com.google.common.collect.Iterators                                             : loaded 3 times (x 71B)
Class kotlin.text.CharsKt                                                             : loaded 3 times (x 71B)
Class com.google.common.primitives.IntsMethodsForWeb                                  : loaded 3 times (x 71B)
Class com.google.common.collect.ImmutableMap$Builder                                  : loaded 3 times (x 82B)
Class com.google.common.base.NullnessCasts                                            : loaded 3 times (x 71B)
Class com.google.common.collect.Lists$StringAsImmutableList                           : loaded 3 times (x 207B)
Class kotlin.internal.ProgressionUtilKt                                               : loaded 3 times (x 71B)
Class kotlin.Function                                                                 : loaded 3 times (x 70B)
Class kotlin.collections.SetsKt__SetsJVMKt                                            : loaded 3 times (x 71B)
Class com.google.common.collect.ImmutableMapEntrySet                                  : loaded 3 times (x 152B)
Class kotlin.collections.ArraysKt__ArraysKt                                           : loaded 3 times (x 71B)
Class com.google.common.math.MathPreconditions                                        : loaded 3 times (x 71B)
Class com.google.common.collect.AbstractIndexedListIterator                           : loaded 3 times (x 96B)
Class com.google.common.collect.ObjectArrays                                          : loaded 3 times (x 71B)
Class com.google.common.collect.ArrayListMultimapGwtSerializationDependencies         : loaded 3 times (x 172B)
Class com.google.common.collect.Multiset                                              : loaded 3 times (x 70B)
Class com.google.common.collect.ImmutableBiMap$Builder                                : loaded 3 times (x 82B)
Class com.google.common.base.CharMatcher$And                                          : loaded 3 times (x 112B)
Class com.google.common.collect.AbstractIterator                                      : loaded 3 times (x 82B)
Class com.google.common.primitives.Ints                                               : loaded 3 times (x 71B)
Class kotlin.collections.EmptyList                                                    : loaded 3 times (x 174B)
Class kotlin.collections.MapsKt__MapsJVMKt                                            : loaded 3 times (x 71B)
Class com.google.common.collect.BiMap                                                 : loaded 3 times (x 70B)
Class com.google.common.collect.ImmutableMap$1                                        : loaded 3 times (x 81B)
Class com.google.common.collect.IndexedImmutableSet                                   : loaded 3 times (x 152B)
Class kotlin.ranges.IntProgression                                                    : loaded 3 times (x 81B)
Class org.gradle.internal.classloader.ClasspathUtil$1                                 : loaded 2 times (x 76B)
Class kotlin.collections.builders.ListBuilderKt                                       : loaded 2 times (x 71B)
Class org.objectweb.asm.ClassWriter                                                   : loaded 2 times (x 106B)
Class kotlin.reflect.jvm.internal.impl.builtins.StandardNames$FqNames                 : loaded 2 times (x 71B)
Class com.google.common.collect.AbstractMapBasedMultimap$KeySet$1                     : loaded 2 times (x 82B)
Class kotlin.reflect.jvm.internal.KCallableImpl$_absentArguments$1                    : loaded 2 times (x 79B)
Class [Lnet.rubygrapefruit.platform.internal.FunctionResult$Failure;                  : loaded 2 times (x 69B)
Class com.google.common.base.Objects                                                  : loaded 2 times (x 71B)
Class org.objectweb.asm.FieldVisitor                                                  : loaded 2 times (x 77B)
Class org.gradle.api.internal.classpath.DefaultModuleRegistry$DefaultModule           : loaded 2 times (x 86B)
Class kotlin.ResultKt                                                                 : loaded 2 times (x 71B)
Class com.google.common.collect.NullsFirstOrdering                                    : loaded 2 times (x 115B)
Class kotlin.reflect.jvm.internal.ReflectionFactoryImpl                               : loaded 2 times (x 91B)
Class com.google.common.base.Absent                                                   : loaded 2 times (x 80B)
Class kotlin.reflect.jvm.internal.ClassValueCache                                     : loaded 2 times (x 74B)
Class kotlin.DeprecationLevel                                                         : loaded 2 times (x 79B)
Class com.google.common.reflect.Reflection                                            : loaded 2 times (x 71B)
Class kotlin.reflect.jvm.internal.KClassImpl$Data$inheritedStaticMembers$2            : loaded 2 times (x 79B)
Class kotlin.Result$Failure                                                           : loaded 2 times (x 72B)
Class kotlin.collections.IndexingIterable                                             : loaded 2 times (x 79B)
Class org.gradle.internal.InternalTransformer                                         : loaded 2 times (x 70B)
Class com.google.common.base.CharMatcher$JavaLetterOrDigit                            : loaded 2 times (x 111B)
Class net.rubygrapefruit.platform.NativeIntegration                                   : loaded 2 times (x 70B)
Class net.rubygrapefruit.platform.Native                                              : loaded 2 times (x 71B)
Class build_6fszu0k57l3kfdcx4jkstrkcl$_run_closure1                                   : loaded 2 times (x 139B)
Class kotlin.reflect.jvm.internal.KClassImpl$Data$declaredMembers$2                   : loaded 2 times (x 79B)
Class com.google.common.util.concurrent.UncheckedExecutionException                   : loaded 2 times (x 82B)
Class kotlin.reflect.jvm.internal.impl.builtins.jvm.JavaToKotlinClassMap              : loaded 2 times (x 71B)
Class kotlin.reflect.jvm.internal.KotlinReflectionInternalError                       : loaded 2 times (x 82B)
Class net.rubygrapefruit.platform.internal.Platform$Linux32Bit                        : loaded 2 times (x 83B)
Class dagger.hilt.processor.internal.optionvalues.GradleProjectType                   : loaded 2 times (x 79B)
Class kotlin.reflect.jvm.internal.KMutableProperty1Impl                               : loaded 2 times (x 135B)
Class org.gradle.api.internal.classpath.Module                                        : loaded 2 times (x 70B)
Class [Lcom.google.common.collect.LinkedHashMultimap$ValueSetLink;                    : loaded 2 times (x 69B)
Class kotlin.reflect.jvm.internal.KClassifierImpl                                     : loaded 2 times (x 70B)
Class kotlin.reflect.KMutableProperty                                                 : loaded 2 times (x 70B)
Class com.google.common.collect.ExplicitOrdering                                      : loaded 2 times (x 115B)
Class kotlin.io.FileAlreadyExistsException                                            : loaded 2 times (x 82B)
Class com.google.common.cache.Weigher                                                 : loaded 2 times (x 70B)
Class org.gradle.api.internal.classpath.UnknownModuleException                        : loaded 2 times (x 82B)
Class org.gradle.cache.GlobalCache                                                    : loaded 2 times (x 70B)
Class kotlin.jvm.internal.PropertyReference                                           : loaded 2 times (x 115B)
Class com.google.common.base.Stopwatch                                                : loaded 2 times (x 72B)
Class com.google.common.cache.LocalCache$Strength                                     : loaded 2 times (x 81B)
Class com.google.common.cache.Cache                                                   : loaded 2 times (x 70B)
Class com.google.common.base.CharMatcher$RangesMatcher                                : loaded 2 times (x 112B)
Class kotlin.reflect.jvm.internal.KClassImpl$Data$nestedClasses$2                     : loaded 2 times (x 79B)
Class com.google.common.util.concurrent.AbstractFuture$Trusted                        : loaded 2 times (x 70B)
Class kotlin.collections.IndexingIterator                                             : loaded 2 times (x 79B)
Class com.google.common.util.concurrent.AbstractFuture$Cancellation                   : loaded 2 times (x 72B)
Class com.google.common.collect.LinkedHashMultimap                                    : loaded 2 times (x 175B)
Class com.google.common.collect.Maps$TransformedEntriesMap                            : loaded 2 times (x 127B)
Class com.google.common.base.Present                                                  : loaded 2 times (x 81B)
Class kotlin.reflect.jvm.internal.impl.builtins.StandardNames                         : loaded 2 times (x 71B)
Class [Lkotlin.reflect.jvm.internal.impl.builtins.PrimitiveType;                      : loaded 2 times (x 69B)
Class kotlin.reflect.jvm.internal.KClassImpl$Data$annotations$2                       : loaded 2 times (x 79B)
Class kotlin.reflect.jvm.internal.ReflectProperties$LazySoftVal                       : loaded 2 times (x 78B)
Class [Lkotlin.reflect.KAnnotatedElement;                                             : loaded 2 times (x 69B)
Class net.rubygrapefruit.platform.internal.FunctionResult                             : loaded 2 times (x 77B)
Class com.google.common.cache.RemovalListener                                         : loaded 2 times (x 70B)
Class org.gradle.api.internal.DefaultClassPathRegistry                                : loaded 2 times (x 76B)
Class kotlin.io.LinesSequence$iterator$1                                              : loaded 2 times (x 79B)
Class com.google.common.collect.ImmutableMultimap$Keys                                : loaded 2 times (x 166B)
Class kotlin.reflect.jvm.internal.KPropertyImpl                                       : loaded 2 times (x 115B)
Class kotlin.jvm.JvmClassMappingKt                                                    : loaded 2 times (x 71B)
Class kotlin.reflect.KProperty                                                        : loaded 2 times (x 70B)
Class kotlin.jvm.internal.Reflection                                                  : loaded 2 times (x 71B)
Class kotlin.annotation.AnnotationTarget                                              : loaded 2 times (x 79B)
Class com.google.common.base.Optional                                                 : loaded 2 times (x 80B)
Class ijKotlinCoroutineJvmDebugInit1_d6p11m2njpy6aiagda9ijpaxm                        : loaded 2 times (x 179B)
Class com.google.common.reflect.Invokable$ConstructorInvokable                        : loaded 2 times (x 107B)
Class net.rubygrapefruit.platform.NativeIntegrationLinkageException                   : loaded 2 times (x 82B)
Class org.gradle.api.internal.ClassPathRegistry                                       : loaded 2 times (x 70B)
Class org.gradle.internal.classpath.DefaultClassPath$ImmutableUniqueList              : loaded 2 times (x 199B)
Class kotlin.reflect.jvm.internal.impl.resolve.jvm.JvmPrimitiveType                   : loaded 2 times (x 79B)
Class kotlin.reflect.jvm.internal.KClassImpl$Data$declaredNonStaticMembers$2          : loaded 2 times (x 79B)
Class kotlin.reflect.jvm.internal.ComputableClassValue                                : loaded 2 times (x 80B)
Class com.google.common.util.concurrent.AbstractFuture$UnsafeAtomicHelper$1           : loaded 2 times (x 76B)
Class kotlin.jvm.internal.TypeIntrinsics                                              : loaded 2 times (x 71B)
Class com.google.common.reflect.TypeToken                                             : loaded 2 times (x 73B)
Class com.google.common.base.ExtraObjectsMethodsForWeb                                : loaded 2 times (x 71B)
Class kotlin.io.FilesKt__FilePathComponentsKt                                         : loaded 2 times (x 71B)
Class kotlin.io.TerminateException                                                    : loaded 2 times (x 82B)
Class kotlin.reflect.jvm.internal.CacheByClass                                        : loaded 2 times (x 73B)
Class net.rubygrapefruit.platform.internal.jni.NativeLibraryFunctions                 : loaded 2 times (x 71B)
Class com.google.common.cache.CacheBuilder                                            : loaded 2 times (x 72B)
Class org.gradle.internal.classpath.ClassPath                                         : loaded 2 times (x 70B)
Class org.gradle.api.UncheckedIOException                                             : loaded 2 times (x 82B)
Class com.google.common.base.Equivalence$Wrapper                                      : loaded 2 times (x 72B)
Class [Lkotlin.reflect.jvm.internal.impl.name.FqName;                                 : loaded 2 times (x 69B)
Class kotlin.reflect.jvm.internal.KPackageImpl                                        : loaded 2 times (x 85B)
Class kotlin.reflect.jvm.internal.impl.utils.CollectionsKt                            : loaded 2 times (x 71B)
Class com.google.common.collect.SortedIterables                                       : loaded 2 times (x 71B)
Class [Lcom.google.common.reflect.Types$JavaVersion;                                  : loaded 2 times (x 69B)
Class com.google.common.base.JdkPattern                                               : loaded 2 times (x 75B)
Class com.google.common.collect.Sets$1$1                                              : loaded 2 times (x 82B)
Class kotlin.reflect.jvm.internal.KClassImpl$Data$declaredStaticMembers$2             : loaded 2 times (x 79B)
Class kotlin.reflect.jvm.internal.KProperty1Impl$delegateSource$1                     : loaded 2 times (x 79B)
Class [Lkotlin.reflect.KDeclarationContainer;                                         : loaded 2 times (x 69B)
Class com.google.common.cache.LocalCache$2                                            : loaded 2 times (x 142B)
Class com.google.common.reflect.TypeToken$SimpleTypeToken                             : loaded 2 times (x 73B)
Class net.rubygrapefruit.platform.internal.Platform$Windows                           : loaded 2 times (x 79B)
Class org.objectweb.asm.SymbolTable$Entry                                             : loaded 2 times (x 74B)
Class com.google.common.util.concurrent.AbstractFuture$AtomicHelper                   : loaded 2 times (x 78B)
Class [Lcom.google.common.base.CaseFormat;                                            : loaded 2 times (x 69B)
Class kotlin.io.CloseableKt                                                           : loaded 2 times (x 71B)
Class org.objectweb.asm.Edge                                                          : loaded 2 times (x 72B)
Class com.google.common.base.Suppliers$SupplierOfInstance                             : loaded 2 times (x 79B)
Class kotlin.collections.CollectionsKt___CollectionsKt$withIndex$1                    : loaded 2 times (x 79B)
Class kotlin.reflect.KProperty2                                                       : loaded 2 times (x 70B)
Class kotlin.reflect.jvm.internal.KClassImpl$Data$qualifiedName$2                     : loaded 2 times (x 79B)
Class com.google.common.collect.AbstractSetMultimap                                   : loaded 2 times (x 174B)
Class com.google.common.reflect.TypeToken$1                                           : loaded 2 times (x 110B)
Class com.google.common.cache.LocalCache$ComputingValueReference                      : loaded 2 times (x 96B)
Class com.google.common.collect.MultimapBuilder                                       : loaded 2 times (x 73B)
Class kotlin.reflect.jvm.internal.KClassImpl$Data$supertypes$2                        : loaded 2 times (x 79B)
Class kotlin.reflect.KProperty$Getter                                                 : loaded 2 times (x 70B)
Class com.google.common.reflect.TypeToken$2                                           : loaded 2 times (x 110B)
Class com.google.common.cache.LocalCache$Segment                                      : loaded 2 times (x 154B)
Class com.google.common.collect.SortedIterable                                        : loaded 2 times (x 70B)
Class ijJvmDebugger1_dobtw6cflcvxkl315inszunwy$_run_closure1                          : loaded 2 times (x 139B)
Class kotlin.SafePublicationLazyImpl                                                  : loaded 2 times (x 76B)
Class kotlin.reflect.jvm.internal.ReflectProperties                                   : loaded 2 times (x 71B)
Class com.google.common.cache.LocalCache$1                                            : loaded 2 times (x 89B)
Class kotlin.reflect.KProperty1                                                       : loaded 2 times (x 70B)
Class net.rubygrapefruit.platform.internal.LibraryDef                                 : loaded 2 times (x 72B)
Class [Lorg.objectweb.asm.SymbolTable$Entry;                                          : loaded 2 times (x 69B)
Class com.google.common.cache.CacheLoader                                             : loaded 2 times (x 74B)
Class org.gradle.internal.installation.GradleInstallation$1                           : loaded 2 times (x 75B)
Class org.gradle.api.internal.classpath.ModuleRegistry                                : loaded 2 times (x 70B)
Class kotlin.reflect.KClass                                                           : loaded 2 times (x 70B)
Class org.gradle.internal.service.ServiceLocator                                      : loaded 2 times (x 70B)
Class com.google.common.util.concurrent.internal.InternalFutureFailureAccess          : loaded 2 times (x 72B)
Class com.google.common.base.Splitter$SplittingIterator                               : loaded 2 times (x 84B)
Class kotlin.coroutines.intrinsics.IntrinsicsKt__IntrinsicsKt                         : loaded 2 times (x 71B)
Class com.google.common.collect.MultimapBuilder$ArrayListSupplier                     : loaded 2 times (x 77B)
Class com.google.common.collect.ImmutableSortedAsList                                 : loaded 2 times (x 221B)
Class com.google.common.collect.Iterators$6                                           : loaded 2 times (x 81B)
Class com.google.common.collect.ImmutableMultimap$Values                              : loaded 2 times (x 126B)
Class [Lorg.objectweb.asm.Type;                                                       : loaded 2 times (x 69B)
Class kotlin.reflect.jvm.internal.KDeclarationContainerImpl                           : loaded 2 times (x 84B)
Class com.google.common.util.concurrent.AbstractFuture$UnsafeAtomicHelper             : loaded 2 times (x 78B)
Class com.google.common.cache.LocalCache$LocalManualCache$1                           : loaded 2 times (x 75B)
Class com.google.common.collect.Multimaps$CustomListMultimap                          : loaded 2 times (x 174B)
Class kotlin.reflect.KProperty0                                                       : loaded 2 times (x 70B)
Class kotlin.Result                                                                   : loaded 2 times (x 72B)
Class com.google.common.base.MoreObjects                                              : loaded 2 times (x 71B)
Class kotlin.io.FilesKt__UtilsKt                                                      : loaded 2 times (x 71B)
Class net.rubygrapefruit.platform.internal.Platform$Window32Bit                       : loaded 2 times (x 79B)
Class org.gradle.api.internal.classpath.DefaultModuleRegistry                         : loaded 2 times (x 86B)
Class com.google.common.reflect.TypeResolver$TypeVariableKey                          : loaded 2 times (x 72B)
Class kotlin.comparisons.ComparisonsKt___ComparisonsJvmKt                             : loaded 2 times (x 71B)
Class com.google.common.collect.LinkedHashMultimap$ValueSetLink                       : loaded 2 times (x 70B)
Class kotlin.reflect.jvm.internal.impl.name.SpecialNames                              : loaded 2 times (x 71B)
Class kotlin.collections.IndexedValue                                                 : loaded 2 times (x 72B)
Class kotlin.reflect.jvm.internal.impl.name.StandardClassIdsKt                        : loaded 2 times (x 71B)
Class kotlin.reflect.jvm.internal.impl.name.FqNamesUtilKt                             : loaded 2 times (x 71B)
Class com.google.common.collect.BaseImmutableMultimap                                 : loaded 2 times (x 123B)
Class com.google.common.util.concurrent.ListenableFuture                              : loaded 2 times (x 70B)
Class com.google.common.cache.ReferenceEntry                                          : loaded 2 times (x 70B)
Class com.google.common.base.CharMatcher$Any                                          : loaded 2 times (x 112B)
Class kotlin.reflect.jvm.internal.KClassImpl$Data$allMembers$2                        : loaded 2 times (x 79B)
Class kotlin.collections.builders.ListBuilder                                         : loaded 2 times (x 207B)
Class kotlin.collections.builders.ListBuilder$Companion                               : loaded 2 times (x 71B)
Class com.google.common.collect.EmptyImmutableListMultimap                            : loaded 2 times (x 176B)
Class build_60mwr45nbiqz5d6h3vs9ut4px$_run_closure1                                   : loaded 2 times (x 139B)
Class com.google.common.cache.CacheLoader$FunctionToCacheLoader                       : loaded 2 times (x 75B)
Class com.google.common.util.concurrent.AbstractFuture                                : loaded 2 times (x 106B)
Class build_60mwr45nbiqz5d6h3vs9ut4px                                                 : loaded 2 times (x 180B)
Class com.google.common.collect.ImmutableMultiset                                     : loaded 2 times (x 163B)
Class com.google.common.base.CaseFormat$StringConverter                               : loaded 2 times (x 90B)
Class kotlin.reflect.jvm.internal.CachesKt$CACHE_FOR_NULLABLE_BASE_CLASSIFIERS$1      : loaded 2 times (x 78B)
Class com.google.common.reflect.Types$ParameterizedTypeImpl                           : loaded 2 times (x 81B)
Class com.google.common.reflect.TypeResolver$TypeTable                                : loaded 2 times (x 73B)
Class org.objectweb.asm.RecordComponentVisitor                                        : loaded 2 times (x 77B)
Class com.google.common.cache.CacheLoader$SupplierToCacheLoader                       : loaded 2 times (x 75B)
Class settings_5s4a1xj1bp6azikp2agycm6ls                                              : loaded 2 times (x 179B)
Class com.google.common.collect.UsingToStringOrdering                                 : loaded 2 times (x 114B)
Class kotlin.jvm.internal.markers.KMutableList                                        : loaded 2 times (x 70B)
Class [Lkotlin.annotation.AnnotationTarget;                                           : loaded 2 times (x 69B)
Class kotlin.reflect.jvm.internal.KClassImpl$data$1                                   : loaded 2 times (x 79B)
Class kotlin.io.FilesKt__FileReadWriteKt                                              : loaded 2 times (x 71B)
Class [Lkotlin.Pair;                                                                  : loaded 2 times (x 69B)
Class com.google.common.reflect.TypeResolver$TypeTable$1                              : loaded 2 times (x 73B)
Class org.gradle.internal.service.ServiceLookupException                              : loaded 2 times (x 82B)
Class com.google.common.collect.ImmutableSortedSet                                    : loaded 2 times (x 300B)
Class kotlin.jvm.internal.MutablePropertyReference1Impl                               : loaded 2 times (x 137B)
Class [Lcom.google.common.cache.LocalCache$EntryFactory;                              : loaded 2 times (x 69B)
Class com.google.common.base.CharMatcher$JavaLetter                                   : loaded 2 times (x 111B)
Class ijKotlinCoroutineJvmDebugInit1_d6p11m2njpy6aiagda9ijpaxm$_run_closure1          : loaded 2 times (x 139B)
Class org.gradle.internal.classloader.ClassLoaderFactory                              : loaded 2 times (x 70B)
Class kotlin.reflect.jvm.internal.KPropertyImpl$_javaField$1                          : loaded 2 times (x 79B)
Class kotlin.reflect.jvm.internal.impl.builtins.PrimitiveType                         : loaded 2 times (x 79B)
Class com.google.common.collect.ImmutableMap$SerializedForm                           : loaded 2 times (x 73B)
Class net.rubygrapefruit.platform.internal.Platform$Linux                             : loaded 2 times (x 83B)
Class com.google.common.cache.LocalCache$LocalManualCache                             : loaded 2 times (x 99B)
Class com.google.common.base.CommonPattern                                            : loaded 2 times (x 74B)
Class org.gradle.internal.service.CachingServiceLocator                               : loaded 2 times (x 82B)
Class com.google.common.collect.LinkedHashMultimap$ValueEntry                         : loaded 2 times (x 89B)
Class com.google.common.collect.RegularImmutableSortedSet                             : loaded 2 times (x 300B)
Class kotlin.reflect.jvm.internal.CachesKt$CACHE_FOR_GENERIC_CLASSIFIERS$1            : loaded 2 times (x 78B)
Class kotlin.reflect.jvm.internal.impl.name.StandardClassIds                          : loaded 2 times (x 71B)
Class com.google.common.collect.ImmutableListMultimap                                 : loaded 2 times (x 176B)
Class com.google.common.collect.AbstractMapBasedMultimap$KeySet                       : loaded 2 times (x 137B)
Class kotlin.jvm.internal.markers.KMutableMap                                         : loaded 2 times (x 70B)
Class kotlin.reflect.jvm.internal.impl.descriptors.runtime.structure.ReflectClassUtilKt: loaded 2 times (x 71B)
Class com.google.common.collect.Maps$IteratorBasedAbstractMap$1                       : loaded 2 times (x 138B)
Class com.google.common.collect.LinkedHashMultimap$ValueSet                           : loaded 2 times (x 142B)
Class com.google.common.reflect.Types$TypeVariableInvocationHandler                   : loaded 2 times (x 75B)
Class com.google.common.collect.Iterators$10                                          : loaded 2 times (x 81B)
Class com.google.common.base.CharMatcher$JavaDigit                                    : loaded 2 times (x 111B)
Class [Lkotlin.coroutines.intrinsics.CoroutineSingletons;                             : loaded 2 times (x 69B)
Class com.google.common.collect.ImmutableMultimap                                     : loaded 2 times (x 147B)
Class org.gradle.internal.classpath.TransformedClassPath                              : loaded 2 times (x 96B)
Class com.google.common.cache.CacheBuilder$NullListener                               : loaded 2 times (x 82B)
Class org.objectweb.asm.FieldWriter                                                   : loaded 2 times (x 78B)
Class kotlin.jvm.internal.markers.KMutableListIterator                                : loaded 2 times (x 70B)
Class com.google.common.collect.IndexedImmutableSet$1                                 : loaded 2 times (x 213B)
Class kotlin.reflect.jvm.internal.KCallableImpl$_returnType$1                         : loaded 2 times (x 79B)
Class com.google.common.reflect.Invokable                                             : loaded 2 times (x 103B)
Class com.google.common.cache.CacheBuilder$OneWeigher                                 : loaded 2 times (x 82B)
Class kotlin.reflect.jvm.internal.KDeclarationContainerImpl$Companion                 : loaded 2 times (x 71B)
Class com.google.common.reflect.Types$ClassOwnership$1LocalClass                      : loaded 2 times (x 71B)
Class net.rubygrapefruit.platform.internal.Platform$Unsupported                       : loaded 2 times (x 79B)
Class net.rubygrapefruit.platform.internal.Platform$FreeBSD32Bit                      : loaded 2 times (x 82B)
Class com.google.common.collect.ImmutableBiMapFauxverideShim                          : loaded 2 times (x 120B)
Class org.gradle.internal.classloader.ClasspathUtil                                   : loaded 2 times (x 71B)
Class kotlin.jvm.internal.PropertyReference0                                          : loaded 2 times (x 127B)
Class kotlin.io.FileSystemException                                                   : loaded 2 times (x 82B)
Class net.rubygrapefruit.platform.internal.Platform$Unix                              : loaded 2 times (x 82B)
Class com.google.common.base.Charsets                                                 : loaded 2 times (x 71B)
Class com.google.common.util.concurrent.Uninterruptibles                              : loaded 2 times (x 71B)
Class kotlin.reflect.full.IllegalCallableAccessException                              : loaded 2 times (x 82B)
Class kotlin.jvm.internal.DefaultConstructorMarker                                    : loaded 2 times (x 71B)
Class kotlin.jvm.internal.PropertyReference1                                          : loaded 2 times (x 127B)
Class kotlin._Assertions                                                              : loaded 2 times (x 71B)
Class com.google.common.base.CharMatcher$JavaUpperCase                                : loaded 2 times (x 111B)
Class org.gradle.api.specs.Spec                                                       : loaded 2 times (x 70B)
Class com.google.common.collect.MultimapBuilder$ListMultimapBuilder                   : loaded 2 times (x 75B)
Class kotlin.text.Regex$Companion                                                     : loaded 2 times (x 71B)
Class kotlin.LazyKt__LazyJVMKt$WhenMappings                                           : loaded 2 times (x 71B)
Class kotlin.jvm.internal.MutablePropertyReference                                    : loaded 2 times (x 119B)
Class kotlin.jvm.internal.PropertyReference2                                          : loaded 2 times (x 127B)
Class com.google.common.reflect.Types$JavaVersion                                     : loaded 2 times (x 83B)
Class com.google.common.collect.Sets$3$1                                              : loaded 2 times (x 82B)
Class [Lkotlin.reflect.jvm.internal.impl.builtins.jvm.JavaToKotlinClassMap$PlatformMutabilityMapping;: loaded 2 times (x 69B)
Class kotlin.reflect.jvm.internal.KClassImpl$Data$constructors$2                      : loaded 2 times (x 79B)
Class kotlin.LazyThreadSafetyMode                                                     : loaded 2 times (x 79B)
Class kotlin.reflect.full.IllegalPropertyDelegateAccessException                      : loaded 2 times (x 82B)
Class com.google.common.cache.LocalCache$LoadingValueReference                        : loaded 2 times (x 96B)
Class com.google.common.collect.CollectSpliterators                                   : loaded 2 times (x 71B)
Class kotlin.jvm.internal.SpreadBuilder                                               : loaded 2 times (x 76B)
Class com.google.common.base.Splitter$1                                               : loaded 2 times (x 77B)
Class com.google.common.cache.LocalCache$Strength$3                                   : loaded 2 times (x 81B)
Class net.rubygrapefruit.platform.internal.Platform$Posix                             : loaded 2 times (x 81B)
Class com.google.common.reflect.Invokable$MethodInvokable                             : loaded 2 times (x 107B)
Class com.google.common.base.Platform                                                 : loaded 2 times (x 71B)
Class kotlin.reflect.KTypeParameter                                                   : loaded 2 times (x 70B)
Class com.google.common.collect.CompoundOrdering                                      : loaded 2 times (x 115B)
Class kotlin.reflect.jvm.internal.CachesKt$K_PACKAGE_CACHE$1                          : loaded 2 times (x 78B)
Class kotlin.reflect.jvm.internal.KClassImpl$Data$descriptor$2                        : loaded 2 times (x 79B)
Class com.google.common.base.CaseFormat$5                                             : loaded 2 times (x 83B)
Class com.google.common.collect.TransformedIterator                                   : loaded 2 times (x 80B)
Class kotlin.io.FilePathComponents                                                    : loaded 2 times (x 72B)
Class [Lorg.objectweb.asm.AnnotationWriter;                                           : loaded 2 times (x 69B)
Class com.google.common.primitives.Ints$IntConverter                                  : loaded 2 times (x 90B)
Class com.google.common.collect.Maps$9                                                : loaded 2 times (x 76B)
Class com.google.common.collect.AllEqualOrdering                                      : loaded 2 times (x 114B)
Class kotlin.text.Regex                                                               : loaded 2 times (x 72B)
Class com.google.common.cache.LocalCache$Strength$2                                   : loaded 2 times (x 81B)
Class com.google.common.util.concurrent.SettableFuture                                : loaded 2 times (x 114B)
Class com.google.common.cache.LocalCache$StrongValueReference                         : loaded 2 times (x 90B)
Class com.google.common.util.concurrent.AbstractFuture$SynchronizedHelper             : loaded 2 times (x 78B)
Class com.google.common.base.CharMatcher$Invisible                                    : loaded 2 times (x 112B)
Class com.google.common.graph.SuccessorsFunction                                      : loaded 2 times (x 70B)
Class kotlin.jvm.internal.ReflectionFactory                                           : loaded 2 times (x 91B)
Class net.rubygrapefruit.platform.internal.Platform$MacOs64Bit                        : loaded 2 times (x 82B)
Class org.objectweb.asm.Type                                                          : loaded 2 times (x 72B)
Class org.gradle.internal.classloader.VisitableURLClassLoader$InstrumentingVisitableURLClassLoader: loaded 2 times (x 123B)
Class com.google.common.reflect.Types$ClassOwnership$3                                : loaded 2 times (x 71B)
Class kotlin.coroutines.Continuation                                                  : loaded 2 times (x 70B)
Class kotlin.comparisons.ComparisonsKt__ComparisonsKt                                 : loaded 2 times (x 71B)
Class [Lkotlin.reflect.jvm.internal.impl.resolve.jvm.JvmPrimitiveType;                : loaded 2 times (x 69B)
Class kotlin.jvm.internal.ClassBasedDeclarationContainer                              : loaded 2 times (x 70B)
Class kotlin.annotation.AnnotationRetention                                           : loaded 2 times (x 79B)
Class kotlin.jvm.functions.Function22                                                 : loaded 2 times (x 70B)
Class com.google.common.base.CaseFormat$4                                             : loaded 2 times (x 83B)
Class org.objectweb.asm.ByteVector                                                    : loaded 2 times (x 79B)
Class [Lcom.google.common.cache.CacheBuilder$NullListener;                            : loaded 2 times (x 69B)
Class org.gradle.internal.classloader.VisitableURLClassLoader$Spec                    : loaded 2 times (x 74B)
Class org.gradle.internal.classpath.DefaultClassPath                                  : loaded 2 times (x 90B)
Class kotlin.coroutines.jvm.internal.BaseContinuationImpl                             : loaded 2 times (x 87B)
Class kotlin.comparisons.ComparisonsKt                                                : loaded 2 times (x 71B)
Class kotlin.comparisons.ComparisonsKt___ComparisonsKt                                : loaded 2 times (x 71B)
Class kotlin.reflect.jvm.internal.KMutableProperty1Impl$_setter$1                     : loaded 2 times (x 79B)
Class kotlin.Result$Companion                                                         : loaded 2 times (x 71B)
Class com.google.common.cache.LocalCache$Strength$1                                   : loaded 2 times (x 81B)
Class com.google.common.reflect.Types$ClassOwnership                                  : loaded 2 times (x 80B)
Class org.objectweb.asm.Symbol                                                        : loaded 2 times (x 73B)
Class com.google.common.base.AbstractIterator                                         : loaded 2 times (x 80B)
Class org.objectweb.asm.ModuleVisitor                                                 : loaded 2 times (x 81B)
Class com.google.common.reflect.TypeResolver                                          : loaded 2 times (x 72B)
Class kotlin.reflect.KType                                                            : loaded 2 times (x 70B)
Class com.google.common.reflect.Types$ClassOwnership$2                                : loaded 2 times (x 80B)
Class com.google.common.base.CharMatcher$Ascii                                        : loaded 2 times (x 112B)
Class org.gradle.internal.classloader.ClassLoaderSpec                                 : loaded 2 times (x 71B)
Class kotlin.reflect.jvm.internal.ReflectProperties$Val$1                             : loaded 2 times (x 71B)
Class kotlin.reflect.jvm.internal.impl.name.ClassId                                   : loaded 2 times (x 72B)
Class net.rubygrapefruit.platform.internal.Platform$MacOs32Bit                        : loaded 2 times (x 82B)
Class net.rubygrapefruit.platform.internal.Platform$Linux64Bit                        : loaded 2 times (x 83B)
Class org.objectweb.asm.AnnotationWriter                                              : loaded 2 times (x 79B)
Class com.google.common.cache.CacheStats                                              : loaded 2 times (x 71B)
Class kotlin.jvm.functions.Function21                                                 : loaded 2 times (x 70B)
Class com.google.common.base.CaseFormat$3                                             : loaded 2 times (x 83B)
Class kotlin.jvm.internal.markers.KMutableIterable                                    : loaded 2 times (x 70B)
Class com.google.common.collect.ImmutableMultisetGwtSerializationDependencies         : loaded 2 times (x 125B)
Class [Lcom.google.common.collect.LinkedHashMultimap$ValueEntry;                      : loaded 2 times (x 69B)
Class org.gradle.internal.service.UnknownServiceException                             : loaded 2 times (x 83B)
Class org.objectweb.asm.RecordComponentWriter                                         : loaded 2 times (x 78B)
Class com.google.common.util.concurrent.AbstractFuture$Listener                       : loaded 2 times (x 72B)
Class com.google.common.collect.MultimapBuilder$SortedSetMultimapBuilder              : loaded 2 times (x 77B)
Class com.google.common.base.AbstractIterator$State                                   : loaded 2 times (x 79B)
Class com.google.common.cache.LocalCache$LocalLoadingCache                            : loaded 2 times (x 134B)
Class org.objectweb.asm.Attribute                                                     : loaded 2 times (x 77B)
Class org.gradle.internal.classloader.VisitableURLClassLoader                         : loaded 2 times (x 117B)
Class [Lkotlin.DeprecationLevel;                                                      : loaded 2 times (x 69B)
Class kotlin.reflect.jvm.internal.KClassImpl                                          : loaded 2 times (x 115B)
Class kotlin.collections.ArraysUtilJVM                                                : loaded 2 times (x 71B)
Class com.google.common.util.concurrent.AbstractFuture$SafeAtomicHelper               : loaded 2 times (x 79B)
Class com.google.common.collect.ImmutableList$SerializedForm                          : loaded 2 times (x 73B)
Class net.rubygrapefruit.platform.internal.FunctionResult$Failure                     : loaded 2 times (x 79B)
Class net.rubygrapefruit.platform.internal.NativeLibraryLoader                        : loaded 2 times (x 73B)
Class com.google.common.util.concurrent.AbstractFuture$Waiter                         : loaded 2 times (x 72B)
Class org.gradle.internal.Cast                                                        : loaded 2 times (x 71B)
Class org.gradle.api.Action                                                           : loaded 2 times (x 70B)
Class kotlin.collections.AbstractMutableList                                          : loaded 2 times (x 206B)
Class [Lorg.objectweb.asm.AnnotationVisitor;                                          : loaded 2 times (x 69B)
Class com.google.common.reflect.Types$ClassOwnership$1                                : loaded 2 times (x 80B)
Class kotlin.jvm.functions.Function20                                                 : loaded 2 times (x 70B)
Class org.objectweb.asm.Handler                                                       : loaded 2 times (x 72B)
Class com.google.common.base.Ticker                                                   : loaded 2 times (x 72B)
Class com.google.common.base.Strings                                                  : loaded 2 times (x 71B)
Class org.gradle.internal.agents.InstrumentingClassLoader                             : loaded 2 times (x 70B)
Class com.google.common.collect.MultimapBuilder$SetMultimapBuilder                    : loaded 2 times (x 75B)
Class kotlin.jvm.internal.markers.KMutableIterator                                    : loaded 2 times (x 70B)
Class com.google.common.collect.ImmutableSortedSet$Builder                            : loaded 2 times (x 86B)
Class com.google.common.base.CaseFormat$2                                             : loaded 2 times (x 83B)
Class kotlin.reflect.jvm.internal.KCallableImpl$_typeParameters$1                     : loaded 2 times (x 79B)
Class kotlin.jvm.functions.Function2                                                  : loaded 2 times (x 70B)
Class org.gradle.api.internal.ClassPathProvider                                       : loaded 2 times (x 70B)
Class [Lcom.google.common.cache.LocalCache$Segment;                                   : loaded 2 times (x 69B)
Class [Lcom.google.common.cache.LocalCache$Strength;                                  : loaded 2 times (x 69B)
Class com.google.common.cache.CacheBuilder$1                                          : loaded 2 times (x 85B)
Class org.gradle.internal.classpath.DefaultClassPath$ImmutableUniqueList$Builder      : loaded 2 times (x 75B)
Class [Lorg.gradle.api.internal.ClassPathProvider;                                    : loaded 2 times (x 69B)
Class kotlin.jvm.functions.Function3                                                  : loaded 2 times (x 70B)
Class kotlin.reflect.jvm.internal.KDeclarationContainerImpl$Data                      : loaded 2 times (x 72B)
Class kotlin.reflect.jvm.internal.KProperty1Impl$_getter$1                            : loaded 2 times (x 79B)
Class ijJvmDebugger1_dobtw6cflcvxkl315inszunwy                                        : loaded 2 times (x 179B)
Class com.google.common.cache.LocalCache                                              : loaded 2 times (x 187B)
Class com.google.common.cache.CacheBuilder$2                                          : loaded 2 times (x 72B)
Class kotlin.reflect.jvm.internal.impl.builtins.PrimitiveType$arrayTypeFqName$2       : loaded 2 times (x 79B)
Class kotlin.jvm.functions.Function4                                                  : loaded 2 times (x 70B)
Class kotlin.reflect.jvm.internal.impl.builtins.PrimitiveType$Companion               : loaded 2 times (x 71B)
Class kotlin.reflect.jvm.internal.KClassImpl$Data$typeParameters$2                    : loaded 2 times (x 79B)
Class kotlin.reflect.jvm.internal.KClassImpl$Data                                     : loaded 2 times (x 72B)
Class kotlin.reflect.jvm.internal.impl.builtins.jvm.JavaToKotlinClassMap$PlatformMutabilityMapping: loaded 2 times (x 72B)
Class com.google.common.base.CaseFormat$1                                             : loaded 2 times (x 83B)
Class com.google.common.collect.NaturalOrdering                                       : loaded 2 times (x 115B)
Class com.google.common.collect.LinkedHashMultimapGwtSerializationDependencies        : loaded 2 times (x 174B)
Class org.gradle.api.internal.DefaultClassPathProvider                                : loaded 2 times (x 76B)
Class com.google.common.base.AbstractIterator$1                                       : loaded 2 times (x 71B)
Class com.google.common.base.CharMatcher$Digit                                        : loaded 2 times (x 112B)
Class org.gradle.api.GradleException                                                  : loaded 2 times (x 82B)
Class kotlin.jvm.functions.Function5                                                  : loaded 2 times (x 70B)
Class com.google.common.base.Splitter                                                 : loaded 2 times (x 72B)
Class org.objectweb.asm.AnnotationVisitor                                             : loaded 2 times (x 78B)
Class [Lkotlin.reflect.KCallable;                                                     : loaded 2 times (x 69B)
Class com.google.common.base.Suppliers$MemoizingSupplier                              : loaded 2 times (x 79B)
Class kotlin.reflect.KProperty$Accessor                                               : loaded 2 times (x 70B)
Class com.google.common.collect.ForwardingMap                                         : loaded 2 times (x 132B)
Class com.google.common.base.CharMatcher$JavaIsoControl                               : loaded 2 times (x 112B)
Class kotlin.jvm.functions.Function6                                                  : loaded 2 times (x 70B)
Class kotlin.reflect.jvm.internal.KPropertyImpl$_descriptor$1                         : loaded 2 times (x 79B)
Class kotlin.reflect.jvm.internal.KTypeParameterOwnerImpl                             : loaded 2 times (x 70B)
Class kotlin.reflect.jvm.internal.KCallableImpl                                       : loaded 2 times (x 105B)
Class com.google.common.collect.ComparatorOrdering                                    : loaded 2 times (x 115B)
Class kotlin.reflect.jvm.internal.CachesKt$K_CLASS_CACHE$1                            : loaded 2 times (x 78B)
Class kotlin.io.FilesKt                                                               : loaded 2 times (x 71B)
Class com.google.common.base.CharMatcher$JavaLowerCase                                : loaded 2 times (x 111B)
Class kotlin.jvm.functions.Function7                                                  : loaded 2 times (x 70B)
Class kotlin.reflect.jvm.internal.impl.name.Name                                      : loaded 2 times (x 75B)
Class kotlin.reflect.jvm.internal.KPropertyImpl$Companion                             : loaded 2 times (x 71B)
Class kotlin.reflect.jvm.internal.impl.name.FqNameUnsafe$1                            : loaded 2 times (x 74B)
Class net.rubygrapefruit.platform.internal.NativeLibraryLocator                       : loaded 2 times (x 73B)
Class net.rubygrapefruit.platform.Process                                             : loaded 2 times (x 70B)
Class com.google.common.cache.LocalCache$EntryFactory                                 : loaded 2 times (x 83B)
Class com.google.common.collect.NullsLastOrdering                                     : loaded 2 times (x 115B)
Class kotlin.collections.builders.MapBuilder$Companion                                : loaded 2 times (x 71B)
Class com.google.common.collect.Maps$12                                               : loaded 2 times (x 82B)
Class kotlin.jvm.functions.Function8                                                  : loaded 2 times (x 70B)
Class kotlin.reflect.jvm.internal.impl.name.FqNameUnsafe                              : loaded 2 times (x 72B)
Class com.google.common.collect.CollectSpliterators$1WithCharacteristics              : loaded 2 times (x 90B)
Class [Lkotlin.annotation.AnnotationRetention;                                        : loaded 2 times (x 69B)
Class org.gradle.api.internal.classpath.EffectiveClassPath                            : loaded 2 times (x 90B)
Class net.rubygrapefruit.platform.internal.Platform                                   : loaded 2 times (x 79B)
Class com.google.common.reflect.Types$NativeTypeVariableEquals                        : loaded 2 times (x 71B)
Class com.google.common.reflect.TypeParameter                                         : loaded 2 times (x 72B)
Class com.google.common.cache.LocalCache$AbstractReferenceEntry                       : loaded 2 times (x 107B)
Class com.google.common.base.Splitter$1$1                                             : loaded 2 times (x 86B)
Class com.google.common.base.CharMatcher$Whitespace                                   : loaded 2 times (x 112B)
Class org.gradle.internal.IoActions                                                   : loaded 2 times (x 71B)
Class com.google.common.collect.MultimapBuilder$MultimapBuilderWithKeys$1             : loaded 2 times (x 76B)
Class com.google.common.collect.Maps$13                                               : loaded 2 times (x 85B)
Class com.google.common.collect.ImmutableMapKeySet                                    : loaded 2 times (x 152B)
Class [Lkotlin.reflect.jvm.internal.impl.name.ClassId;                                : loaded 2 times (x 69B)
Class kotlin.jvm.functions.Function10                                                 : loaded 2 times (x 70B)
Class kotlin.jvm.functions.Function9                                                  : loaded 2 times (x 70B)
Class kotlin.reflect.jvm.internal.KClassImpl$Data$allNonStaticMembers$2               : loaded 2 times (x 79B)
Class [Lkotlin.LazyThreadSafetyMode;                                                  : loaded 2 times (x 69B)
Class [Lkotlin.reflect.KClassifier;                                                   : loaded 2 times (x 69B)
Class kotlin.reflect.jvm.internal.EmptyContainerForLocal                              : loaded 2 times (x 84B)
Class kotlin.annotation.MustBeDocumented                                              : loaded 2 times (x 70B)
Class net.rubygrapefruit.platform.NativeIntegrationUnavailableException               : loaded 2 times (x 82B)
Class org.objectweb.asm.SymbolTable                                                   : loaded 2 times (x 72B)
Class com.google.common.cache.CacheLoader$InvalidCacheLoadException                   : loaded 2 times (x 82B)
Class com.google.common.base.CharMatcher$SingleWidth                                  : loaded 2 times (x 112B)
Class ijKotlinCoroutineJvmDebugInit1_d6p11m2njpy6aiagda9ijpaxm$_run_closure1$_closure2: loaded 2 times (x 139B)
Class org.gradle.internal.classloader.SystemClassLoaderSpec                           : loaded 2 times (x 71B)
Class kotlin.coroutines.intrinsics.IntrinsicsKt                                       : loaded 2 times (x 71B)
Class com.google.common.collect.MultimapBuilder$MultimapBuilderWithKeys$2             : loaded 2 times (x 76B)
Class kotlin.jvm.internal.markers.KMutableCollection                                  : loaded 2 times (x 70B)
Class com.google.common.base.CaseFormat                                               : loaded 2 times (x 83B)
Class kotlin.jvm.functions.Function11                                                 : loaded 2 times (x 70B)
Class kotlin.reflect.jvm.internal.KClassImpl$Data$sealedSubclasses$2                  : loaded 2 times (x 79B)
Class [Ldagger.hilt.processor.internal.optionvalues.GradleProjectType;                : loaded 2 times (x 69B)
Class kotlin.reflect.jvm.internal.KProperty1Impl                                      : loaded 2 times (x 128B)
Class kotlin.reflect.jvm.internal.KClassImpl$Data$objectInstance$2                    : loaded 2 times (x 79B)
Class com.google.common.collect.Ordering                                              : loaded 2 times (x 114B)
Class com.google.common.cache.LocalCache$StrongEntry                                  : loaded 2 times (x 108B)
Class com.google.common.util.concurrent.AbstractFuture$TrustedFuture                  : loaded 2 times (x 114B)
Class com.google.common.cache.LoadingCache                                            : loaded 2 times (x 70B)
Class kotlin.coroutines.intrinsics.CoroutineSingletons                                : loaded 2 times (x 79B)
Class com.google.common.collect.MultimapBuilder$MultimapBuilderWithKeys$3             : loaded 2 times (x 76B)
Class org.gradle.internal.classloader.ClassLoaderVisitor                              : loaded 2 times (x 76B)
Class kotlin.jvm.functions.Function12                                                 : loaded 2 times (x 70B)
Class com.google.common.base.Suppliers$NonSerializableMemoizingSupplier               : loaded 2 times (x 79B)
Class com.google.common.base.CharMatcher$None                                         : loaded 2 times (x 112B)
Class kotlin.reflect.jvm.internal.KDeclarationContainerImpl$Data$moduleData$2         : loaded 2 times (x 79B)
Class net.rubygrapefruit.platform.ProcessLauncher                                     : loaded 2 times (x 70B)
Class org.objectweb.asm.MethodWriter                                                  : loaded 2 times (x 106B)
Class [Lcom.google.common.cache.Weigher;                                              : loaded 2 times (x 69B)
Class com.google.common.collect.MultimapBuilder$MultimapBuilderWithKeys$4             : loaded 2 times (x 76B)
Class com.google.common.collect.ImmutableMultimap$1                                   : loaded 2 times (x 82B)
Class kotlin.jvm.functions.Function13                                                 : loaded 2 times (x 70B)
Class com.google.common.collect.ReverseNaturalOrdering                                : loaded 2 times (x 114B)
Class org.gradle.internal.classloader.DefaultClassLoaderFactory                       : loaded 2 times (x 82B)
Class kotlin.text.Charsets                                                            : loaded 2 times (x 71B)
Class com.google.common.collect.MultimapBuilder$MultimapBuilderWithKeys$5             : loaded 2 times (x 78B)
Class com.google.common.collect.ImmutableMultimap$2                                   : loaded 2 times (x 81B)
Class settings_5s4a1xj1bp6azikp2agycm6ls$_run_closure1                                : loaded 2 times (x 139B)
Class com.google.common.base.Platform$JdkPatternCompiler                              : loaded 2 times (x 75B)
Class kotlin.jvm.functions.Function14                                                 : loaded 2 times (x 70B)
Class [Lcom.google.common.cache.CacheBuilder$OneWeigher;                              : loaded 2 times (x 69B)
Class org.objectweb.asm.MethodTooLargeException                                       : loaded 2 times (x 83B)
Class com.google.common.reflect.Types$JavaVersion$1                                   : loaded 2 times (x 83B)
Class com.google.common.cache.LocalCache$ValueReference                               : loaded 2 times (x 70B)
Class com.google.common.collect.MultimapBuilder$MultimapBuilderWithKeys$6             : loaded 2 times (x 76B)
Class kotlin.jvm.functions.Function15                                                 : loaded 2 times (x 70B)
Class kotlin.io.LinesSequence                                                         : loaded 2 times (x 75B)
Class [Lkotlin.reflect.KClass;                                                        : loaded 2 times (x 69B)
Class kotlin.reflect.jvm.internal.impl.name.FqName                                    : loaded 2 times (x 72B)
Class org.objectweb.asm.ClassVisitor                                                  : loaded 2 times (x 88B)
Class [Lorg.objectweb.asm.Symbol;                                                     : loaded 2 times (x 69B)
Class com.google.common.reflect.Types$JavaVersion$2                                   : loaded 2 times (x 83B)
Class com.google.common.reflect.Types                                                 : loaded 2 times (x 71B)
Class com.google.common.util.concurrent.AbstractFuture$Failure                        : loaded 2 times (x 72B)
Class com.google.common.base.PatternCompiler                                          : loaded 2 times (x 70B)
Class kotlin.coroutines.EmptyCoroutineContext                                         : loaded 2 times (x 77B)
Class com.google.common.collect.ByFunctionOrdering                                    : loaded 2 times (x 115B)
Class com.google.common.reflect.TypeCapture                                           : loaded 2 times (x 71B)
Class com.google.common.collect.ImmutableSetMultimap                                  : loaded 2 times (x 180B)
Class kotlin.collections.builders.ListBuilder$Itr                                     : loaded 2 times (x 94B)
Class kotlin.jvm.functions.Function16                                                 : loaded 2 times (x 70B)
Class kotlin.reflect.jvm.internal.CacheByClassKt                                      : loaded 2 times (x 71B)
Class net.rubygrapefruit.platform.NativeException                                     : loaded 2 times (x 82B)
Class kotlin.jvm.internal.MutablePropertyReference2                                   : loaded 2 times (x 137B)
Class kotlin.reflect.jvm.internal.ReflectProperties$Val                               : loaded 2 times (x 74B)
Class com.google.common.reflect.Types$JavaVersion$3                                   : loaded 2 times (x 83B)
Class org.objectweb.asm.Label                                                         : loaded 2 times (x 73B)
Class org.objectweb.asm.CurrentFrame                                                  : loaded 2 times (x 73B)
Class org.objectweb.asm.ClassTooLargeException                                        : loaded 2 times (x 83B)
Class com.google.common.collect.Maps$IteratorBasedAbstractMap                         : loaded 2 times (x 125B)
Class kotlin.reflect.jvm.internal.impl.builtins.PrimitiveType$typeFqName$2            : loaded 2 times (x 79B)
Class kotlin.collections.builders.MapBuilder                                          : loaded 2 times (x 112B)
Class com.google.common.collect.ImmutableListMultimap$Builder                         : loaded 2 times (x 83B)
Class kotlin.jvm.functions.Function17                                                 : loaded 2 times (x 70B)
Class org.gradle.api.internal.classpath.ManifestUtil                                  : loaded 2 times (x 71B)
Class build_6fszu0k57l3kfdcx4jkstrkcl                                                 : loaded 2 times (x 180B)
Class com.google.common.reflect.Types$JavaVersion$4                                   : loaded 2 times (x 83B)
Class org.objectweb.asm.Frame                                                         : loaded 2 times (x 73B)
Class org.objectweb.asm.MethodVisitor                                                 : loaded 2 times (x 105B)
Class com.google.common.cache.LocalCache$EntryFactory$1                               : loaded 2 times (x 83B)
Class [Lcom.google.common.cache.RemovalListener;                                      : loaded 2 times (x 69B)
Class kotlin.jvm.functions.Function18                                                 : loaded 2 times (x 70B)
Class com.google.common.util.concurrent.ExecutionError                                : loaded 2 times (x 82B)
Class kotlin.reflect.jvm.internal.CachesKt                                            : loaded 2 times (x 71B)
Class net.rubygrapefruit.platform.internal.Platform$FreeBSD                           : loaded 2 times (x 82B)
Class com.google.common.reflect.Types$JavaVersion$5                                   : loaded 2 times (x 71B)
Class [Lcom.google.common.reflect.Types$ClassOwnership;                               : loaded 2 times (x 69B)
Class com.google.common.cache.LocalCache$EntryFactory$2                               : loaded 2 times (x 83B)
Class com.google.common.collect.Multimaps                                             : loaded 2 times (x 71B)
Class com.google.common.collect.ImmutableBiMap$SerializedForm                         : loaded 2 times (x 75B)
Class kotlin.jvm.functions.Function19                                                 : loaded 2 times (x 70B)
Class kotlin.reflect.jvm.internal.KClassImpl$Data$allStaticMembers$2                  : loaded 2 times (x 79B)
Class kotlin.reflect.KMutableProperty$Setter                                          : loaded 2 times (x 70B)
Class kotlin.jvm.internal.MutablePropertyReference1                                   : loaded 2 times (x 137B)
Class kotlin.SafePublicationLazyImpl$Companion                                        : loaded 2 times (x 71B)
Class kotlin.jvm.internal.PropertyReference1Impl                                      : loaded 2 times (x 127B)
Class org.objectweb.asm.ModuleWriter                                                  : loaded 2 times (x 82B)
Class com.google.common.cache.LocalCache$EntryFactory$3                               : loaded 2 times (x 83B)
Class com.google.common.base.Ticker$1                                                 : loaded 2 times (x 72B)
Class com.google.common.collect.MultimapBuilder$1                                     : loaded 2 times (x 83B)
Class org.gradle.internal.classloader.ClassLoaderHierarchy                            : loaded 2 times (x 70B)
Class com.google.common.collect.SetMultimap                                           : loaded 2 times (x 70B)
Class [Lcom.google.common.base.AbstractIterator$State;                                : loaded 2 times (x 69B)
Class net.rubygrapefruit.platform.internal.Platform$MacOs                             : loaded 2 times (x 82B)
Class net.rubygrapefruit.platform.internal.Platform$Window64Bit                       : loaded 2 times (x 79B)
Class com.google.common.cache.LocalCache$EntryFactory$4                               : loaded 2 times (x 83B)
Class com.google.common.collect.MultimapBuilder$2                                     : loaded 2 times (x 83B)
Class com.google.common.collect.MultimapBuilder$MultimapBuilderWithKeys               : loaded 2 times (x 82B)
Class com.google.common.collect.ReverseOrdering                                       : loaded 2 times (x 115B)
Class kotlin.reflect.jvm.internal.KCallableImpl$_parameters$1                         : loaded 2 times (x 79B)
Class kotlin.sequences.ConstrainedOnceSequence                                        : loaded 2 times (x 75B)
Class com.google.common.cache.LocalCache$EntryFactory$5                               : loaded 2 times (x 83B)
Class com.google.common.collect.MultimapBuilder$3                                     : loaded 2 times (x 84B)
Class kotlin.reflect.jvm.internal.KClassImpl$Data$simpleName$2                        : loaded 2 times (x 79B)
Class [Lkotlin.reflect.KProperty;                                                     : loaded 2 times (x 69B)
Class kotlin.reflect.jvm.internal.CachesKt$CACHE_FOR_BASE_CLASSIFIERS$1               : loaded 2 times (x 78B)
Class net.rubygrapefruit.platform.internal.Platform$FreeBSD64Bit                      : loaded 2 times (x 82B)
Class com.google.common.cache.LocalCache$EntryFactory$6                               : loaded 2 times (x 83B)
Class org.gradle.internal.installation.CurrentGradleInstallationLocator               : loaded 2 times (x 71B)
Class com.google.common.collect.MultimapBuilder$4                                     : loaded 2 times (x 84B)
Class com.google.common.collect.ImmutableMultimap$Builder                             : loaded 2 times (x 83B)
Class kotlin.io.FilesKt__FileTreeWalkKt                                               : loaded 2 times (x 71B)
Class kotlin.jvm.internal.CollectionToArray                                           : loaded 2 times (x 71B)
Class com.google.common.collect.Maps$KeySet                                           : loaded 2 times (x 137B)
Class com.google.common.cache.LocalCache$EntryFactory$7                               : loaded 2 times (x 83B)
Class org.gradle.internal.service.DefaultServiceLocator                               : loaded 2 times (x 83B)
Class kotlin.coroutines.jvm.internal.SuspendFunction                                  : loaded 2 times (x 70B)
Class com.google.common.collect.Maps$EntrySet                                         : loaded 2 times (x 136B)
Class com.google.common.collect.ImmutableMultimap$EntryCollection                     : loaded 2 times (x 128B)
Class kotlin.reflect.KMutableProperty0                                                : loaded 2 times (x 70B)
Class kotlin.reflect.KClassifier                                                      : loaded 2 times (x 70B)
Class kotlin.jvm.internal.MutablePropertyReference0                                   : loaded 2 times (x 137B)
Class com.google.common.cache.LocalCache$EntryFactory$8                               : loaded 2 times (x 83B)
Class org.gradle.internal.installation.CurrentGradleInstallation                      : loaded 2 times (x 73B)
Class kotlin.coroutines.intrinsics.IntrinsicsKt__IntrinsicsJvmKt                      : loaded 2 times (x 71B)
Class kotlin.coroutines.jvm.internal.CoroutineStackFrame                              : loaded 2 times (x 70B)
Class kotlin.reflect.KMutableProperty1                                                : loaded 2 times (x 70B)
Class kotlin.reflect.jvm.internal.KCallableImpl$_annotations$1                        : loaded 2 times (x 79B)
Class com.google.common.cache.CacheLoader$1                                           : loaded 2 times (x 75B)
Class com.google.common.collect.ForwardingObject                                      : loaded 2 times (x 72B)
Class org.gradle.util.internal.GUtil                                                  : loaded 2 times (x 71B)
Class kotlin.reflect.KMutableProperty2                                                : loaded 2 times (x 70B)
Class kotlin.reflect.jvm.internal.KClassImpl$Data$inheritedNonStaticMembers$2         : loaded 2 times (x 79B)
Class kotlin.io.NoSuchFileException                                                   : loaded 2 times (x 82B)
Class com.google.common.util.concurrent.AbstractFuture$SetFuture                      : loaded 2 times (x 75B)
Class com.google.common.cache.AbstractCache$StatsCounter                              : loaded 2 times (x 70B)
Class kotlin.coroutines.CoroutineContext                                              : loaded 2 times (x 70B)
Class kotlin.coroutines.jvm.internal.DebugProbesKt                                    : loaded 2 times (x 71B)
Class kotlin.reflect.jvm.internal.RuntimeTypeMapper                                   : loaded 2 times (x 71B)
Class kotlin.reflect.jvm.internal.impl.builtins.CompanionObjectMapping                : loaded 2 times (x 71B)
Class com.google.common.collect.SortedSetMultimap                                     : loaded 2 times (x 70B)
Class com.google.common.reflect.Types$TypeVariableImpl                                : loaded 2 times (x 72B)
Class ijJvmDebugger1_dobtw6cflcvxkl315inszunwy$_run_closure1$_closure2                : loaded 2 times (x 140B)
Class org.gradle.internal.installation.GradleInstallation                             : loaded 2 times (x 75B)
Class com.google.common.collect.LexicographicalOrdering                               : loaded 2 times (x 115B)
Class org.gradle.internal.classloader.FilteringClassLoader                            : loaded 2 times (x 105B)
Class kotlin.reflect.jvm.internal.KPackageImpl$data$1                                 : loaded 2 times (x 79B)
Class com.google.common.base.Splitter$Strategy                                        : loaded 2 times (x 70B)
Class kotlin.io.TextStreamsKt                                                         : loaded 2 times (x 71B)
Class com.google.common.cache.CacheLoader$UnsupportedLoadingOperationException        : loaded 2 times (x 82B)

---------------  S Y S T E M  ---------------

OS:
 Windows 11 , 64 bit Build 26100 (10.0.26100.8521)
OS uptime: 0 days 2:35 hours
Hyper-V role detected

CPU: total 16 (initial active 16) (8 cores per cpu, 2 threads per core) family 6 model 154 stepping 3 microcode 0x419, cx8, cmov, fxsr, ht, mmx, 3dnowpref, sse, sse2, sse3, ssse3, sse4.1, sse4.2, popcnt, lzcnt, tsc, tscinvbit, avx, avx2, aes, erms, clmul, bmi1, bmi2, adx, sha, fma, vzeroupper, clflush, clflushopt, clwb, hv, serialize, rdtscp, rdpid, fsrm, f16c, cet_ibt, cet_ss
Processor Information for processor 0
  Max Mhz: 2500, Current Mhz: 2500, Mhz Limit: 2500
Processor Information for processor 1
  Max Mhz: 2500, Current Mhz: 2500, Mhz Limit: 2500
Processor Information for processor 2
  Max Mhz: 2500, Current Mhz: 2500, Mhz Limit: 2500
Processor Information for processor 3
  Max Mhz: 2500, Current Mhz: 2500, Mhz Limit: 2500
Processor Information for processor 4
  Max Mhz: 2500, Current Mhz: 2500, Mhz Limit: 2500
Processor Information for processor 5
  Max Mhz: 2500, Current Mhz: 2500, Mhz Limit: 2500
Processor Information for processor 6
  Max Mhz: 2500, Current Mhz: 2500, Mhz Limit: 2500
Processor Information for processor 7
  Max Mhz: 2500, Current Mhz: 2500, Mhz Limit: 2500
Processor Information for processor 8
  Max Mhz: 2500, Current Mhz: 1500, Mhz Limit: 1800
Processor Information for processor 9
  Max Mhz: 2500, Current Mhz: 1800, Mhz Limit: 1800
Processor Information for processor 10
  Max Mhz: 2500, Current Mhz: 1800, Mhz Limit: 1800
Processor Information for processor 11
  Max Mhz: 2500, Current Mhz: 1500, Mhz Limit: 1800
Processor Information for processor 12
  Max Mhz: 2500, Current Mhz: 1800, Mhz Limit: 1800
Processor Information for processor 13
  Max Mhz: 2500, Current Mhz: 1800, Mhz Limit: 1800
Processor Information for processor 14
  Max Mhz: 2500, Current Mhz: 1500, Mhz Limit: 1800
Processor Information for processor 15
  Max Mhz: 2500, Current Mhz: 1800, Mhz Limit: 1800

Memory: 4k page, system-wide physical 7882M (563M free)
TotalPageFile size 13300M (AvailPageFile size 31M)
current process WorkingSet (physical memory assigned to process): 510M, peak: 769M
current process commit charge ("private bytes"): 783M, peak: 815M

vm_info: OpenJDK 64-Bit Server VM (21.0.9+-14787801-b1163.94) for windows-amd64 JRE (21.0.9+-14787801-b1163.94), built on 2026-01-27T21:15:44Z by "builder" with MS VC++ 16.10 / 16.11 (VS2019)

END.
