#
# There is insufficient memory for the Java Runtime Environment to continue.
# Native memory allocation (malloc) failed to allocate 1134256 bytes. Error detail: Chunk::new
# Possible reasons:
#   The system is out of physical RAM or swap space
#   This process is running with CompressedOops enabled, and the Java Heap may be blocking the growth of the native heap
# Possible solutions:
#   Reduce memory load on the system
#   Increase physical memory or swap space
#   Check if swap backing store is full
#   Decrease Java heap size (-Xmx/-Xms)
#   Decrease number of Java threads
#   Decrease Java thread stack sizes (-Xss)
#   Set larger code cache with -XX:ReservedCodeCacheSize=
#   JVM is running with Unscaled Compressed Oops mode in which the Java heap is
#     placed in the first 4GB address space. The Java Heap base address is the
#     maximum limit for the native heap growth. Please use -XX:HeapBaseMinAddress
#     to set the Java Heap base and to place the Java Heap above 4GB virtual address.
# This output file may be truncated or incomplete.
#
#  Out of Memory Error (arena.cpp:168), pid=5212, tid=5216
#
# JRE version: OpenJDK Runtime Environment (21.0.9) (build 21.0.9+-14787801-b1163.94)
# Java VM: OpenJDK 64-Bit Server VM (21.0.9+-14787801-b1163.94, mixed mode, tiered, compressed oops, compressed class ptrs, g1 gc, windows-amd64)
# No core dump will be written. Minidumps are not enabled by default on client versions of Windows
#

---------------  S U M M A R Y ------------

Command Line: --add-opens=java.base/java.util=ALL-UNNAMED --add-opens=java.base/java.lang=ALL-UNNAMED --add-opens=java.base/java.lang.invoke=ALL-UNNAMED --add-opens=java.prefs/java.util.prefs=ALL-UNNAMED --add-opens=java.base/java.nio.charset=ALL-UNNAMED --add-opens=java.base/java.net=ALL-UNNAMED --add-opens=java.base/java.util.concurrent.atomic=ALL-UNNAMED -Xmx2048m -Dfile.encoding=UTF-8 -Duser.country=US -Duser.language=en -Duser.variant -javaagent:C:\Users\asus\.gradle\wrapper\dists\gradle-8.6-bin\afr5mpiioh2wthjmwnkmdsd5w\gradle-8.6\lib\agents\gradle-instrumentation-agent-8.6.jar org.gradle.launcher.daemon.bootstrap.GradleDaemon 8.6

Host: 12th Gen Intel(R) Core(TM) i5-12500H, 16 cores, 7G,  Windows 11 , 64 bit Build 26100 (10.0.26100.8521)
Time: Thu Jul 23 14:23:57 2026 Iran Standard Time elapsed time: 19.246542 seconds (0d 0h 0m 19s)

---------------  T H R E A D  ---------------

Current thread (0x000001b5548789e0):  JavaThread "C2 CompilerThread0" daemon [_thread_in_native, id=5216, stack(0x0000003430e00000,0x0000003430f00000) (1024K)]


Current CompileTask:
C2:19246 14854       4       org.gradle.internal.component.model.DefaultAttributeMatcher::matches (169 bytes)

Stack: [0x0000003430e00000,0x0000003430f00000]
Native frames: (J=compiled Java code, j=interpreted, Vv=VM code, C=native code)
V  [jvm.dll+0x6d6c99]
V  [jvm.dll+0x866b83]
V  [jvm.dll+0x8691ae]
V  [jvm.dll+0x869893]
V  [jvm.dll+0x280776]
V  [jvm.dll+0xc07cd]
V  [jvm.dll+0xc0d03]
V  [jvm.dll+0x3b9831]
V  [jvm.dll+0x3856a7]
V  [jvm.dll+0x384b1a]
V  [jvm.dll+0x249462]
V  [jvm.dll+0x248a31]
V  [jvm.dll+0x1c7344]
V  [jvm.dll+0x2581ae]
V  [jvm.dll+0x2566f6]
V  [jvm.dll+0x3f48a6]
V  [jvm.dll+0x80f118]
V  [jvm.dll+0x6d54ed]
C  [ucrtbase.dll+0x2cd30]
C  [KERNEL32.DLL+0x2e957]
C  [ntdll.dll+0x87c1c]


---------------  P R O C E S S  ---------------

Threads class SMR info:
_java_thread_list=0x000001b554998610, length=218, elements={
0x000001b53a068270, 0x000001b5548370d0, 0x000001b5548751c0, 0x000001b554875c20,
0x000001b55485d640, 0x000001b55485e4a0, 0x000001b55485fa70, 0x000001b554877b20,
0x000001b5548789e0, 0x000001b554880e30, 0x000001b554b7aa50, 0x000001b55b467b50,
0x000001b55a07e870, 0x000001b55ba1f100, 0x000001b55bd94120, 0x000001b55bd94790,
0x000001b55a0cf4a0, 0x000001b55b5b7820, 0x000001b55a2d3790, 0x000001b55a2d2a70,
0x000001b55a2d0310, 0x000001b55a2d23e0, 0x000001b55a2d3100, 0x000001b55a2d1030,
0x000001b55a2d1d50, 0x000001b55c406670, 0x000001b55c406d00, 0x000001b55c408dd0,
0x000001b55c407390, 0x000001b55c409460, 0x000001b55c407a20, 0x000001b55c4080b0,
0x000001b55e2b4820, 0x000001b55e2b3b00, 0x000001b55e2b4eb0, 0x000001b55e2b4190,
0x000001b55e2b5bd0, 0x000001b55e2b6260, 0x000001b55e2b5540, 0x000001b55bcc1a60,
0x000001b55bcc0020, 0x000001b55bcc06b0, 0x000001b55bcc2780, 0x000001b55bcc2e10,
0x000001b55bcc34a0, 0x000001b55bcc20f0, 0x000001b55bcc3b30, 0x000001b55bcc0d40,
0x000001b55bcc41c0, 0x000001b55bcc13d0, 0x000001b55bcc4850, 0x000001b55bcc4ee0,
0x000001b55d982460, 0x000001b55d97fd00, 0x000001b55d981740, 0x000001b55d982af0,
0x000001b55d980a20, 0x000001b55d981dd0, 0x000001b55d983180, 0x000001b55d983810,
0x000001b55d9810b0, 0x000001b55d9858e0, 0x000001b55d984530, 0x000001b55d987320,
0x000001b55d986600, 0x000001b55d985f70, 0x000001b55d985250, 0x000001b55d986c90,
0x000001b55d983ea0, 0x000001b55d984bc0, 0x000001b55f2d8fe0, 0x000001b55f2dbdd0,
0x000001b55f2d8950, 0x000001b55f2dcaf0, 0x000001b55bcc5c00, 0x000001b55f2dd810,
0x000001b55f2de530, 0x000001b55f2dff70, 0x000001b55911ebe0, 0x000001b55911bdf0,
0x000001b55911dec0, 0x000001b55911e550, 0x000001b55911f900, 0x000001b55911c480,
0x000001b5591226f0, 0x000001b559121340, 0x000001b559122d80, 0x000001b55911ff90,
0x000001b559120cb0, 0x000001b559120620, 0x000001b559123410, 0x000001b5591219d0,
0x000001b5618e2380, 0x000001b5618e3730, 0x000001b5618e02b0, 0x000001b5618e3dc0,
0x000001b5618e4450, 0x000001b5618e0fd0, 0x000001b5618e6bb0, 0x000001b5618e4ae0,
0x000001b5618e5170, 0x000001b5618e5800, 0x000001b5618e5e90, 0x000001b5618e6520,
0x000001b5618e7240, 0x000001b560566e60, 0x000001b5605674f0, 0x000001b55e3d0f40,
0x000001b55e3d01a0, 0x000001b55e3d0870, 0x000001b55e3d1610, 0x000001b560564700,
0x000001b560566140, 0x000001b560568210, 0x000001b5605667d0, 0x000001b560567b80,
0x000001b560564d90, 0x000001b5605688a0, 0x000001b560565420, 0x000001b560568f30,
0x000001b560565ab0, 0x000001b5605695c0, 0x000001b560569c50, 0x000001b56056a2e0,
0x000001b56056a970, 0x000001b56056b000, 0x000001b5594412b0, 0x000001b5594440a0,
0x000001b559442cf0, 0x000001b559444730, 0x000001b559444dc0, 0x000001b559441940,
0x000001b559448240, 0x000001b559445450, 0x000001b5594488d0, 0x000001b559448f60,
0x000001b559447bb0, 0x000001b559447520, 0x000001b559445ae0, 0x000001b5594495f0,
0x000001b559446170, 0x000001b559449c80, 0x000001b559446800, 0x000001b55944a310,
0x000001b559446e90, 0x000001b55944de20, 0x000001b55944d100, 0x000001b55944c3e0,
0x000001b55944a9a0, 0x000001b55944b030, 0x000001b55944e4b0, 0x000001b55944b6c0,
0x000001b55944ca70, 0x000001b55944d790, 0x000001b55944eb40, 0x000001b55944f1d0,
0x000001b55944bd50, 0x000001b55944f860, 0x000001b55d4c0c80, 0x000001b55d4c1310,
0x000001b55d4c05f0, 0x000001b55d4c19a0, 0x000001b55d4bf8d0, 0x000001b55d4c26c0,
0x000001b55d4c2030, 0x000001b55d4c2d50, 0x000001b55d4bff60, 0x000001b55d4c4e20,
0x000001b55d4c61d0, 0x000001b55d4c33e0, 0x000001b55d4c6ef0, 0x000001b55d4c54b0,
0x000001b55d4c3a70, 0x000001b55d4c7580, 0x000001b55d4c4100, 0x000001b55d4c6860,
0x000001b55d4c5b40, 0x000001b55d4c7c10, 0x000001b55d4c4790, 0x000001b55d4c8930,
0x000001b55d4cb090, 0x000001b55d4c9650, 0x000001b55d4c9ce0, 0x000001b55d4cb720,
0x000001b55d4c82a0, 0x000001b55d4cc440, 0x000001b55d4c8fc0, 0x000001b55d4cbdb0,
0x000001b55d4cd160, 0x000001b55d4caa00, 0x000001b55d4ccad0, 0x000001b55d4ca370,
0x000001b55d4cd7f0, 0x000001b55d4ceba0, 0x000001b55d4cde80, 0x000001b55d4ce510,
0x000001b559441fd0, 0x000001b559442660, 0x000001b559443380, 0x000001b559443a10,
0x000001b5618e0940, 0x000001b5618e1cf0, 0x000001b5618e1660, 0x000001b55c409af0,
0x000001b56135b3d0, 0x000001b56135ba60, 0x000001b56135c0f0, 0x000001b56135c780,
0x000001b56135db30, 0x000001b56135ce10, 0x000001b56135d4a0, 0x000001b56135e1c0,
0x000001b56135ad40, 0x000001b561360920, 0x000001b561360fb0, 0x000001b56135fc00,
0x000001b56135e850, 0x000001b56135f570
}

Java Threads: ( => current thread )
  0x000001b53a068270 JavaThread "main"                              [_thread_blocked, id=11728, stack(0x000000342ff00000,0x0000003430000000) (1024K)]
  0x000001b5548370d0 JavaThread "Common-Cleaner"             daemon [_thread_blocked, id=6652, stack(0x0000003430700000,0x0000003430800000) (1024K)]
  0x000001b5548751c0 JavaThread "Reference Handler"          daemon [_thread_blocked, id=7108, stack(0x0000003430800000,0x0000003430900000) (1024K)]
  0x000001b554875c20 JavaThread "Finalizer"                  daemon [_thread_blocked, id=476, stack(0x0000003430900000,0x0000003430a00000) (1024K)]
  0x000001b55485d640 JavaThread "Signal Dispatcher"          daemon [_thread_blocked, id=10980, stack(0x0000003430a00000,0x0000003430b00000) (1024K)]
  0x000001b55485e4a0 JavaThread "Attach Listener"            daemon [_thread_blocked, id=14400, stack(0x0000003430b00000,0x0000003430c00000) (1024K)]
  0x000001b55485fa70 JavaThread "Service Thread"             daemon [_thread_blocked, id=16676, stack(0x0000003430c00000,0x0000003430d00000) (1024K)]
  0x000001b554877b20 JavaThread "Monitor Deflation Thread"   daemon [_thread_blocked, id=5876, stack(0x0000003430d00000,0x0000003430e00000) (1024K)]
=>0x000001b5548789e0 JavaThread "C2 CompilerThread0"         daemon [_thread_in_native, id=5216, stack(0x0000003430e00000,0x0000003430f00000) (1024K)]
  0x000001b554880e30 JavaThread "C1 CompilerThread0"         daemon [_thread_blocked, id=12780, stack(0x0000003430f00000,0x0000003431000000) (1024K)]
  0x000001b554b7aa50 JavaThread "Notification Thread"        daemon [_thread_blocked, id=12544, stack(0x0000003431300000,0x0000003431400000) (1024K)]
  0x000001b55b467b50 JavaThread "Daemon health stats"               [_thread_blocked, id=10172, stack(0x0000003431a00000,0x0000003431b00000) (1024K)]
  0x000001b55a07e870 JavaThread "Incoming local TCP Connector on port 55837"        [_thread_in_native, id=12772, stack(0x0000003431c00000,0x0000003431d00000) (1024K)]
  0x000001b55ba1f100 JavaThread "Daemon periodic checks"            [_thread_blocked, id=16180, stack(0x0000003431d00000,0x0000003431e00000) (1024K)]
  0x000001b55bd94120 JavaThread "Daemon"                            [_thread_blocked, id=13660, stack(0x0000003431e00000,0x0000003431f00000) (1024K)]
  0x000001b55bd94790 JavaThread "Handler for socket connection from /127.0.0.1:55837 to /127.0.0.1:55838"        [_thread_in_native, id=10420, stack(0x0000003431f00000,0x0000003432000000) (1024K)]
  0x000001b55a0cf4a0 JavaThread "Cancel handler"                    [_thread_blocked, id=4976, stack(0x0000003432000000,0x0000003432100000) (1024K)]
  0x000001b55b5b7820 JavaThread "Daemon worker"                     [_thread_blocked, id=13092, stack(0x0000003432100000,0x0000003432200000) (1024K)]
  0x000001b55a2d3790 JavaThread "Asynchronous log dispatcher for DefaultDaemonConnection: socket connection from /127.0.0.1:55837 to /127.0.0.1:55838"        [_thread_blocked, id=2640, stack(0x0000003432200000,0x0000003432300000) (1024K)]
  0x000001b55a2d2a70 JavaThread "Stdin handler"                     [_thread_blocked, id=10080, stack(0x0000003432300000,0x0000003432400000) (1024K)]
  0x000001b55a2d0310 JavaThread "Daemon client event forwarder"        [_thread_blocked, id=15480, stack(0x0000003432400000,0x0000003432500000) (1024K)]
  0x000001b55a2d23e0 JavaThread "Cache worker for journal cache (C:\Users\asus\.gradle\caches\journal-1)"        [_thread_blocked, id=8452, stack(0x0000003432e00000,0x0000003432f00000) (1024K)]
  0x000001b55a2d3100 JavaThread "File lock request listener"        [_thread_in_native, id=17744, stack(0x0000003432f00000,0x0000003433000000) (1024K)]
  0x000001b55a2d1030 JavaThread "Cache worker for file hash cache (C:\Users\asus\.gradle\caches\8.6\fileHashes)"        [_thread_in_Java, id=14156, stack(0x0000003433000000,0x0000003433100000) (1024K)]
  0x000001b55a2d1d50 JavaThread "File watcher server"        daemon [_thread_in_native, id=16440, stack(0x0000003433100000,0x0000003433200000) (1024K)]
  0x000001b55c406670 JavaThread "File watcher consumer"      daemon [_thread_blocked, id=7144, stack(0x0000003433200000,0x0000003433300000) (1024K)]
  0x000001b55c406d00 JavaThread "Cache worker for checksums cache (E:\Amir_Gonde\Term_8\Mobile\MyProjects\melodify-music-app\.gradle\8.6\checksums)"        [_thread_blocked, id=1384, stack(0x0000003431500000,0x0000003431600000) (1024K)]
  0x000001b55c408dd0 JavaThread "Cache worker for file hash cache (E:\Amir_Gonde\Term_8\Mobile\MyProjects\melodify-music-app\.gradle\8.6\fileHashes)"        [_thread_blocked, id=8288, stack(0x0000003431400000,0x0000003431500000) (1024K)]
  0x000001b55c407390 JavaThread "Cache worker for cache directory md-supplier (C:\Users\asus\.gradle\caches\8.6\md-supplier)"        [_thread_blocked, id=2152, stack(0x0000003433300000,0x0000003433400000) (1024K)]
  0x000001b55c409460 JavaThread "Cache worker for cache directory md-rule (C:\Users\asus\.gradle\caches\8.6\md-rule)"        [_thread_blocked, id=17184, stack(0x0000003433400000,0x0000003433500000) (1024K)]
  0x000001b55c407a20 JavaThread "Cache worker for file content cache (C:\Users\asus\.gradle\caches\8.6\fileContent)"        [_thread_blocked, id=17104, stack(0x0000003433500000,0x0000003433600000) (1024K)]
  0x000001b55c4080b0 JavaThread "jar transforms"                    [_thread_blocked, id=15468, stack(0x0000003433800000,0x0000003433900000) (1024K)]
  0x000001b55e2b4820 JavaThread "jar transforms Thread 2"           [_thread_blocked, id=18308, stack(0x0000003433900000,0x0000003433a00000) (1024K)]
  0x000001b55e2b3b00 JavaThread "jar transforms Thread 3"           [_thread_blocked, id=1252, stack(0x0000003433a00000,0x0000003433b00000) (1024K)]
  0x000001b55e2b4eb0 JavaThread "Unconstrained build operations"        [_thread_blocked, id=15336, stack(0x0000003433b00000,0x0000003433c00000) (1024K)]
  0x000001b55e2b4190 JavaThread "Unconstrained build operations Thread 2"        [_thread_blocked, id=9732, stack(0x0000003433c00000,0x0000003433d00000) (1024K)]
  0x000001b55e2b5bd0 JavaThread "Unconstrained build operations Thread 3"        [_thread_blocked, id=6760, stack(0x0000003433d00000,0x0000003433e00000) (1024K)]
  0x000001b55e2b6260 JavaThread "Unconstrained build operations Thread 4"        [_thread_blocked, id=17588, stack(0x0000003433e00000,0x0000003433f00000) (1024K)]
  0x000001b55e2b5540 JavaThread "Unconstrained build operations Thread 5"        [_thread_blocked, id=6368, stack(0x0000003433f00000,0x0000003434000000) (1024K)]
  0x000001b55bcc1a60 JavaThread "Unconstrained build operations Thread 6"        [_thread_blocked, id=3992, stack(0x0000003434000000,0x0000003434100000) (1024K)]
  0x000001b55bcc0020 JavaThread "Unconstrained build operations Thread 7"        [_thread_blocked, id=7012, stack(0x0000003434100000,0x0000003434200000) (1024K)]
  0x000001b55bcc06b0 JavaThread "Unconstrained build operations Thread 8"        [_thread_blocked, id=10168, stack(0x0000003434200000,0x0000003434300000) (1024K)]
  0x000001b55bcc2780 JavaThread "Unconstrained build operations Thread 9"        [_thread_blocked, id=12944, stack(0x0000003434300000,0x0000003434400000) (1024K)]
  0x000001b55bcc2e10 JavaThread "Unconstrained build operations Thread 10"        [_thread_blocked, id=3684, stack(0x0000003434400000,0x0000003434500000) (1024K)]
  0x000001b55bcc34a0 JavaThread "jar transforms Thread 4"           [_thread_blocked, id=10008, stack(0x0000003434500000,0x0000003434600000) (1024K)]
  0x000001b55bcc20f0 JavaThread "jar transforms Thread 5"           [_thread_blocked, id=16364, stack(0x0000003434600000,0x0000003434700000) (1024K)]
  0x000001b55bcc3b30 JavaThread "jar transforms Thread 6"           [_thread_blocked, id=2528, stack(0x0000003434700000,0x0000003434800000) (1024K)]
  0x000001b55bcc0d40 JavaThread "jar transforms Thread 7"           [_thread_blocked, id=17876, stack(0x0000003434800000,0x0000003434900000) (1024K)]
  0x000001b55bcc41c0 JavaThread "jar transforms Thread 8"           [_thread_blocked, id=8016, stack(0x0000003434900000,0x0000003434a00000) (1024K)]
  0x000001b55bcc13d0 JavaThread "jar transforms Thread 9"           [_thread_blocked, id=8876, stack(0x0000003434a00000,0x0000003434b00000) (1024K)]
  0x000001b55bcc4850 JavaThread "Unconstrained build operations Thread 11"        [_thread_blocked, id=15924, stack(0x0000003434b00000,0x0000003434c00000) (1024K)]
  0x000001b55bcc4ee0 JavaThread "jar transforms Thread 10"          [_thread_blocked, id=17864, stack(0x0000003434c00000,0x0000003434d00000) (1024K)]
  0x000001b55d982460 JavaThread "jar transforms Thread 11"          [_thread_blocked, id=17628, stack(0x0000003434d00000,0x0000003434e00000) (1024K)]
  0x000001b55d97fd00 JavaThread "Cache worker for Build Output Cleanup Cache (E:\Amir_Gonde\Term_8\Mobile\MyProjects\melodify-music-app\.gradle\buildOutputCleanup)"        [_thread_blocked, id=18376, stack(0x0000003434e00000,0x0000003434f00000) (1024K)]
  0x000001b55d981740 JavaThread "Unconstrained build operations Thread 12"        [_thread_blocked, id=2220, stack(0x0000003434f00000,0x0000003435000000) (1024K)]
  0x000001b55d982af0 JavaThread "Unconstrained build operations Thread 13"        [_thread_blocked, id=7192, stack(0x0000003435000000,0x0000003435100000) (1024K)]
  0x000001b55d980a20 JavaThread "Unconstrained build operations Thread 14"        [_thread_blocked, id=10060, stack(0x0000003435100000,0x0000003435200000) (1024K)]
  0x000001b55d981dd0 JavaThread "Unconstrained build operations Thread 15"        [_thread_blocked, id=15184, stack(0x0000003435200000,0x0000003435300000) (1024K)]
  0x000001b55d983180 JavaThread "Unconstrained build operations Thread 16"        [_thread_blocked, id=15256, stack(0x0000003435300000,0x0000003435400000) (1024K)]
  0x000001b55d983810 JavaThread "Unconstrained build operations Thread 17"        [_thread_blocked, id=3020, stack(0x0000003435400000,0x0000003435500000) (1024K)]
  0x000001b55d9810b0 JavaThread "Unconstrained build operations Thread 18"        [_thread_blocked, id=17484, stack(0x0000003435500000,0x0000003435600000) (1024K)]
  0x000001b55d9858e0 JavaThread "Unconstrained build operations Thread 19"        [_thread_blocked, id=2164, stack(0x0000003435600000,0x0000003435700000) (1024K)]
  0x000001b55d984530 JavaThread "Unconstrained build operations Thread 20"        [_thread_blocked, id=6452, stack(0x0000003435700000,0x0000003435800000) (1024K)]
  0x000001b55d987320 JavaThread "Unconstrained build operations Thread 21"        [_thread_blocked, id=2676, stack(0x0000003435800000,0x0000003435900000) (1024K)]
  0x000001b55d986600 JavaThread "Unconstrained build operations Thread 22"        [_thread_blocked, id=14832, stack(0x0000003435900000,0x0000003435a00000) (1024K)]
  0x000001b55d985f70 JavaThread "Unconstrained build operations Thread 23"        [_thread_blocked, id=9128, stack(0x0000003435a00000,0x0000003435b00000) (1024K)]
  0x000001b55d985250 JavaThread "Unconstrained build operations Thread 24"        [_thread_blocked, id=12336, stack(0x0000003435b00000,0x0000003435c00000) (1024K)]
  0x000001b55d986c90 JavaThread "Unconstrained build operations Thread 25"        [_thread_blocked, id=9844, stack(0x0000003435c00000,0x0000003435d00000) (1024K)]
  0x000001b55d983ea0 JavaThread "Unconstrained build operations Thread 26"        [_thread_blocked, id=3108, stack(0x0000003435d00000,0x0000003435e00000) (1024K)]
  0x000001b55d984bc0 JavaThread "jar transforms Thread 12"          [_thread_blocked, id=18224, stack(0x0000003435e00000,0x0000003435f00000) (1024K)]
  0x000001b55f2d8fe0 JavaThread "jar transforms Thread 13"          [_thread_blocked, id=512, stack(0x0000003435f00000,0x0000003436000000) (1024K)]
  0x000001b55f2dbdd0 JavaThread "build event listener"              [_thread_blocked, id=13980, stack(0x0000003433600000,0x0000003433700000) (1024K)]
  0x000001b55f2d8950 JavaThread "Memory manager"                    [_thread_blocked, id=17364, stack(0x0000003436000000,0x0000003436100000) (1024K)]
  0x000001b55f2dcaf0 JavaThread "build event listener"              [_thread_blocked, id=12372, stack(0x0000003436100000,0x0000003436200000) (1024K)]
  0x000001b55bcc5c00 JavaThread "jar transforms Thread 14"          [_thread_blocked, id=8348, stack(0x0000003436200000,0x0000003436300000) (1024K)]
  0x000001b55f2dd810 JavaThread "included builds"                   [_thread_in_native, id=10472, stack(0x0000003436300000,0x0000003436400000) (1024K)]
  0x000001b55f2de530 JavaThread "Execution worker"                  [_thread_blocked, id=4236, stack(0x0000003436400000,0x0000003436500000) (1024K)]
  0x000001b55f2dff70 JavaThread "Execution worker Thread 2"         [_thread_blocked, id=5844, stack(0x0000003436500000,0x0000003436600000) (1024K)]
  0x000001b55911ebe0 JavaThread "Execution worker Thread 3"         [_thread_blocked, id=7720, stack(0x0000003436600000,0x0000003436700000) (1024K)]
  0x000001b55911bdf0 JavaThread "Execution worker Thread 4"         [_thread_blocked, id=17820, stack(0x0000003436700000,0x0000003436800000) (1024K)]
  0x000001b55911dec0 JavaThread "Execution worker Thread 5"         [_thread_blocked, id=16692, stack(0x0000003436800000,0x0000003436900000) (1024K)]
  0x000001b55911e550 JavaThread "Execution worker Thread 6"         [_thread_blocked, id=3920, stack(0x0000003436900000,0x0000003436a00000) (1024K)]
  0x000001b55911f900 JavaThread "Execution worker Thread 7"         [_thread_blocked, id=8864, stack(0x0000003436a00000,0x0000003436b00000) (1024K)]
  0x000001b55911c480 JavaThread "Execution worker Thread 8"         [_thread_blocked, id=6196, stack(0x0000003436b00000,0x0000003436c00000) (1024K)]
  0x000001b5591226f0 JavaThread "Execution worker Thread 9"         [_thread_blocked, id=12180, stack(0x0000003436c00000,0x0000003436d00000) (1024K)]
  0x000001b559121340 JavaThread "Execution worker Thread 10"        [_thread_blocked, id=12676, stack(0x0000003436d00000,0x0000003436e00000) (1024K)]
  0x000001b559122d80 JavaThread "Execution worker Thread 11"        [_thread_blocked, id=11804, stack(0x0000003436e00000,0x0000003436f00000) (1024K)]
  0x000001b55911ff90 JavaThread "Execution worker Thread 12"        [_thread_blocked, id=13584, stack(0x0000003436f00000,0x0000003437000000) (1024K)]
  0x000001b559120cb0 JavaThread "Execution worker Thread 13"        [_thread_blocked, id=17060, stack(0x0000003437000000,0x0000003437100000) (1024K)]
  0x000001b559120620 JavaThread "Execution worker Thread 14"        [_thread_blocked, id=3508, stack(0x0000003437100000,0x0000003437200000) (1024K)]
  0x000001b559123410 JavaThread "Execution worker Thread 15"        [_thread_blocked, id=8880, stack(0x0000003437200000,0x0000003437300000) (1024K)]
  0x000001b5591219d0 JavaThread "Cache worker for execution history cache (E:\Amir_Gonde\Term_8\Mobile\MyProjects\melodify-music-app\.gradle\8.6\executionHistory)"        [_thread_blocked, id=13560, stack(0x0000003437300000,0x0000003437400000) (1024K)]
  0x000001b5618e2380 JavaThread "Unconstrained build operations Thread 27"        [_thread_blocked, id=15824, stack(0x0000003437400000,0x0000003437500000) (1024K)]
  0x000001b5618e3730 JavaThread "Unconstrained build operations Thread 28"        [_thread_blocked, id=3960, stack(0x0000003437500000,0x0000003437600000) (1024K)]
  0x000001b5618e02b0 JavaThread "Unconstrained build operations Thread 29"        [_thread_blocked, id=11024, stack(0x0000003437600000,0x0000003437700000) (1024K)]
  0x000001b5618e3dc0 JavaThread "Unconstrained build operations Thread 30"        [_thread_blocked, id=876, stack(0x0000003437700000,0x0000003437800000) (1024K)]
  0x000001b5618e4450 JavaThread "Unconstrained build operations Thread 31"        [_thread_blocked, id=15312, stack(0x0000003437800000,0x0000003437900000) (1024K)]
  0x000001b5618e0fd0 JavaThread "Unconstrained build operations Thread 32"        [_thread_blocked, id=5972, stack(0x0000003437900000,0x0000003437a00000) (1024K)]
  0x000001b5618e6bb0 JavaThread "Unconstrained build operations Thread 33"        [_thread_blocked, id=3652, stack(0x0000003437a00000,0x0000003437b00000) (1024K)]
  0x000001b5618e4ae0 JavaThread "Unconstrained build operations Thread 34"        [_thread_blocked, id=4588, stack(0x0000003437b00000,0x0000003437c00000) (1024K)]
  0x000001b5618e5170 JavaThread "Unconstrained build operations Thread 35"        [_thread_blocked, id=6608, stack(0x0000003437c00000,0x0000003437d00000) (1024K)]
  0x000001b5618e5800 JavaThread "Unconstrained build operations Thread 36"        [_thread_blocked, id=2056, stack(0x0000003437d00000,0x0000003437e00000) (1024K)]
  0x000001b5618e5e90 JavaThread "Unconstrained build operations Thread 37"        [_thread_blocked, id=1324, stack(0x0000003437e00000,0x0000003437f00000) (1024K)]
  0x000001b5618e6520 JavaThread "Unconstrained build operations Thread 38"        [_thread_blocked, id=2312, stack(0x0000003437f00000,0x0000003438000000) (1024K)]
  0x000001b5618e7240 JavaThread "Unconstrained build operations Thread 39"        [_thread_blocked, id=14864, stack(0x0000003438000000,0x0000003438100000) (1024K)]
  0x000001b560566e60 JavaThread "Unconstrained build operations Thread 40"        [_thread_blocked, id=12480, stack(0x0000003438100000,0x0000003438200000) (1024K)]
  0x000001b5605674f0 JavaThread "Unconstrained build operations Thread 41"        [_thread_blocked, id=4584, stack(0x0000003438200000,0x0000003438300000) (1024K)]
  0x000001b55e3d0f40 JavaThread "C2 CompilerThread1"         daemon [_thread_in_native, id=15264, stack(0x0000003431000000,0x0000003431100000) (1024K)]
  0x000001b55e3d01a0 JavaThread "C1 CompilerThread1"         daemon [_thread_blocked, id=2720, stack(0x0000003431100000,0x0000003431200000) (1024K)]
  0x000001b55e3d0870 JavaThread "C1 CompilerThread2"         daemon [_thread_blocked, id=16704, stack(0x0000003431200000,0x0000003431300000) (1024K)]
  0x000001b55e3d1610 JavaThread "C1 CompilerThread3"         daemon [_thread_blocked, id=16184, stack(0x0000003433700000,0x0000003433800000) (1024K)]
  0x000001b560564700 JavaThread "Unconstrained build operations Thread 42"        [_thread_blocked, id=7384, stack(0x0000003438300000,0x0000003438400000) (1024K)]
  0x000001b560566140 JavaThread "Unconstrained build operations Thread 43"        [_thread_blocked, id=13908, stack(0x0000003438400000,0x0000003438500000) (1024K)]
  0x000001b560568210 JavaThread "Unconstrained build operations Thread 44"        [_thread_blocked, id=17772, stack(0x0000003438500000,0x0000003438600000) (1024K)]
  0x000001b5605667d0 JavaThread "Unconstrained build operations Thread 45"        [_thread_blocked, id=13836, stack(0x0000003438600000,0x0000003438700000) (1024K)]
  0x000001b560567b80 JavaThread "Unconstrained build operations Thread 46"        [_thread_blocked, id=16936, stack(0x0000003438700000,0x0000003438800000) (1024K)]
  0x000001b560564d90 JavaThread "Unconstrained build operations Thread 47"        [_thread_blocked, id=17116, stack(0x0000003438800000,0x0000003438900000) (1024K)]
  0x000001b5605688a0 JavaThread "Unconstrained build operations Thread 48"        [_thread_blocked, id=14076, stack(0x0000003438900000,0x0000003438a00000) (1024K)]
  0x000001b560565420 JavaThread "Unconstrained build operations Thread 49"        [_thread_blocked, id=17072, stack(0x0000003438a00000,0x0000003438b00000) (1024K)]
  0x000001b560568f30 JavaThread "Unconstrained build operations Thread 50"        [_thread_blocked, id=1856, stack(0x0000003438b00000,0x0000003438c00000) (1024K)]
  0x000001b560565ab0 JavaThread "Unconstrained build operations Thread 51"        [_thread_blocked, id=16664, stack(0x0000003438c00000,0x0000003438d00000) (1024K)]
  0x000001b5605695c0 JavaThread "Unconstrained build operations Thread 52"        [_thread_blocked, id=5596, stack(0x0000003438d00000,0x0000003438e00000) (1024K)]
  0x000001b560569c50 JavaThread "Unconstrained build operations Thread 53"        [_thread_blocked, id=6540, stack(0x0000003438e00000,0x0000003438f00000) (1024K)]
  0x000001b56056a2e0 JavaThread "Unconstrained build operations Thread 54"        [_thread_blocked, id=7616, stack(0x0000003438f00000,0x0000003439000000) (1024K)]
  0x000001b56056a970 JavaThread "Unconstrained build operations Thread 55"        [_thread_blocked, id=17164, stack(0x0000003439000000,0x0000003439100000) (1024K)]
  0x000001b56056b000 JavaThread "Unconstrained build operations Thread 56"        [_thread_blocked, id=15352, stack(0x0000003439100000,0x0000003439200000) (1024K)]
  0x000001b5594412b0 JavaThread "Unconstrained build operations Thread 57"        [_thread_blocked, id=10732, stack(0x0000003439200000,0x0000003439300000) (1024K)]
  0x000001b5594440a0 JavaThread "Unconstrained build operations Thread 58"        [_thread_blocked, id=14840, stack(0x0000003439300000,0x0000003439400000) (1024K)]
  0x000001b559442cf0 JavaThread "Unconstrained build operations Thread 59"        [_thread_blocked, id=12760, stack(0x0000003439400000,0x0000003439500000) (1024K)]
  0x000001b559444730 JavaThread "Unconstrained build operations Thread 60"        [_thread_blocked, id=1440, stack(0x0000003439500000,0x0000003439600000) (1024K)]
  0x000001b559444dc0 JavaThread "Unconstrained build operations Thread 61"        [_thread_blocked, id=13204, stack(0x0000003439600000,0x0000003439700000) (1024K)]
  0x000001b559441940 JavaThread "Unconstrained build operations Thread 62"        [_thread_blocked, id=12420, stack(0x0000003439700000,0x0000003439800000) (1024K)]
  0x000001b559448240 JavaThread "Unconstrained build operations Thread 63"        [_thread_blocked, id=12228, stack(0x0000003439800000,0x0000003439900000) (1024K)]
  0x000001b559445450 JavaThread "Unconstrained build operations Thread 64"        [_thread_blocked, id=17912, stack(0x0000003439900000,0x0000003439a00000) (1024K)]
  0x000001b5594488d0 JavaThread "Unconstrained build operations Thread 65"        [_thread_blocked, id=9660, stack(0x0000003439a00000,0x0000003439b00000) (1024K)]
  0x000001b559448f60 JavaThread "Unconstrained build operations Thread 66"        [_thread_blocked, id=8668, stack(0x0000003439b00000,0x0000003439c00000) (1024K)]
  0x000001b559447bb0 JavaThread "Unconstrained build operations Thread 67"        [_thread_blocked, id=15444, stack(0x0000003439c00000,0x0000003439d00000) (1024K)]
  0x000001b559447520 JavaThread "Unconstrained build operations Thread 68"        [_thread_blocked, id=13024, stack(0x0000003439d00000,0x0000003439e00000) (1024K)]
  0x000001b559445ae0 JavaThread "Unconstrained build operations Thread 69"        [_thread_blocked, id=16896, stack(0x0000003439e00000,0x0000003439f00000) (1024K)]
  0x000001b5594495f0 JavaThread "Unconstrained build operations Thread 70"        [_thread_blocked, id=2704, stack(0x0000003439f00000,0x000000343a000000) (1024K)]
  0x000001b559446170 JavaThread "Unconstrained build operations Thread 71"        [_thread_blocked, id=15656, stack(0x000000343a000000,0x000000343a100000) (1024K)]
  0x000001b559449c80 JavaThread "Unconstrained build operations Thread 72"        [_thread_blocked, id=18320, stack(0x000000343a100000,0x000000343a200000) (1024K)]
  0x000001b559446800 JavaThread "Unconstrained build operations Thread 73"        [_thread_blocked, id=2280, stack(0x000000343a200000,0x000000343a300000) (1024K)]
  0x000001b55944a310 JavaThread "Unconstrained build operations Thread 74"        [_thread_blocked, id=6160, stack(0x000000343a300000,0x000000343a400000) (1024K)]
  0x000001b559446e90 JavaThread "Unconstrained build operations Thread 75"        [_thread_blocked, id=2408, stack(0x000000343a400000,0x000000343a500000) (1024K)]
  0x000001b55944de20 JavaThread "Unconstrained build operations Thread 76"        [_thread_blocked, id=11312, stack(0x000000343a500000,0x000000343a600000) (1024K)]
  0x000001b55944d100 JavaThread "Unconstrained build operations Thread 77"        [_thread_blocked, id=16096, stack(0x000000343a600000,0x000000343a700000) (1024K)]
  0x000001b55944c3e0 JavaThread "Unconstrained build operations Thread 78"        [_thread_blocked, id=16700, stack(0x000000343a700000,0x000000343a800000) (1024K)]
  0x000001b55944a9a0 JavaThread "Unconstrained build operations Thread 79"        [_thread_blocked, id=9352, stack(0x000000343a800000,0x000000343a900000) (1024K)]
  0x000001b55944b030 JavaThread "Unconstrained build operations Thread 80"        [_thread_blocked, id=10580, stack(0x000000343a900000,0x000000343aa00000) (1024K)]
  0x000001b55944e4b0 JavaThread "Unconstrained build operations Thread 81"        [_thread_blocked, id=10084, stack(0x000000343aa00000,0x000000343ab00000) (1024K)]
  0x000001b55944b6c0 JavaThread "Unconstrained build operations Thread 82"        [_thread_blocked, id=2892, stack(0x000000343ab00000,0x000000343ac00000) (1024K)]
  0x000001b55944ca70 JavaThread "Unconstrained build operations Thread 83"        [_thread_blocked, id=9840, stack(0x000000343ac00000,0x000000343ad00000) (1024K)]
  0x000001b55944d790 JavaThread "Unconstrained build operations Thread 84"        [_thread_blocked, id=17816, stack(0x000000343ad00000,0x000000343ae00000) (1024K)]
  0x000001b55944eb40 JavaThread "Unconstrained build operations Thread 85"        [_thread_blocked, id=9608, stack(0x000000343ae00000,0x000000343af00000) (1024K)]
  0x000001b55944f1d0 JavaThread "Unconstrained build operations Thread 86"        [_thread_blocked, id=5668, stack(0x000000343af00000,0x000000343b000000) (1024K)]
  0x000001b55944bd50 JavaThread "Unconstrained build operations Thread 87"        [_thread_blocked, id=4172, stack(0x000000343b000000,0x000000343b100000) (1024K)]
  0x000001b55944f860 JavaThread "Unconstrained build operations Thread 88"        [_thread_blocked, id=12900, stack(0x000000343b100000,0x000000343b200000) (1024K)]
  0x000001b55d4c0c80 JavaThread "Unconstrained build operations Thread 89"        [_thread_blocked, id=12176, stack(0x000000343b200000,0x000000343b300000) (1024K)]
  0x000001b55d4c1310 JavaThread "Unconstrained build operations Thread 90"        [_thread_blocked, id=13864, stack(0x000000343b300000,0x000000343b400000) (1024K)]
  0x000001b55d4c05f0 JavaThread "Unconstrained build operations Thread 91"        [_thread_blocked, id=9188, stack(0x000000343b400000,0x000000343b500000) (1024K)]
  0x000001b55d4c19a0 JavaThread "Unconstrained build operations Thread 92"        [_thread_blocked, id=7516, stack(0x000000343b500000,0x000000343b600000) (1024K)]
  0x000001b55d4bf8d0 JavaThread "Unconstrained build operations Thread 93"        [_thread_blocked, id=15216, stack(0x000000343b600000,0x000000343b700000) (1024K)]
  0x000001b55d4c26c0 JavaThread "Unconstrained build operations Thread 94"        [_thread_blocked, id=8020, stack(0x000000343b700000,0x000000343b800000) (1024K)]
  0x000001b55d4c2030 JavaThread "Unconstrained build operations Thread 95"        [_thread_blocked, id=8620, stack(0x000000343b800000,0x000000343b900000) (1024K)]
  0x000001b55d4c2d50 JavaThread "Unconstrained build operations Thread 96"        [_thread_blocked, id=9208, stack(0x000000343b900000,0x000000343ba00000) (1024K)]
  0x000001b55d4bff60 JavaThread "Unconstrained build operations Thread 97"        [_thread_blocked, id=7268, stack(0x000000343ba00000,0x000000343bb00000) (1024K)]
  0x000001b55d4c4e20 JavaThread "Unconstrained build operations Thread 98"        [_thread_blocked, id=17376, stack(0x000000343bb00000,0x000000343bc00000) (1024K)]
  0x000001b55d4c61d0 JavaThread "Unconstrained build operations Thread 99"        [_thread_blocked, id=12520, stack(0x000000343bc00000,0x000000343bd00000) (1024K)]
  0x000001b55d4c33e0 JavaThread "Unconstrained build operations Thread 100"        [_thread_blocked, id=16200, stack(0x000000343bd00000,0x000000343be00000) (1024K)]
  0x000001b55d4c6ef0 JavaThread "Unconstrained build operations Thread 101"        [_thread_blocked, id=15376, stack(0x000000343be00000,0x000000343bf00000) (1024K)]
  0x000001b55d4c54b0 JavaThread "Unconstrained build operations Thread 102"        [_thread_blocked, id=7896, stack(0x000000343bf00000,0x000000343c000000) (1024K)]
  0x000001b55d4c3a70 JavaThread "Unconstrained build operations Thread 103"        [_thread_blocked, id=8648, stack(0x000000343c000000,0x000000343c100000) (1024K)]
  0x000001b55d4c7580 JavaThread "Unconstrained build operations Thread 104"        [_thread_blocked, id=12504, stack(0x000000343c100000,0x000000343c200000) (1024K)]
  0x000001b55d4c4100 JavaThread "Unconstrained build operations Thread 105"        [_thread_blocked, id=15220, stack(0x000000343c200000,0x000000343c300000) (1024K)]
  0x000001b55d4c6860 JavaThread "Unconstrained build operations Thread 106"        [_thread_blocked, id=6528, stack(0x000000343c300000,0x000000343c400000) (1024K)]
  0x000001b55d4c5b40 JavaThread "Unconstrained build operations Thread 107"        [_thread_blocked, id=15408, stack(0x000000343c400000,0x000000343c500000) (1024K)]
  0x000001b55d4c7c10 JavaThread "Unconstrained build operations Thread 108"        [_thread_blocked, id=16456, stack(0x000000343c500000,0x000000343c600000) (1024K)]
  0x000001b55d4c4790 JavaThread "Unconstrained build operations Thread 109"        [_thread_blocked, id=2160, stack(0x000000343c600000,0x000000343c700000) (1024K)]
  0x000001b55d4c8930 JavaThread "Unconstrained build operations Thread 110"        [_thread_blocked, id=4688, stack(0x000000343c700000,0x000000343c800000) (1024K)]
  0x000001b55d4cb090 JavaThread "Unconstrained build operations Thread 111"        [_thread_blocked, id=16472, stack(0x000000343c800000,0x000000343c900000) (1024K)]
  0x000001b55d4c9650 JavaThread "Unconstrained build operations Thread 112"        [_thread_blocked, id=17760, stack(0x000000343c900000,0x000000343ca00000) (1024K)]
  0x000001b55d4c9ce0 JavaThread "Unconstrained build operations Thread 113"        [_thread_blocked, id=10356, stack(0x000000343ca00000,0x000000343cb00000) (1024K)]
  0x000001b55d4cb720 JavaThread "Unconstrained build operations Thread 114"        [_thread_blocked, id=17192, stack(0x000000343cb00000,0x000000343cc00000) (1024K)]
  0x000001b55d4c82a0 JavaThread "Unconstrained build operations Thread 115"        [_thread_blocked, id=5040, stack(0x000000343cc00000,0x000000343cd00000) (1024K)]
  0x000001b55d4cc440 JavaThread "Unconstrained build operations Thread 116"        [_thread_blocked, id=5140, stack(0x000000343cd00000,0x000000343ce00000) (1024K)]
  0x000001b55d4c8fc0 JavaThread "Unconstrained build operations Thread 117"        [_thread_blocked, id=14468, stack(0x000000343ce00000,0x000000343cf00000) (1024K)]
  0x000001b55d4cbdb0 JavaThread "Unconstrained build operations Thread 118"        [_thread_blocked, id=7484, stack(0x000000343cf00000,0x000000343d000000) (1024K)]
  0x000001b55d4cd160 JavaThread "Unconstrained build operations Thread 119"        [_thread_blocked, id=12604, stack(0x000000343d000000,0x000000343d100000) (1024K)]
  0x000001b55d4caa00 JavaThread "Unconstrained build operations Thread 120"        [_thread_blocked, id=7520, stack(0x000000343d100000,0x000000343d200000) (1024K)]
  0x000001b55d4ccad0 JavaThread "Unconstrained build operations Thread 121"        [_thread_blocked, id=8196, stack(0x000000343d200000,0x000000343d300000) (1024K)]
  0x000001b55d4ca370 JavaThread "Unconstrained build operations Thread 122"        [_thread_blocked, id=17564, stack(0x000000343d300000,0x000000343d400000) (1024K)]
  0x000001b55d4cd7f0 JavaThread "Unconstrained build operations Thread 123"        [_thread_blocked, id=18032, stack(0x000000343d400000,0x000000343d500000) (1024K)]
  0x000001b55d4ceba0 JavaThread "Unconstrained build operations Thread 124"        [_thread_blocked, id=3240, stack(0x000000343d500000,0x000000343d600000) (1024K)]
  0x000001b55d4cde80 JavaThread "Unconstrained build operations Thread 125"        [_thread_blocked, id=10432, stack(0x000000343d600000,0x000000343d700000) (1024K)]
  0x000001b55d4ce510 JavaThread "Unconstrained build operations Thread 126"        [_thread_blocked, id=8112, stack(0x000000343d700000,0x000000343d800000) (1024K)]
  0x000001b559441fd0 JavaThread "Unconstrained build operations Thread 127"        [_thread_blocked, id=4204, stack(0x000000343d800000,0x000000343d900000) (1024K)]
  0x000001b559442660 JavaThread "Unconstrained build operations Thread 128"        [_thread_blocked, id=12320, stack(0x000000343d900000,0x000000343da00000) (1024K)]
  0x000001b559443380 JavaThread "Unconstrained build operations Thread 129"        [_thread_blocked, id=10052, stack(0x000000343da00000,0x000000343db00000) (1024K)]
  0x000001b559443a10 JavaThread "Unconstrained build operations Thread 130"        [_thread_blocked, id=16280, stack(0x000000343db00000,0x000000343dc00000) (1024K)]
  0x000001b5618e0940 JavaThread "Unconstrained build operations Thread 131"        [_thread_blocked, id=14356, stack(0x000000343dc00000,0x000000343dd00000) (1024K)]
  0x000001b5618e1cf0 JavaThread "Unconstrained build operations Thread 132"        [_thread_blocked, id=3612, stack(0x000000343dd00000,0x000000343de00000) (1024K)]
  0x000001b5618e1660 JavaThread "Unconstrained build operations Thread 133"        [_thread_blocked, id=14284, stack(0x000000343de00000,0x000000343df00000) (1024K)]
  0x000001b55c409af0 JavaThread "Unconstrained build operations Thread 134"        [_thread_blocked, id=5412, stack(0x000000343df00000,0x000000343e000000) (1024K)]
  0x000001b56135b3d0 JavaThread "Unconstrained build operations Thread 135"        [_thread_in_native, id=16576, stack(0x000000343e000000,0x000000343e100000) (1024K)]
  0x000001b56135ba60 JavaThread "Unconstrained build operations Thread 136"        [_thread_blocked, id=3640, stack(0x000000343e100000,0x000000343e200000) (1024K)]
  0x000001b56135c0f0 JavaThread "Unconstrained build operations Thread 137"        [_thread_blocked, id=7408, stack(0x000000343e200000,0x000000343e300000) (1024K)]
  0x000001b56135c780 JavaThread "Unconstrained build operations Thread 138"        [_thread_blocked, id=12724, stack(0x000000343e300000,0x000000343e400000) (1024K)]
  0x000001b56135db30 JavaThread "Unconstrained build operations Thread 139"        [_thread_in_native, id=14708, stack(0x000000343e400000,0x000000343e500000) (1024K)]
  0x000001b56135ce10 JavaThread "Unconstrained build operations Thread 140"        [_thread_in_native, id=17200, stack(0x000000343e500000,0x000000343e600000) (1024K)]
  0x000001b56135d4a0 JavaThread "Unconstrained build operations Thread 141"        [_thread_blocked, id=18064, stack(0x000000343e600000,0x000000343e700000) (1024K)]
  0x000001b56135e1c0 JavaThread "Unconstrained build operations Thread 142"        [_thread_in_native, id=16544, stack(0x000000343e700000,0x000000343e800000) (1024K)]
  0x000001b56135ad40 JavaThread "Unconstrained build operations Thread 143"        [_thread_in_native, id=5920, stack(0x000000343e800000,0x000000343e900000) (1024K)]
  0x000001b561360920 JavaThread "Unconstrained build operations Thread 144"        [_thread_in_native, id=15204, stack(0x000000343e900000,0x000000343ea00000) (1024K)]
  0x000001b561360fb0 JavaThread "Unconstrained build operations Thread 145"        [_thread_blocked, id=11016, stack(0x000000343ea00000,0x000000343eb00000) (1024K)]
  0x000001b56135fc00 JavaThread "Unconstrained build operations Thread 146"        [_thread_in_native, id=460, stack(0x000000343eb00000,0x000000343ec00000) (1024K)]
  0x000001b56135e850 JavaThread "Unconstrained build operations Thread 147"        [_thread_blocked, id=15616, stack(0x000000343ec00000,0x000000343ed00000) (1024K)]
  0x000001b56135f570 JavaThread "Unconstrained build operations Thread 148"        [_thread_blocked, id=13888, stack(0x000000343ed00000,0x000000343ee00000) (1024K)]
Total: 218

Other Threads:
  0x000001b5547b6460 VMThread "VM Thread"                           [id=13032, stack(0x0000003430600000,0x0000003430700000) (1024K)]
  0x000001b5545ec160 WatcherThread "VM Periodic Task Thread"        [id=3668, stack(0x0000003430500000,0x0000003430600000) (1024K)]
  0x000001b53c4f7440 WorkerThread "GC Thread#0"                     [id=14324, stack(0x0000003430000000,0x0000003430100000) (1024K)]
  0x000001b559280940 WorkerThread "GC Thread#1"                     [id=4216, stack(0x0000003431600000,0x0000003431700000) (1024K)]
  0x000001b559754540 WorkerThread "GC Thread#2"                     [id=7072, stack(0x0000003431700000,0x0000003431800000) (1024K)]
  0x000001b5597548e0 WorkerThread "GC Thread#3"                     [id=15828, stack(0x0000003431800000,0x0000003431900000) (1024K)]
  0x000001b559d31020 WorkerThread "GC Thread#4"                     [id=2800, stack(0x0000003431900000,0x0000003431a00000) (1024K)]
  0x000001b55a0d15e0 WorkerThread "GC Thread#5"                     [id=13492, stack(0x0000003431b00000,0x0000003431c00000) (1024K)]
  0x000001b55a0d03c0 WorkerThread "GC Thread#6"                     [id=10564, stack(0x0000003432500000,0x0000003432600000) (1024K)]
  0x000001b55a0d0760 WorkerThread "GC Thread#7"                     [id=3172, stack(0x0000003432600000,0x0000003432700000) (1024K)]
  0x000001b55a0d1980 WorkerThread "GC Thread#8"                     [id=11696, stack(0x0000003432700000,0x0000003432800000) (1024K)]
  0x000001b55a0d0b00 WorkerThread "GC Thread#9"                     [id=4604, stack(0x0000003432800000,0x0000003432900000) (1024K)]
  0x000001b55a0d0ea0 WorkerThread "GC Thread#10"                    [id=5968, stack(0x0000003432900000,0x0000003432a00000) (1024K)]
  0x000001b55a0d1240 WorkerThread "GC Thread#11"                    [id=14372, stack(0x0000003432a00000,0x0000003432b00000) (1024K)]
  0x000001b55a033760 WorkerThread "GC Thread#12"                    [id=1644, stack(0x0000003432b00000,0x0000003432c00000) (1024K)]
  0x000001b53c508330 ConcurrentGCThread "G1 Main Marker"            [id=9084, stack(0x0000003430100000,0x0000003430200000) (1024K)]
  0x000001b53c509b80 WorkerThread "G1 Conc#0"                       [id=6024, stack(0x0000003430200000,0x0000003430300000) (1024K)]
  0x000001b55a033b00 WorkerThread "G1 Conc#1"                       [id=9792, stack(0x0000003432c00000,0x0000003432d00000) (1024K)]
  0x000001b55a035ba0 WorkerThread "G1 Conc#2"                       [id=18316, stack(0x0000003432d00000,0x0000003432e00000) (1024K)]
  0x000001b5544bd5f0 ConcurrentGCThread "G1 Refine#0"               [id=16276, stack(0x0000003430300000,0x0000003430400000) (1024K)]
  0x000001b5544bde10 ConcurrentGCThread "G1 Service"                [id=17152, stack(0x0000003430400000,0x0000003430500000) (1024K)]
Total: 21

Threads with active compile tasks:
C2 CompilerThread0  19279 14854       4       org.gradle.internal.component.model.DefaultAttributeMatcher::matches (169 bytes)
C2 CompilerThread1  19279 14819       4       org.gradle.internal.snapshot.AbstractListChildMap::store (72 bytes)
Total: 2

VM state: not at safepoint (normal execution)

VM Mutex/Monitor currently owned by a thread: None

Heap address: 0x0000000080000000, size: 2048 MB, Compressed Oops mode: 32-bit

CDS archive(s) not mapped
Compressed class space mapped at: 0x0000000100000000-0x0000000140000000, reserved size: 1073741824
Narrow klass base: 0x0000000000000000, Narrow klass shift: 3, Narrow klass range: 0x140000000

GC Precious Log:
 CardTable entry size: 512
 Card Set container configuration: InlinePtr #cards 5 size 8 Array Of Cards #cards 12 size 40 Howl #buckets 4 coarsen threshold 1843 Howl Bitmap #cards 512 size 80 coarsen threshold 460 Card regions per heap region 1 cards per card region 2048
 CPUs: 16 total, 16 available
 Memory: 7882M
 Large Page Support: Disabled
 NUMA Support: Disabled
 Compressed Oops: Enabled (32-bit)
 Heap Region Size: 1M
 Heap Min Capacity: 8M
 Heap Initial Capacity: 124M
 Heap Max Capacity: 2G
 Pre-touch: Disabled
 Parallel Workers: 13
 Concurrent Workers: 3
 Concurrent Refinement Workers: 13
 Periodic GC: Disabled

Heap:
 garbage-first heap   total 257024K, used 168727K [0x0000000080000000, 0x0000000100000000)
  region size 1024K, 32 young (32768K), 8 survivors (8192K)
 Metaspace       used 112136K, committed 114240K, reserved 1179648K
  class space    used 15857K, committed 16832K, reserved 1048576K

Heap Regions: E=young(eden), S=young(survivor), O=old, HS=humongous(starts), HC=humongous(continues), CS=collection set, F=free, TAMS=top-at-mark-start, PB=parsable bottom
|   0|0x0000000080000000, 0x0000000080100000, 0x0000000080100000|100%| O|  |TAMS 0x0000000080000000| PB 0x0000000080000000| Untracked 
|   1|0x0000000080100000, 0x0000000080200000, 0x0000000080200000|100%|HS|  |TAMS 0x0000000080100000| PB 0x0000000080100000| Complete 
|   2|0x0000000080200000, 0x0000000080300000, 0x0000000080300000|100%|HC|  |TAMS 0x0000000080200000| PB 0x0000000080200000| Complete 
|   3|0x0000000080300000, 0x0000000080400000, 0x0000000080400000|100%|HC|  |TAMS 0x0000000080300000| PB 0x0000000080300000| Complete 
|   4|0x0000000080400000, 0x0000000080500000, 0x0000000080500000|100%|HC|  |TAMS 0x0000000080400000| PB 0x0000000080400000| Complete 
|   5|0x0000000080500000, 0x0000000080600000, 0x0000000080600000|100%| O|  |TAMS 0x0000000080500000| PB 0x0000000080500000| Untracked 
|   6|0x0000000080600000, 0x0000000080700000, 0x0000000080700000|100%| O|  |TAMS 0x0000000080600000| PB 0x0000000080600000| Untracked 
|   7|0x0000000080700000, 0x0000000080800000, 0x0000000080800000|100%| O|  |TAMS 0x0000000080700000| PB 0x0000000080700000| Untracked 
|   8|0x0000000080800000, 0x0000000080900000, 0x0000000080900000|100%| O|  |TAMS 0x0000000080800000| PB 0x0000000080800000| Untracked 
|   9|0x0000000080900000, 0x0000000080a00000, 0x0000000080a00000|100%| O|  |TAMS 0x0000000080900000| PB 0x0000000080900000| Untracked 
|  10|0x0000000080a00000, 0x0000000080b00000, 0x0000000080b00000|100%| O|  |TAMS 0x0000000080a00000| PB 0x0000000080a00000| Untracked 
|  11|0x0000000080b00000, 0x0000000080c00000, 0x0000000080c00000|100%| O|  |TAMS 0x0000000080b00000| PB 0x0000000080b00000| Untracked 
|  12|0x0000000080c00000, 0x0000000080d00000, 0x0000000080d00000|100%| O|  |TAMS 0x0000000080c00000| PB 0x0000000080c00000| Untracked 
|  13|0x0000000080d00000, 0x0000000080e00000, 0x0000000080e00000|100%| O|  |TAMS 0x0000000080d00000| PB 0x0000000080d00000| Untracked 
|  14|0x0000000080e00000, 0x0000000080f00000, 0x0000000080f00000|100%| O|  |TAMS 0x0000000080e00000| PB 0x0000000080e00000| Untracked 
|  15|0x0000000080f00000, 0x0000000081000000, 0x0000000081000000|100%| O|  |TAMS 0x0000000080f00000| PB 0x0000000080f00000| Untracked 
|  16|0x0000000081000000, 0x0000000081100000, 0x0000000081100000|100%|HS|  |TAMS 0x0000000081000000| PB 0x0000000081000000| Complete 
|  17|0x0000000081100000, 0x0000000081200000, 0x0000000081200000|100%|HC|  |TAMS 0x0000000081100000| PB 0x0000000081100000| Complete 
|  18|0x0000000081200000, 0x0000000081300000, 0x0000000081300000|100%| O|  |TAMS 0x0000000081200000| PB 0x0000000081200000| Untracked 
|  19|0x0000000081300000, 0x0000000081400000, 0x0000000081400000|100%| O|  |TAMS 0x0000000081300000| PB 0x0000000081300000| Untracked 
|  20|0x0000000081400000, 0x0000000081500000, 0x0000000081500000|100%| O|  |TAMS 0x0000000081400000| PB 0x0000000081400000| Untracked 
|  21|0x0000000081500000, 0x0000000081600000, 0x0000000081600000|100%| O|  |TAMS 0x0000000081500000| PB 0x0000000081500000| Untracked 
|  22|0x0000000081600000, 0x0000000081700000, 0x0000000081700000|100%| O|  |TAMS 0x0000000081600000| PB 0x0000000081600000| Untracked 
|  23|0x0000000081700000, 0x0000000081800000, 0x0000000081800000|100%| O|  |TAMS 0x0000000081700000| PB 0x0000000081700000| Untracked 
|  24|0x0000000081800000, 0x0000000081900000, 0x0000000081900000|100%| O|  |TAMS 0x0000000081800000| PB 0x0000000081800000| Untracked 
|  25|0x0000000081900000, 0x0000000081a00000, 0x0000000081a00000|100%|HS|  |TAMS 0x0000000081900000| PB 0x0000000081900000| Complete 
|  26|0x0000000081a00000, 0x0000000081b00000, 0x0000000081b00000|100%|HS|  |TAMS 0x0000000081a00000| PB 0x0000000081a00000| Complete 
|  27|0x0000000081b00000, 0x0000000081c00000, 0x0000000081c00000|100%| O|  |TAMS 0x0000000081b00000| PB 0x0000000081b00000| Untracked 
|  28|0x0000000081c00000, 0x0000000081d00000, 0x0000000081d00000|100%| O|  |TAMS 0x0000000081c00000| PB 0x0000000081c00000| Untracked 
|  29|0x0000000081d00000, 0x0000000081e00000, 0x0000000081e00000|100%| O|  |TAMS 0x0000000081d00000| PB 0x0000000081d00000| Untracked 
|  30|0x0000000081e00000, 0x0000000081f00000, 0x0000000081f00000|100%| O|  |TAMS 0x0000000081e00000| PB 0x0000000081e00000| Untracked 
|  31|0x0000000081f00000, 0x0000000082000000, 0x0000000082000000|100%| O|  |TAMS 0x0000000081f00000| PB 0x0000000081f00000| Untracked 
|  32|0x0000000082000000, 0x0000000082100000, 0x0000000082100000|100%| O|  |TAMS 0x0000000082000000| PB 0x0000000082000000| Untracked 
|  33|0x0000000082100000, 0x0000000082200000, 0x0000000082200000|100%| O|  |TAMS 0x0000000082100000| PB 0x0000000082100000| Untracked 
|  34|0x0000000082200000, 0x0000000082300000, 0x0000000082300000|100%| O|  |TAMS 0x0000000082200000| PB 0x0000000082200000| Untracked 
|  35|0x0000000082300000, 0x0000000082400000, 0x0000000082400000|100%|HS|  |TAMS 0x0000000082300000| PB 0x0000000082300000| Complete 
|  36|0x0000000082400000, 0x0000000082500000, 0x0000000082500000|100%|HC|  |TAMS 0x0000000082400000| PB 0x0000000082400000| Complete 
|  37|0x0000000082500000, 0x0000000082600000, 0x0000000082600000|100%| O|  |TAMS 0x0000000082500000| PB 0x0000000082500000| Untracked 
|  38|0x0000000082600000, 0x0000000082700000, 0x0000000082700000|100%| O|  |TAMS 0x0000000082600000| PB 0x0000000082600000| Untracked 
|  39|0x0000000082700000, 0x0000000082800000, 0x0000000082800000|100%| O|  |TAMS 0x0000000082700000| PB 0x0000000082700000| Untracked 
|  40|0x0000000082800000, 0x0000000082900000, 0x0000000082900000|100%| O|  |TAMS 0x0000000082800000| PB 0x0000000082800000| Untracked 
|  41|0x0000000082900000, 0x0000000082a00000, 0x0000000082a00000|100%|HS|  |TAMS 0x0000000082900000| PB 0x0000000082900000| Complete 
|  42|0x0000000082a00000, 0x0000000082b00000, 0x0000000082b00000|100%|HS|  |TAMS 0x0000000082a00000| PB 0x0000000082a00000| Complete 
|  43|0x0000000082b00000, 0x0000000082c00000, 0x0000000082c00000|100%|HC|  |TAMS 0x0000000082b00000| PB 0x0000000082b00000| Complete 
|  44|0x0000000082c00000, 0x0000000082d00000, 0x0000000082d00000|100%|HC|  |TAMS 0x0000000082c00000| PB 0x0000000082c00000| Complete 
|  45|0x0000000082d00000, 0x0000000082e00000, 0x0000000082e00000|100%|HC|  |TAMS 0x0000000082d00000| PB 0x0000000082d00000| Complete 
|  46|0x0000000082e00000, 0x0000000082f00000, 0x0000000082f00000|100%| O|  |TAMS 0x0000000082e00000| PB 0x0000000082e00000| Untracked 
|  47|0x0000000082f00000, 0x0000000083000000, 0x0000000083000000|100%| O|  |TAMS 0x0000000082f00000| PB 0x0000000082f00000| Untracked 
|  48|0x0000000083000000, 0x0000000083000000, 0x0000000083100000|  0%| F|  |TAMS 0x0000000083000000| PB 0x0000000083000000| Untracked 
|  49|0x0000000083100000, 0x0000000083200000, 0x0000000083200000|100%| O|  |TAMS 0x0000000083100000| PB 0x0000000083100000| Untracked 
|  50|0x0000000083200000, 0x0000000083200000, 0x0000000083300000|  0%| F|  |TAMS 0x0000000083200000| PB 0x0000000083200000| Untracked 
|  51|0x0000000083300000, 0x0000000083400000, 0x0000000083400000|100%| O|  |TAMS 0x0000000083300000| PB 0x0000000083300000| Untracked 
|  52|0x0000000083400000, 0x0000000083500000, 0x0000000083500000|100%|HS|  |TAMS 0x0000000083400000| PB 0x0000000083400000| Complete 
|  53|0x0000000083500000, 0x0000000083600000, 0x0000000083600000|100%| O|  |TAMS 0x0000000083500000| PB 0x0000000083500000| Untracked 
|  54|0x0000000083600000, 0x0000000083700000, 0x0000000083700000|100%| O|  |TAMS 0x0000000083600000| PB 0x0000000083600000| Untracked 
|  55|0x0000000083700000, 0x0000000083800000, 0x0000000083800000|100%| O|  |TAMS 0x0000000083700000| PB 0x0000000083700000| Untracked 
|  56|0x0000000083800000, 0x0000000083900000, 0x0000000083900000|100%|HS|  |TAMS 0x0000000083800000| PB 0x0000000083800000| Complete 
|  57|0x0000000083900000, 0x0000000083a00000, 0x0000000083a00000|100%|HS|  |TAMS 0x0000000083900000| PB 0x0000000083900000| Complete 
|  58|0x0000000083a00000, 0x0000000083b00000, 0x0000000083b00000|100%|HC|  |TAMS 0x0000000083a00000| PB 0x0000000083a00000| Complete 
|  59|0x0000000083b00000, 0x0000000083c00000, 0x0000000083c00000|100%|HS|  |TAMS 0x0000000083b00000| PB 0x0000000083b00000| Complete 
|  60|0x0000000083c00000, 0x0000000083d00000, 0x0000000083d00000|100%| O|  |TAMS 0x0000000083c00000| PB 0x0000000083c00000| Untracked 
|  61|0x0000000083d00000, 0x0000000083e00000, 0x0000000083e00000|100%| O|  |TAMS 0x0000000083d00000| PB 0x0000000083d00000| Untracked 
|  62|0x0000000083e00000, 0x0000000083f00000, 0x0000000083f00000|100%| O|  |TAMS 0x0000000083e00000| PB 0x0000000083e00000| Untracked 
|  63|0x0000000083f00000, 0x0000000084000000, 0x0000000084000000|100%| O|  |TAMS 0x0000000083f00000| PB 0x0000000083f00000| Untracked 
|  64|0x0000000084000000, 0x0000000084100000, 0x0000000084100000|100%| O|  |TAMS 0x0000000084000000| PB 0x0000000084000000| Untracked 
|  65|0x0000000084100000, 0x0000000084200000, 0x0000000084200000|100%| O|  |TAMS 0x0000000084100000| PB 0x0000000084100000| Untracked 
|  66|0x0000000084200000, 0x0000000084300000, 0x0000000084300000|100%|HS|  |TAMS 0x0000000084200000| PB 0x0000000084200000| Complete 
|  67|0x0000000084300000, 0x0000000084400000, 0x0000000084400000|100%| O|  |TAMS 0x0000000084300000| PB 0x0000000084300000| Untracked 
|  68|0x0000000084400000, 0x0000000084500000, 0x0000000084500000|100%| O|  |TAMS 0x0000000084400000| PB 0x0000000084400000| Untracked 
|  69|0x0000000084500000, 0x0000000084600000, 0x0000000084600000|100%| O|  |TAMS 0x0000000084500000| PB 0x0000000084500000| Untracked 
|  70|0x0000000084600000, 0x0000000084700000, 0x0000000084700000|100%| O|  |TAMS 0x0000000084600000| PB 0x0000000084600000| Untracked 
|  71|0x0000000084700000, 0x0000000084800000, 0x0000000084800000|100%| O|  |TAMS 0x0000000084700000| PB 0x0000000084700000| Untracked 
|  72|0x0000000084800000, 0x0000000084900000, 0x0000000084900000|100%| O|  |TAMS 0x0000000084800000| PB 0x0000000084800000| Untracked 
|  73|0x0000000084900000, 0x0000000084a00000, 0x0000000084a00000|100%|HS|  |TAMS 0x0000000084900000| PB 0x0000000084900000| Complete 
|  74|0x0000000084a00000, 0x0000000084b00000, 0x0000000084b00000|100%|HC|  |TAMS 0x0000000084a00000| PB 0x0000000084a00000| Complete 
|  75|0x0000000084b00000, 0x0000000084c00000, 0x0000000084c00000|100%|HC|  |TAMS 0x0000000084b00000| PB 0x0000000084b00000| Complete 
|  76|0x0000000084c00000, 0x0000000084d00000, 0x0000000084d00000|100%|HC|  |TAMS 0x0000000084c00000| PB 0x0000000084c00000| Complete 
|  77|0x0000000084d00000, 0x0000000084e00000, 0x0000000084e00000|100%| O|  |TAMS 0x0000000084d00000| PB 0x0000000084d00000| Untracked 
|  78|0x0000000084e00000, 0x0000000084f00000, 0x0000000084f00000|100%| O|  |TAMS 0x0000000084e00000| PB 0x0000000084e00000| Untracked 
|  79|0x0000000084f00000, 0x0000000085000000, 0x0000000085000000|100%| O|  |TAMS 0x0000000084f00000| PB 0x0000000084f00000| Untracked 
|  80|0x0000000085000000, 0x0000000085100000, 0x0000000085100000|100%| O|  |TAMS 0x0000000085000000| PB 0x0000000085000000| Untracked 
|  81|0x0000000085100000, 0x0000000085200000, 0x0000000085200000|100%| O|  |TAMS 0x0000000085100000| PB 0x0000000085100000| Untracked 
|  82|0x0000000085200000, 0x0000000085300000, 0x0000000085300000|100%| O|  |TAMS 0x0000000085200000| PB 0x0000000085200000| Untracked 
|  83|0x0000000085300000, 0x0000000085400000, 0x0000000085400000|100%| O|  |TAMS 0x0000000085300000| PB 0x0000000085300000| Untracked 
|  84|0x0000000085400000, 0x0000000085500000, 0x0000000085500000|100%| O|  |TAMS 0x0000000085400000| PB 0x0000000085400000| Untracked 
|  85|0x0000000085500000, 0x0000000085600000, 0x0000000085600000|100%| O|  |TAMS 0x0000000085500000| PB 0x0000000085500000| Untracked 
|  86|0x0000000085600000, 0x0000000085700000, 0x0000000085700000|100%| O|  |TAMS 0x0000000085600000| PB 0x0000000085600000| Untracked 
|  87|0x0000000085700000, 0x0000000085800000, 0x0000000085800000|100%| O|  |TAMS 0x0000000085700000| PB 0x0000000085700000| Untracked 
|  88|0x0000000085800000, 0x0000000085900000, 0x0000000085900000|100%| O|  |TAMS 0x0000000085800000| PB 0x0000000085800000| Untracked 
|  89|0x0000000085900000, 0x0000000085a00000, 0x0000000085a00000|100%| O|  |TAMS 0x0000000085900000| PB 0x0000000085900000| Untracked 
|  90|0x0000000085a00000, 0x0000000085b00000, 0x0000000085b00000|100%| O|  |TAMS 0x0000000085a00000| PB 0x0000000085a00000| Untracked 
|  91|0x0000000085b00000, 0x0000000085c00000, 0x0000000085c00000|100%| O|  |TAMS 0x0000000085b00000| PB 0x0000000085b00000| Untracked 
|  92|0x0000000085c00000, 0x0000000085d00000, 0x0000000085d00000|100%| O|  |TAMS 0x0000000085c00000| PB 0x0000000085c00000| Untracked 
|  93|0x0000000085d00000, 0x0000000085e00000, 0x0000000085e00000|100%| O|  |TAMS 0x0000000085d00000| PB 0x0000000085d00000| Untracked 
|  94|0x0000000085e00000, 0x0000000085f00000, 0x0000000085f00000|100%| O|  |TAMS 0x0000000085e00000| PB 0x0000000085e00000| Untracked 
|  95|0x0000000085f00000, 0x0000000086000000, 0x0000000086000000|100%| O|  |TAMS 0x0000000085f00000| PB 0x0000000085f00000| Untracked 
|  96|0x0000000086000000, 0x0000000086100000, 0x0000000086100000|100%| O|  |TAMS 0x0000000086000000| PB 0x0000000086000000| Untracked 
|  97|0x0000000086100000, 0x0000000086200000, 0x0000000086200000|100%| O|  |TAMS 0x0000000086100000| PB 0x0000000086100000| Untracked 
|  98|0x0000000086200000, 0x0000000086300000, 0x0000000086300000|100%| O|  |TAMS 0x0000000086200000| PB 0x0000000086200000| Untracked 
|  99|0x0000000086300000, 0x0000000086400000, 0x0000000086400000|100%| O|  |TAMS 0x0000000086300000| PB 0x0000000086300000| Untracked 
| 100|0x0000000086400000, 0x0000000086500000, 0x0000000086500000|100%| O|  |TAMS 0x0000000086400000| PB 0x0000000086400000| Untracked 
| 101|0x0000000086500000, 0x0000000086600000, 0x0000000086600000|100%| O|  |TAMS 0x0000000086500000| PB 0x0000000086500000| Untracked 
| 102|0x0000000086600000, 0x0000000086700000, 0x0000000086700000|100%| O|  |TAMS 0x0000000086600000| PB 0x0000000086600000| Untracked 
| 103|0x0000000086700000, 0x0000000086800000, 0x0000000086800000|100%| O|  |TAMS 0x0000000086700000| PB 0x0000000086700000| Untracked 
| 104|0x0000000086800000, 0x0000000086900000, 0x0000000086900000|100%| O|  |TAMS 0x0000000086800000| PB 0x0000000086800000| Untracked 
| 105|0x0000000086900000, 0x0000000086a00000, 0x0000000086a00000|100%| O|  |TAMS 0x0000000086900000| PB 0x0000000086900000| Untracked 
| 106|0x0000000086a00000, 0x0000000086b00000, 0x0000000086b00000|100%| O|  |TAMS 0x0000000086a00000| PB 0x0000000086a00000| Untracked 
| 107|0x0000000086b00000, 0x0000000086c00000, 0x0000000086c00000|100%| O|  |TAMS 0x0000000086b00000| PB 0x0000000086b00000| Untracked 
| 108|0x0000000086c00000, 0x0000000086d00000, 0x0000000086d00000|100%| O|  |TAMS 0x0000000086c00000| PB 0x0000000086c00000| Untracked 
| 109|0x0000000086d00000, 0x0000000086e00000, 0x0000000086e00000|100%| O|  |TAMS 0x0000000086d00000| PB 0x0000000086d00000| Untracked 
| 110|0x0000000086e00000, 0x0000000086f00000, 0x0000000086f00000|100%| O|  |TAMS 0x0000000086e00000| PB 0x0000000086e00000| Untracked 
| 111|0x0000000086f00000, 0x0000000087000000, 0x0000000087000000|100%| O|  |TAMS 0x0000000086f00000| PB 0x0000000086f00000| Untracked 
| 112|0x0000000087000000, 0x0000000087100000, 0x0000000087100000|100%| O|  |TAMS 0x0000000087000000| PB 0x0000000087000000| Untracked 
| 113|0x0000000087100000, 0x0000000087200000, 0x0000000087200000|100%| O|  |TAMS 0x0000000087100000| PB 0x0000000087100000| Untracked 
| 114|0x0000000087200000, 0x0000000087300000, 0x0000000087300000|100%| O|  |TAMS 0x0000000087200000| PB 0x0000000087200000| Untracked 
| 115|0x0000000087300000, 0x0000000087300000, 0x0000000087400000|  0%| F|  |TAMS 0x0000000087300000| PB 0x0000000087300000| Untracked 
| 116|0x0000000087400000, 0x0000000087400000, 0x0000000087500000|  0%| F|  |TAMS 0x0000000087400000| PB 0x0000000087400000| Untracked 
| 117|0x0000000087500000, 0x0000000087600000, 0x0000000087600000|100%| O|  |TAMS 0x0000000087500000| PB 0x0000000087500000| Untracked 
| 118|0x0000000087600000, 0x0000000087700000, 0x0000000087700000|100%| O|  |TAMS 0x0000000087600000| PB 0x0000000087600000| Untracked 
| 119|0x0000000087700000, 0x0000000087800000, 0x0000000087800000|100%| O|  |TAMS 0x0000000087700000| PB 0x0000000087700000| Untracked 
| 120|0x0000000087800000, 0x0000000087900000, 0x0000000087900000|100%| O|  |TAMS 0x0000000087800000| PB 0x0000000087800000| Untracked 
| 121|0x0000000087900000, 0x0000000087a00000, 0x0000000087a00000|100%| O|  |TAMS 0x0000000087900000| PB 0x0000000087900000| Untracked 
| 122|0x0000000087a00000, 0x0000000087b00000, 0x0000000087b00000|100%| O|  |TAMS 0x0000000087a00000| PB 0x0000000087a00000| Untracked 
| 123|0x0000000087b00000, 0x0000000087c00000, 0x0000000087c00000|100%| O|  |TAMS 0x0000000087b00000| PB 0x0000000087b00000| Untracked 
| 124|0x0000000087c00000, 0x0000000087d00000, 0x0000000087d00000|100%| O|  |TAMS 0x0000000087c00000| PB 0x0000000087c00000| Untracked 
| 125|0x0000000087d00000, 0x0000000087e00000, 0x0000000087e00000|100%| O|  |TAMS 0x0000000087d00000| PB 0x0000000087d00000| Untracked 
| 126|0x0000000087e00000, 0x0000000087ed1400, 0x0000000087f00000| 81%| O|  |TAMS 0x0000000087e00000| PB 0x0000000087e00000| Untracked 
| 127|0x0000000087f00000, 0x0000000087f00000, 0x0000000088000000|  0%| F|  |TAMS 0x0000000087f00000| PB 0x0000000087f00000| Untracked 
| 128|0x0000000088000000, 0x0000000088000000, 0x0000000088100000|  0%| F|  |TAMS 0x0000000088000000| PB 0x0000000088000000| Untracked 
| 129|0x0000000088100000, 0x0000000088100000, 0x0000000088200000|  0%| F|  |TAMS 0x0000000088100000| PB 0x0000000088100000| Untracked 
| 130|0x0000000088200000, 0x0000000088200000, 0x0000000088300000|  0%| F|  |TAMS 0x0000000088200000| PB 0x0000000088200000| Untracked 
| 131|0x0000000088300000, 0x0000000088300000, 0x0000000088400000|  0%| F|  |TAMS 0x0000000088300000| PB 0x0000000088300000| Untracked 
| 132|0x0000000088400000, 0x0000000088400000, 0x0000000088500000|  0%| F|  |TAMS 0x0000000088400000| PB 0x0000000088400000| Untracked 
| 133|0x0000000088500000, 0x0000000088500000, 0x0000000088600000|  0%| F|  |TAMS 0x0000000088500000| PB 0x0000000088500000| Untracked 
| 134|0x0000000088600000, 0x0000000088600000, 0x0000000088700000|  0%| F|  |TAMS 0x0000000088600000| PB 0x0000000088600000| Untracked 
| 135|0x0000000088700000, 0x00000000887f4b90, 0x0000000088800000| 95%| S|CS|TAMS 0x0000000088700000| PB 0x0000000088700000| Complete 
| 136|0x0000000088800000, 0x0000000088800000, 0x0000000088900000|  0%| F|  |TAMS 0x0000000088800000| PB 0x0000000088800000| Untracked 
| 137|0x0000000088900000, 0x0000000088900000, 0x0000000088a00000|  0%| F|  |TAMS 0x0000000088900000| PB 0x0000000088900000| Untracked 
| 138|0x0000000088a00000, 0x0000000088a00000, 0x0000000088b00000|  0%| F|  |TAMS 0x0000000088a00000| PB 0x0000000088a00000| Untracked 
| 139|0x0000000088b00000, 0x0000000088b00000, 0x0000000088c00000|  0%| F|  |TAMS 0x0000000088b00000| PB 0x0000000088b00000| Untracked 
| 140|0x0000000088c00000, 0x0000000088c00000, 0x0000000088d00000|  0%| F|  |TAMS 0x0000000088c00000| PB 0x0000000088c00000| Untracked 
| 141|0x0000000088d00000, 0x0000000088d00000, 0x0000000088e00000|  0%| F|  |TAMS 0x0000000088d00000| PB 0x0000000088d00000| Untracked 
| 142|0x0000000088e00000, 0x0000000088e00000, 0x0000000088f00000|  0%| F|  |TAMS 0x0000000088e00000| PB 0x0000000088e00000| Untracked 
| 143|0x0000000088f00000, 0x0000000088f00000, 0x0000000089000000|  0%| F|  |TAMS 0x0000000088f00000| PB 0x0000000088f00000| Untracked 
| 144|0x0000000089000000, 0x0000000089000000, 0x0000000089100000|  0%| F|  |TAMS 0x0000000089000000| PB 0x0000000089000000| Untracked 
| 145|0x0000000089100000, 0x0000000089200000, 0x0000000089200000|100%| S|CS|TAMS 0x0000000089100000| PB 0x0000000089100000| Complete 
| 146|0x0000000089200000, 0x0000000089300000, 0x0000000089300000|100%| S|CS|TAMS 0x0000000089200000| PB 0x0000000089200000| Complete 
| 147|0x0000000089300000, 0x0000000089400000, 0x0000000089400000|100%| S|CS|TAMS 0x0000000089300000| PB 0x0000000089300000| Complete 
| 148|0x0000000089400000, 0x0000000089500000, 0x0000000089500000|100%| S|CS|TAMS 0x0000000089400000| PB 0x0000000089400000| Complete 
| 149|0x0000000089500000, 0x0000000089600000, 0x0000000089600000|100%| S|CS|TAMS 0x0000000089500000| PB 0x0000000089500000| Complete 
| 150|0x0000000089600000, 0x0000000089700000, 0x0000000089700000|100%| S|CS|TAMS 0x0000000089600000| PB 0x0000000089600000| Complete 
| 151|0x0000000089700000, 0x0000000089800000, 0x0000000089800000|100%| S|CS|TAMS 0x0000000089700000| PB 0x0000000089700000| Complete 
| 152|0x0000000089800000, 0x0000000089800000, 0x0000000089900000|  0%| F|  |TAMS 0x0000000089800000| PB 0x0000000089800000| Untracked 
| 153|0x0000000089900000, 0x0000000089900000, 0x0000000089a00000|  0%| F|  |TAMS 0x0000000089900000| PB 0x0000000089900000| Untracked 
| 154|0x0000000089a00000, 0x0000000089a00000, 0x0000000089b00000|  0%| F|  |TAMS 0x0000000089a00000| PB 0x0000000089a00000| Untracked 
| 155|0x0000000089b00000, 0x0000000089b00000, 0x0000000089c00000|  0%| F|  |TAMS 0x0000000089b00000| PB 0x0000000089b00000| Untracked 
| 156|0x0000000089c00000, 0x0000000089c00000, 0x0000000089d00000|  0%| F|  |TAMS 0x0000000089c00000| PB 0x0000000089c00000| Untracked 
| 157|0x0000000089d00000, 0x0000000089d00000, 0x0000000089e00000|  0%| F|  |TAMS 0x0000000089d00000| PB 0x0000000089d00000| Untracked 
| 158|0x0000000089e00000, 0x0000000089e00000, 0x0000000089f00000|  0%| F|  |TAMS 0x0000000089e00000| PB 0x0000000089e00000| Untracked 
| 159|0x0000000089f00000, 0x0000000089f00000, 0x000000008a000000|  0%| F|  |TAMS 0x0000000089f00000| PB 0x0000000089f00000| Untracked 
| 160|0x000000008a000000, 0x000000008a000000, 0x000000008a100000|  0%| F|  |TAMS 0x000000008a000000| PB 0x000000008a000000| Untracked 
| 161|0x000000008a100000, 0x000000008a100000, 0x000000008a200000|  0%| F|  |TAMS 0x000000008a100000| PB 0x000000008a100000| Untracked 
| 162|0x000000008a200000, 0x000000008a200000, 0x000000008a300000|  0%| F|  |TAMS 0x000000008a200000| PB 0x000000008a200000| Untracked 
| 163|0x000000008a300000, 0x000000008a300000, 0x000000008a400000|  0%| F|  |TAMS 0x000000008a300000| PB 0x000000008a300000| Untracked 
| 164|0x000000008a400000, 0x000000008a400000, 0x000000008a500000|  0%| F|  |TAMS 0x000000008a400000| PB 0x000000008a400000| Untracked 
| 165|0x000000008a500000, 0x000000008a500000, 0x000000008a600000|  0%| F|  |TAMS 0x000000008a500000| PB 0x000000008a500000| Untracked 
| 166|0x000000008a600000, 0x000000008a600000, 0x000000008a700000|  0%| F|  |TAMS 0x000000008a600000| PB 0x000000008a600000| Untracked 
| 167|0x000000008a700000, 0x000000008a700000, 0x000000008a800000|  0%| F|  |TAMS 0x000000008a700000| PB 0x000000008a700000| Untracked 
| 168|0x000000008a800000, 0x000000008a800000, 0x000000008a900000|  0%| F|  |TAMS 0x000000008a800000| PB 0x000000008a800000| Untracked 
| 169|0x000000008a900000, 0x000000008a900000, 0x000000008aa00000|  0%| F|  |TAMS 0x000000008a900000| PB 0x000000008a900000| Untracked 
| 170|0x000000008aa00000, 0x000000008aa00000, 0x000000008ab00000|  0%| F|  |TAMS 0x000000008aa00000| PB 0x000000008aa00000| Untracked 
| 171|0x000000008ab00000, 0x000000008ab00000, 0x000000008ac00000|  0%| F|  |TAMS 0x000000008ab00000| PB 0x000000008ab00000| Untracked 
| 172|0x000000008ac00000, 0x000000008ac00000, 0x000000008ad00000|  0%| F|  |TAMS 0x000000008ac00000| PB 0x000000008ac00000| Untracked 
| 173|0x000000008ad00000, 0x000000008ad00000, 0x000000008ae00000|  0%| F|  |TAMS 0x000000008ad00000| PB 0x000000008ad00000| Untracked 
| 174|0x000000008ae00000, 0x000000008ae00000, 0x000000008af00000|  0%| F|  |TAMS 0x000000008ae00000| PB 0x000000008ae00000| Untracked 
| 175|0x000000008af00000, 0x000000008af00000, 0x000000008b000000|  0%| F|  |TAMS 0x000000008af00000| PB 0x000000008af00000| Untracked 
| 176|0x000000008b000000, 0x000000008b000000, 0x000000008b100000|  0%| F|  |TAMS 0x000000008b000000| PB 0x000000008b000000| Untracked 
| 177|0x000000008b100000, 0x000000008b100000, 0x000000008b200000|  0%| F|  |TAMS 0x000000008b100000| PB 0x000000008b100000| Untracked 
| 178|0x000000008b200000, 0x000000008b200000, 0x000000008b300000|  0%| F|  |TAMS 0x000000008b200000| PB 0x000000008b200000| Untracked 
| 179|0x000000008b300000, 0x000000008b300000, 0x000000008b400000|  0%| F|  |TAMS 0x000000008b300000| PB 0x000000008b300000| Untracked 
| 180|0x000000008b400000, 0x000000008b400000, 0x000000008b500000|  0%| F|  |TAMS 0x000000008b400000| PB 0x000000008b400000| Untracked 
| 181|0x000000008b500000, 0x000000008b500000, 0x000000008b600000|  0%| F|  |TAMS 0x000000008b500000| PB 0x000000008b500000| Untracked 
| 182|0x000000008b600000, 0x000000008b600000, 0x000000008b700000|  0%| F|  |TAMS 0x000000008b600000| PB 0x000000008b600000| Untracked 
| 183|0x000000008b700000, 0x000000008b700000, 0x000000008b800000|  0%| F|  |TAMS 0x000000008b700000| PB 0x000000008b700000| Untracked 
| 184|0x000000008b800000, 0x000000008b800000, 0x000000008b900000|  0%| F|  |TAMS 0x000000008b800000| PB 0x000000008b800000| Untracked 
| 185|0x000000008b900000, 0x000000008b900000, 0x000000008ba00000|  0%| F|  |TAMS 0x000000008b900000| PB 0x000000008b900000| Untracked 
| 186|0x000000008ba00000, 0x000000008ba00000, 0x000000008bb00000|  0%| F|  |TAMS 0x000000008ba00000| PB 0x000000008ba00000| Untracked 
| 187|0x000000008bb00000, 0x000000008bb00000, 0x000000008bc00000|  0%| F|  |TAMS 0x000000008bb00000| PB 0x000000008bb00000| Untracked 
| 188|0x000000008bc00000, 0x000000008bc00000, 0x000000008bd00000|  0%| F|  |TAMS 0x000000008bc00000| PB 0x000000008bc00000| Untracked 
| 189|0x000000008bd00000, 0x000000008bd00000, 0x000000008be00000|  0%| F|  |TAMS 0x000000008bd00000| PB 0x000000008bd00000| Untracked 
| 190|0x000000008be00000, 0x000000008be00000, 0x000000008bf00000|  0%| F|  |TAMS 0x000000008be00000| PB 0x000000008be00000| Untracked 
| 191|0x000000008bf00000, 0x000000008bf00000, 0x000000008c000000|  0%| F|  |TAMS 0x000000008bf00000| PB 0x000000008bf00000| Untracked 
| 192|0x000000008c000000, 0x000000008c000000, 0x000000008c100000|  0%| F|  |TAMS 0x000000008c000000| PB 0x000000008c000000| Untracked 
| 193|0x000000008c100000, 0x000000008c100000, 0x000000008c200000|  0%| F|  |TAMS 0x000000008c100000| PB 0x000000008c100000| Untracked 
| 194|0x000000008c200000, 0x000000008c200000, 0x000000008c300000|  0%| F|  |TAMS 0x000000008c200000| PB 0x000000008c200000| Untracked 
| 195|0x000000008c300000, 0x000000008c300000, 0x000000008c400000|  0%| F|  |TAMS 0x000000008c300000| PB 0x000000008c300000| Untracked 
| 196|0x000000008c400000, 0x000000008c400000, 0x000000008c500000|  0%| F|  |TAMS 0x000000008c400000| PB 0x000000008c400000| Untracked 
| 197|0x000000008c500000, 0x000000008c500000, 0x000000008c600000|  0%| F|  |TAMS 0x000000008c500000| PB 0x000000008c500000| Untracked 
| 198|0x000000008c600000, 0x000000008c600000, 0x000000008c700000|  0%| F|  |TAMS 0x000000008c600000| PB 0x000000008c600000| Untracked 
| 199|0x000000008c700000, 0x000000008c700000, 0x000000008c800000|  0%| F|  |TAMS 0x000000008c700000| PB 0x000000008c700000| Untracked 
| 200|0x000000008c800000, 0x000000008c800000, 0x000000008c900000|  0%| F|  |TAMS 0x000000008c800000| PB 0x000000008c800000| Untracked 
| 201|0x000000008c900000, 0x000000008c900000, 0x000000008ca00000|  0%| F|  |TAMS 0x000000008c900000| PB 0x000000008c900000| Untracked 
| 202|0x000000008ca00000, 0x000000008ca00000, 0x000000008cb00000|  0%| F|  |TAMS 0x000000008ca00000| PB 0x000000008ca00000| Untracked 
| 203|0x000000008cb00000, 0x000000008cb00000, 0x000000008cc00000|  0%| F|  |TAMS 0x000000008cb00000| PB 0x000000008cb00000| Untracked 
| 204|0x000000008cc00000, 0x000000008cc00000, 0x000000008cd00000|  0%| F|  |TAMS 0x000000008cc00000| PB 0x000000008cc00000| Untracked 
| 205|0x000000008cd00000, 0x000000008cd00000, 0x000000008ce00000|  0%| F|  |TAMS 0x000000008cd00000| PB 0x000000008cd00000| Untracked 
| 206|0x000000008ce00000, 0x000000008ce00000, 0x000000008cf00000|  0%| F|  |TAMS 0x000000008ce00000| PB 0x000000008ce00000| Untracked 
| 207|0x000000008cf00000, 0x000000008cf00000, 0x000000008d000000|  0%| F|  |TAMS 0x000000008cf00000| PB 0x000000008cf00000| Untracked 
| 208|0x000000008d000000, 0x000000008d000000, 0x000000008d100000|  0%| F|  |TAMS 0x000000008d000000| PB 0x000000008d000000| Untracked 
| 209|0x000000008d100000, 0x000000008d100000, 0x000000008d200000|  0%| F|  |TAMS 0x000000008d100000| PB 0x000000008d100000| Untracked 
| 210|0x000000008d200000, 0x000000008d200000, 0x000000008d300000|  0%| F|  |TAMS 0x000000008d200000| PB 0x000000008d200000| Untracked 
| 211|0x000000008d300000, 0x000000008d300000, 0x000000008d400000|  0%| F|  |TAMS 0x000000008d300000| PB 0x000000008d300000| Untracked 
| 212|0x000000008d400000, 0x000000008d400000, 0x000000008d500000|  0%| F|  |TAMS 0x000000008d400000| PB 0x000000008d400000| Untracked 
| 213|0x000000008d500000, 0x000000008d500000, 0x000000008d600000|  0%| F|  |TAMS 0x000000008d500000| PB 0x000000008d500000| Untracked 
| 214|0x000000008d600000, 0x000000008d600000, 0x000000008d700000|  0%| F|  |TAMS 0x000000008d600000| PB 0x000000008d600000| Untracked 
| 215|0x000000008d700000, 0x000000008d787d20, 0x000000008d800000| 53%| E|  |TAMS 0x000000008d700000| PB 0x000000008d700000| Complete 
| 216|0x000000008d800000, 0x000000008d900000, 0x000000008d900000|100%| E|CS|TAMS 0x000000008d800000| PB 0x000000008d800000| Complete 
| 217|0x000000008d900000, 0x000000008da00000, 0x000000008da00000|100%| E|CS|TAMS 0x000000008d900000| PB 0x000000008d900000| Complete 
| 218|0x000000008da00000, 0x000000008db00000, 0x000000008db00000|100%| E|CS|TAMS 0x000000008da00000| PB 0x000000008da00000| Complete 
| 219|0x000000008db00000, 0x000000008dc00000, 0x000000008dc00000|100%| E|  |TAMS 0x000000008db00000| PB 0x000000008db00000| Complete 
| 220|0x000000008dc00000, 0x000000008dd00000, 0x000000008dd00000|100%| E|CS|TAMS 0x000000008dc00000| PB 0x000000008dc00000| Complete 
| 221|0x000000008dd00000, 0x000000008de00000, 0x000000008de00000|100%| E|CS|TAMS 0x000000008dd00000| PB 0x000000008dd00000| Complete 
| 222|0x000000008de00000, 0x000000008df00000, 0x000000008df00000|100%| E|CS|TAMS 0x000000008de00000| PB 0x000000008de00000| Complete 
| 223|0x000000008df00000, 0x000000008e000000, 0x000000008e000000|100%| E|CS|TAMS 0x000000008df00000| PB 0x000000008df00000| Complete 
| 224|0x000000008e000000, 0x000000008e100000, 0x000000008e100000|100%| E|CS|TAMS 0x000000008e000000| PB 0x000000008e000000| Complete 
| 225|0x000000008e100000, 0x000000008e200000, 0x000000008e200000|100%| E|CS|TAMS 0x000000008e100000| PB 0x000000008e100000| Complete 
| 226|0x000000008e200000, 0x000000008e300000, 0x000000008e300000|100%| E|CS|TAMS 0x000000008e200000| PB 0x000000008e200000| Complete 
| 227|0x000000008e300000, 0x000000008e400000, 0x000000008e400000|100%| E|CS|TAMS 0x000000008e300000| PB 0x000000008e300000| Complete 
| 228|0x000000008e400000, 0x000000008e500000, 0x000000008e500000|100%| E|CS|TAMS 0x000000008e400000| PB 0x000000008e400000| Complete 
| 229|0x000000008e500000, 0x000000008e600000, 0x000000008e600000|100%| E|CS|TAMS 0x000000008e500000| PB 0x000000008e500000| Complete 
| 230|0x000000008e600000, 0x000000008e700000, 0x000000008e700000|100%| E|CS|TAMS 0x000000008e600000| PB 0x000000008e600000| Complete 
| 231|0x000000008e700000, 0x000000008e800000, 0x000000008e800000|100%| E|CS|TAMS 0x000000008e700000| PB 0x000000008e700000| Complete 
| 232|0x000000008e800000, 0x000000008e900000, 0x000000008e900000|100%| E|CS|TAMS 0x000000008e800000| PB 0x000000008e800000| Complete 
|2030|0x00000000fee00000, 0x00000000fef00000, 0x00000000fef00000|100%| O|  |TAMS 0x00000000fee00000| PB 0x00000000fee00000| Untracked 
|2031|0x00000000fef00000, 0x00000000ff000000, 0x00000000ff000000|100%| O|  |TAMS 0x00000000fef00000| PB 0x00000000fef00000| Untracked 
|2032|0x00000000ff000000, 0x00000000ff100000, 0x00000000ff100000|100%| O|  |TAMS 0x00000000ff000000| PB 0x00000000ff000000| Untracked 
|2033|0x00000000ff100000, 0x00000000ff200000, 0x00000000ff200000|100%| E|CS|TAMS 0x00000000ff100000| PB 0x00000000ff100000| Complete 
|2034|0x00000000ff200000, 0x00000000ff300000, 0x00000000ff300000|100%| E|CS|TAMS 0x00000000ff200000| PB 0x00000000ff200000| Complete 
|2035|0x00000000ff300000, 0x00000000ff400000, 0x00000000ff400000|100%| E|CS|TAMS 0x00000000ff300000| PB 0x00000000ff300000| Complete 
|2036|0x00000000ff400000, 0x00000000ff500000, 0x00000000ff500000|100%| E|CS|TAMS 0x00000000ff400000| PB 0x00000000ff400000| Complete 
|2037|0x00000000ff500000, 0x00000000ff600000, 0x00000000ff600000|100%| O|  |TAMS 0x00000000ff500000| PB 0x00000000ff500000| Untracked 
|2038|0x00000000ff600000, 0x00000000ff700000, 0x00000000ff700000|100%| O|  |TAMS 0x00000000ff600000| PB 0x00000000ff600000| Untracked 
|2039|0x00000000ff700000, 0x00000000ff800000, 0x00000000ff800000|100%| O|  |TAMS 0x00000000ff700000| PB 0x00000000ff700000| Untracked 
|2040|0x00000000ff800000, 0x00000000ff900000, 0x00000000ff900000|100%| E|CS|TAMS 0x00000000ff800000| PB 0x00000000ff800000| Complete 
|2041|0x00000000ff900000, 0x00000000ffa00000, 0x00000000ffa00000|100%| O|  |TAMS 0x00000000ff900000| PB 0x00000000ff900000| Untracked 
|2042|0x00000000ffa00000, 0x00000000ffb00000, 0x00000000ffb00000|100%| E|CS|TAMS 0x00000000ffa00000| PB 0x00000000ffa00000| Complete 
|2043|0x00000000ffb00000, 0x00000000ffc00000, 0x00000000ffc00000|100%| O|  |TAMS 0x00000000ffb00000| PB 0x00000000ffb00000| Untracked 
|2044|0x00000000ffc00000, 0x00000000ffd00000, 0x00000000ffd00000|100%| O|  |TAMS 0x00000000ffc00000| PB 0x00000000ffc00000| Untracked 
|2045|0x00000000ffd00000, 0x00000000ffe00000, 0x00000000ffe00000|100%| O|  |TAMS 0x00000000ffd00000| PB 0x00000000ffd00000| Untracked 
|2046|0x00000000ffe00000, 0x00000000fff00000, 0x00000000fff00000|100%| O|  |TAMS 0x00000000ffe00000| PB 0x00000000ffe00000| Untracked 
|2047|0x00000000fff00000, 0x0000000100000000, 0x0000000100000000|100%| O|  |TAMS 0x00000000fff00000| PB 0x00000000fff00000| Untracked 

Card table byte_map: [0x000001b54f290000,0x000001b54f690000] _byte_map_base: 0x000001b54ee90000

Marking Bits: (CMBitMap*) 0x000001b53c4f7a50
 Bits: [0x000001b54f690000, 0x000001b551690000)

Polling page: 0x000001b53a010000

Metaspace:

Usage:
  Non-class:     94.02 MB used.
      Class:     15.49 MB used.
       Both:    109.51 MB used.

Virtual space:
  Non-class space:      128.00 MB reserved,      95.12 MB ( 74%) committed,  2 nodes.
      Class space:        1.00 GB reserved,      16.44 MB (  2%) committed,  1 nodes.
             Both:        1.12 GB reserved,     111.56 MB ( 10%) committed. 

Chunk freelists:
   Non-Class:  674.00 KB
       Class:  15.57 MB
        Both:  16.22 MB

MaxMetaspaceSize: unlimited
CompressedClassSpaceSize: 1.00 GB
Initial GC threshold: 21.00 MB
Current GC threshold: 184.94 MB
CDS: off
 - commit_granule_bytes: 65536.
 - commit_granule_words: 8192.
 - virtual_space_node_default_size: 8388608.
 - enlarge_chunks_in_place: 1.
 - use_allocation_guard: 0.


Internal statistics:

num_allocs_failed_limit: 9.
num_arena_births: 4038.
num_arena_deaths: 12.
num_vsnodes_births: 3.
num_vsnodes_deaths: 0.
num_space_committed: 1785.
num_space_uncommitted: 0.
num_chunks_returned_to_freelist: 26.
num_chunks_taken_from_freelist: 8819.
num_chunk_merges: 12.
num_chunk_splits: 5747.
num_chunks_enlarged: 3587.
num_inconsistent_stats: 0.

CodeHeap 'non-profiled nmethods': size=119168Kb used=8102Kb max_used=8102Kb free=111065Kb
 bounds [0x000001b5471a0000, 0x000001b547990000, 0x000001b54e600000]
CodeHeap 'profiled nmethods': size=119104Kb used=24112Kb max_used=24112Kb free=94992Kb
 bounds [0x000001b53f600000, 0x000001b540d90000, 0x000001b546a50000]
CodeHeap 'non-nmethods': size=7488Kb used=4386Kb max_used=4463Kb free=3101Kb
 bounds [0x000001b546a50000, 0x000001b546eb0000, 0x000001b5471a0000]
CodeCache: size=245760Kb, used=36600Kb, max_used=36677Kb, free=209158Kb
 total_blobs=13716, nmethods=12733, adapters=882, full_count=0
Compilation: enabled, stopped_count=0, restarted_count=0

Compilation events (20 events):
Event: 19.223 Thread 0x000001b55e3d1610 nmethod 14923 0x000001b540d80410 code [0x000001b540d805c0, 0x000001b540d80898]
Event: 19.223 Thread 0x000001b55e3d1610 14927       3       org.gradle.internal.component.external.model.AbstractMutableModuleComponentResolveMetadata$ImmutableVariantImpl::asDescribable (14 bytes)
Event: 19.223 Thread 0x000001b55e3d01a0 nmethod 14925 0x000001b540d80990 code [0x000001b540d80b40, 0x000001b540d80d10]
Event: 19.223 Thread 0x000001b55e3d1610 nmethod 14927 0x000001b540d80e10 code [0x000001b540d80fc0, 0x000001b540d81110]
Event: 19.223 Thread 0x000001b55e3d0870 nmethod 14924 0x000001b540d81190 code [0x000001b540d81360, 0x000001b540d81738]
Event: 19.223 Thread 0x000001b554880e30 nmethod 14926 0x000001b540d81890 code [0x000001b540d81a40, 0x000001b540d81c10]
Event: 19.223 Thread 0x000001b55e3d0870 14928       3       org.gradle.internal.component.external.model.AbstractMutableModuleComponentResolveMetadata$ImmutableVariantImpl::getArtifacts (71 bytes)
Event: 19.224 Thread 0x000001b55e3d0870 nmethod 14928 0x000001b540d81d10 code [0x000001b540d81fe0, 0x000001b540d830b0]
Event: 19.224 Thread 0x000001b55e3d0870 14929       3       org.gradle.api.internal.artifacts.dsl.ArtifactFile::<init> (285 bytes)
Event: 19.226 Thread 0x000001b55e3d0870 nmethod 14929 0x000001b540d83610 code [0x000001b540d83a60, 0x000001b540d85938]
Event: 19.233 Thread 0x000001b55e3d1610 14930       3       java.lang.ThreadLocal$ThreadLocalMap::expungeStaleEntries (47 bytes)
Event: 19.233 Thread 0x000001b55e3d1610 nmethod 14930 0x000001b540d86490 code [0x000001b540d86680, 0x000001b540d86a80]
Event: 19.235 Thread 0x000001b55e3d1610 14931       3       org.gradle.internal.resources.DefaultResourceLockCoordinationService$1::<init> (15 bytes)
Event: 19.235 Thread 0x000001b554880e30 14933       3       org.gradle.internal.resources.DefaultResourceLockCoordinationService$1::transform (9 bytes)
Event: 19.235 Thread 0x000001b55e3d01a0 14934       3       org.gradle.internal.resources.DefaultResourceLockCoordinationService$1::transform (13 bytes)
Event: 19.235 Thread 0x000001b55e3d01a0 nmethod 14934 0x000001b540d86c10 code [0x000001b540d86dc0, 0x000001b540d86f98]
Event: 19.235 Thread 0x000001b55e3d1610 nmethod 14931 0x000001b540d87090 code [0x000001b540d87240, 0x000001b540d87460]
Event: 19.242 Thread 0x000001b554880e30 nmethod 14933 0x000001b540d87510 code [0x000001b540d876e0, 0x000001b540d87a20]
Event: 19.242 Thread 0x000001b55e3d01a0 14935       3       org.gradle.internal.resources.DefaultResourceLockCoordinationService::withStateLock (15 bytes)
Event: 19.243 Thread 0x000001b55e3d01a0 nmethod 14935 0x000001b540d87b10 code [0x000001b540d87ce0, 0x000001b540d88008]

GC Heap History (20 events):
Event: 13.713 GC heap before
{Heap before GC invocations=36 (full 0):
 garbage-first heap   total 176128K, used 163399K [0x0000000080000000, 0x0000000100000000)
  region size 1024K, 62 young (63488K), 5 survivors (5120K)
 Metaspace       used 99010K, committed 101056K, reserved 1179648K
  class space    used 13980K, committed 14976K, reserved 1048576K
}
Event: 13.724 GC heap after
{Heap after GC invocations=37 (full 0):
 garbage-first heap   total 176128K, used 107294K [0x0000000080000000, 0x0000000100000000)
  region size 1024K, 5 young (5120K), 5 survivors (5120K)
 Metaspace       used 99010K, committed 101056K, reserved 1179648K
  class space    used 13980K, committed 14976K, reserved 1048576K
}
Event: 14.372 GC heap before
{Heap before GC invocations=37 (full 0):
 garbage-first heap   total 176128K, used 163614K [0x0000000080000000, 0x0000000100000000)
  region size 1024K, 60 young (61440K), 5 survivors (5120K)
 Metaspace       used 102410K, committed 104448K, reserved 1179648K
  class space    used 14470K, committed 15424K, reserved 1048576K
}
Event: 14.379 GC heap after
{Heap after GC invocations=38 (full 0):
 garbage-first heap   total 176128K, used 110218K [0x0000000080000000, 0x0000000100000000)
  region size 1024K, 6 young (6144K), 6 survivors (6144K)
 Metaspace       used 102410K, committed 104448K, reserved 1179648K
  class space    used 14470K, committed 15424K, reserved 1048576K
}
Event: 14.987 GC heap before
{Heap before GC invocations=39 (full 0):
 garbage-first heap   total 184320K, used 165514K [0x0000000080000000, 0x0000000100000000)
  region size 1024K, 60 young (61440K), 6 survivors (6144K)
 Metaspace       used 106805K, committed 108800K, reserved 1179648K
  class space    used 15100K, committed 16064K, reserved 1048576K
}
Event: 14.995 GC heap after
{Heap after GC invocations=40 (full 0):
 garbage-first heap   total 184320K, used 112661K [0x0000000080000000, 0x0000000100000000)
  region size 1024K, 6 young (6144K), 6 survivors (6144K)
 Metaspace       used 106805K, committed 108800K, reserved 1179648K
  class space    used 15100K, committed 16064K, reserved 1048576K
}
Event: 15.543 GC heap before
{Heap before GC invocations=40 (full 0):
 garbage-first heap   total 184320K, used 173077K [0x0000000080000000, 0x0000000100000000)
  region size 1024K, 65 young (66560K), 6 survivors (6144K)
 Metaspace       used 108742K, committed 110848K, reserved 1179648K
  class space    used 15366K, committed 16384K, reserved 1048576K
}
Event: 15.553 GC heap after
{Heap after GC invocations=41 (full 0):
 garbage-first heap   total 189440K, used 119000K [0x0000000080000000, 0x0000000100000000)
  region size 1024K, 9 young (9216K), 9 survivors (9216K)
 Metaspace       used 108742K, committed 110848K, reserved 1179648K
  class space    used 15366K, committed 16384K, reserved 1048576K
}
Event: 16.088 GC heap before
{Heap before GC invocations=41 (full 0):
 garbage-first heap   total 189440K, used 174296K [0x0000000080000000, 0x0000000100000000)
  region size 1024K, 64 young (65536K), 9 survivors (9216K)
 Metaspace       used 110616K, committed 112704K, reserved 1179648K
  class space    used 15699K, committed 16704K, reserved 1048576K
}
Event: 16.099 GC heap after
{Heap after GC invocations=42 (full 0):
 garbage-first heap   total 193536K, used 127601K [0x0000000080000000, 0x0000000100000000)
  region size 1024K, 8 young (8192K), 8 survivors (8192K)
 Metaspace       used 110616K, committed 112704K, reserved 1179648K
  class space    used 15699K, committed 16704K, reserved 1048576K
}
Event: 17.905 GC heap before
{Heap before GC invocations=43 (full 0):
 garbage-first heap   total 214016K, used 177777K [0x0000000080000000, 0x0000000100000000)
  region size 1024K, 58 young (59392K), 8 survivors (8192K)
 Metaspace       used 111114K, committed 113152K, reserved 1179648K
  class space    used 15726K, committed 16704K, reserved 1048576K
}
Event: 17.923 GC heap after
{Heap after GC invocations=44 (full 0):
 garbage-first heap   total 214016K, used 134386K [0x0000000080000000, 0x0000000100000000)
  region size 1024K, 8 young (8192K), 8 survivors (8192K)
 Metaspace       used 111114K, committed 113152K, reserved 1179648K
  class space    used 15726K, committed 16704K, reserved 1048576K
}
Event: 18.252 GC heap before
{Heap before GC invocations=44 (full 0):
 garbage-first heap   total 214016K, used 193778K [0x0000000080000000, 0x0000000100000000)
  region size 1024K, 67 young (68608K), 8 survivors (8192K)
 Metaspace       used 111221K, committed 113280K, reserved 1179648K
  class space    used 15727K, committed 16704K, reserved 1048576K
}
Event: 18.258 GC heap after
{Heap after GC invocations=45 (full 0):
 garbage-first heap   total 214016K, used 136354K [0x0000000080000000, 0x0000000100000000)
  region size 1024K, 6 young (6144K), 6 survivors (6144K)
 Metaspace       used 111221K, committed 113280K, reserved 1179648K
  class space    used 15727K, committed 16704K, reserved 1048576K
}
Event: 18.396 GC heap before
{Heap before GC invocations=45 (full 0):
 garbage-first heap   total 214016K, used 167074K [0x0000000080000000, 0x0000000100000000)
  region size 1024K, 38 young (38912K), 6 survivors (6144K)
 Metaspace       used 111500K, committed 113600K, reserved 1179648K
  class space    used 15779K, committed 16768K, reserved 1048576K
}
Event: 18.400 GC heap after
{Heap after GC invocations=46 (full 0):
 garbage-first heap   total 257024K, used 137866K [0x0000000080000000, 0x0000000100000000)
  region size 1024K, 4 young (4096K), 4 survivors (4096K)
 Metaspace       used 111500K, committed 113600K, reserved 1179648K
  class space    used 15779K, committed 16768K, reserved 1048576K
}
Event: 18.842 GC heap before
{Heap before GC invocations=47 (full 0):
 garbage-first heap   total 257024K, used 231050K [0x0000000080000000, 0x0000000100000000)
  region size 1024K, 94 young (96256K), 4 survivors (4096K)
 Metaspace       used 111814K, committed 113984K, reserved 1179648K
  class space    used 15818K, committed 16832K, reserved 1048576K
}
Event: 18.847 GC heap after
{Heap after GC invocations=48 (full 0):
 garbage-first heap   total 257024K, used 142937K [0x0000000080000000, 0x0000000100000000)
  region size 1024K, 9 young (9216K), 9 survivors (9216K)
 Metaspace       used 111814K, committed 113984K, reserved 1179648K
  class space    used 15818K, committed 16832K, reserved 1048576K
}
Event: 19.236 GC heap before
{Heap before GC invocations=48 (full 0):
 garbage-first heap   total 257024K, used 231001K [0x0000000080000000, 0x0000000100000000)
  region size 1024K, 96 young (98304K), 9 survivors (9216K)
 Metaspace       used 112120K, committed 114240K, reserved 1179648K
  class space    used 15855K, committed 16832K, reserved 1048576K
}
Event: 19.242 GC heap after
{Heap after GC invocations=49 (full 0):
 garbage-first heap   total 257024K, used 146199K [0x0000000080000000, 0x0000000100000000)
  region size 1024K, 8 young (8192K), 8 survivors (8192K)
 Metaspace       used 112120K, committed 114240K, reserved 1179648K
  class space    used 15855K, committed 16832K, reserved 1048576K
}

Dll operation events (3 events):
Event: 0.010 Loaded shared library E:\Programming\Android Studio Installation\jbr\bin\java.dll
Event: 0.015 Loaded shared library E:\Programming\Android Studio Installation\jbr\bin\zip.dll
Event: 0.490 Loaded shared library E:\Programming\Android Studio Installation\jbr\bin\verify.dll

Deoptimization events (20 events):
Event: 19.207 Thread 0x000001b55f2dd810 Uncommon trap: trap_request=0xffffff45 fr.pc=0x000001b5472edd38 relative=0x0000000000000278
Event: 19.207 Thread 0x000001b55f2dd810 Uncommon trap: reason=unstable_if action=reinterpret pc=0x000001b5472edd38 method=java.lang.String.regionMatches(ZILjava/lang/String;II)Z @ 1 c2
Event: 19.207 Thread 0x000001b55f2dd810 DEOPT PACKING pc=0x000001b5472edd38 sp=0x00000034363f9940
Event: 19.207 Thread 0x000001b55f2dd810 DEOPT UNPACKING pc=0x000001b546aa43a2 sp=0x00000034363f98d8 mode 2
Event: 19.221 Thread 0x000001b55f2dd810 Uncommon trap: trap_request=0xffffffde fr.pc=0x000001b54788739c relative=0x000000000000057c
Event: 19.221 Thread 0x000001b55f2dd810 Uncommon trap: reason=class_check action=maybe_recompile pc=0x000001b54788739c method=org.gradle.internal.component.model.DefaultAttributeMatcher$CachedQuery.from(Lorg/gradle/api/internal/attributes/ImmutableAttributes;Ljava/util/List;)Lorg/gradle/interna
Event: 19.221 Thread 0x000001b55f2dd810 DEOPT PACKING pc=0x000001b54788739c sp=0x00000034363f8a40
Event: 19.221 Thread 0x000001b55f2dd810 DEOPT UNPACKING pc=0x000001b546aa43a2 sp=0x00000034363f8a00 mode 2
Event: 19.221 Thread 0x000001b55f2dd810 Uncommon trap: trap_request=0xffffffde fr.pc=0x000001b54788739c relative=0x000000000000057c
Event: 19.221 Thread 0x000001b55f2dd810 Uncommon trap: reason=class_check action=maybe_recompile pc=0x000001b54788739c method=org.gradle.internal.component.model.DefaultAttributeMatcher$CachedQuery.from(Lorg/gradle/api/internal/attributes/ImmutableAttributes;Ljava/util/List;)Lorg/gradle/interna
Event: 19.222 Thread 0x000001b55f2dd810 DEOPT PACKING pc=0x000001b54788739c sp=0x00000034363f8a40
Event: 19.222 Thread 0x000001b55f2dd810 DEOPT UNPACKING pc=0x000001b546aa43a2 sp=0x00000034363f8a00 mode 2
Event: 19.222 Thread 0x000001b55f2dd810 Uncommon trap: trap_request=0xffffffde fr.pc=0x000001b54788739c relative=0x000000000000057c
Event: 19.222 Thread 0x000001b55f2dd810 Uncommon trap: reason=class_check action=maybe_recompile pc=0x000001b54788739c method=org.gradle.internal.component.model.DefaultAttributeMatcher$CachedQuery.from(Lorg/gradle/api/internal/attributes/ImmutableAttributes;Ljava/util/List;)Lorg/gradle/interna
Event: 19.222 Thread 0x000001b55f2dd810 DEOPT PACKING pc=0x000001b54788739c sp=0x00000034363f8a40
Event: 19.222 Thread 0x000001b55f2dd810 DEOPT UNPACKING pc=0x000001b546aa43a2 sp=0x00000034363f8a00 mode 2
Event: 19.222 Thread 0x000001b55f2dd810 Uncommon trap: trap_request=0xffffffde fr.pc=0x000001b54788739c relative=0x000000000000057c
Event: 19.222 Thread 0x000001b55f2dd810 Uncommon trap: reason=class_check action=maybe_recompile pc=0x000001b54788739c method=org.gradle.internal.component.model.DefaultAttributeMatcher$CachedQuery.from(Lorg/gradle/api/internal/attributes/ImmutableAttributes;Ljava/util/List;)Lorg/gradle/interna
Event: 19.222 Thread 0x000001b55f2dd810 DEOPT PACKING pc=0x000001b54788739c sp=0x00000034363f8a40
Event: 19.222 Thread 0x000001b55f2dd810 DEOPT UNPACKING pc=0x000001b546aa43a2 sp=0x00000034363f8a00 mode 2

Classes loaded (20 events):
Event: 15.398 Loading class java/util/TreeMap$KeySpliterator
Event: 15.398 Loading class java/util/TreeMap$TreeMapSpliterator
Event: 15.398 Loading class java/util/TreeMap$TreeMapSpliterator done
Event: 15.398 Loading class java/util/TreeMap$KeySpliterator done
Event: 15.672 Loading class java/io/FilterReader
Event: 15.673 Loading class java/io/FilterReader done
Event: 16.016 Loading class java/io/CharArrayWriter
Event: 16.017 Loading class java/io/CharArrayWriter done
Event: 16.019 Loading class java/io/SequenceInputStream
Event: 16.019 Loading class java/io/SequenceInputStream done
Event: 18.369 Loading class java/util/stream/ReferencePipeline$4
Event: 18.370 Loading class java/util/stream/IntPipeline$StatelessOp
Event: 18.370 Loading class java/util/stream/IntPipeline$StatelessOp done
Event: 18.370 Loading class java/util/stream/ReferencePipeline$4 done
Event: 18.370 Loading class java/util/stream/ReduceOps$6
Event: 18.380 Loading class java/util/stream/ReduceOps$6 done
Event: 18.380 Loading class java/util/stream/ReduceOps$5ReducingSink
Event: 18.380 Loading class java/util/stream/ReduceOps$5ReducingSink done
Event: 18.380 Loading class java/util/stream/ReferencePipeline$4$1
Event: 18.380 Loading class java/util/stream/ReferencePipeline$4$1 done

Classes unloaded (6 events):
Event: 6.249 Thread 0x000001b5547b6460 Unloading class 0x00000001007dcc00 'java/lang/invoke/LambdaForm$DMH+0x00000001007dcc00'
Event: 6.249 Thread 0x000001b5547b6460 Unloading class 0x00000001007dc800 'java/lang/invoke/LambdaForm$DMH+0x00000001007dc800'
Event: 6.249 Thread 0x000001b5547b6460 Unloading class 0x00000001007dc400 'java/lang/invoke/LambdaForm$DMH+0x00000001007dc400'
Event: 6.249 Thread 0x000001b5547b6460 Unloading class 0x00000001007d4800 'java/lang/invoke/LambdaForm$DMH+0x00000001007d4800'
Event: 6.249 Thread 0x000001b5547b6460 Unloading class 0x00000001007d4400 'java/lang/invoke/LambdaForm$DMH+0x00000001007d4400'
Event: 18.466 Thread 0x000001b5547b6460 Unloading class 0x000000010104dc00 'java/lang/invoke/LambdaForm$DMH+0x000000010104dc00'

Classes redefined (0 events):
No events

Internal exceptions (20 events):
Event: 19.162 Thread 0x000001b55f2dd810 Exception <a 'sun/nio/fs/WindowsException'{0x0000000089e7fdf8}> (0x0000000089e7fdf8) 
thrown [s\src\hotspot\share\prims\jni.cpp, line 537]
Event: 19.163 Thread 0x000001b55f2dd810 Exception <a 'sun/nio/fs/WindowsException'{0x0000000089e8a2c0}> (0x0000000089e8a2c0) 
thrown [s\src\hotspot\share\prims\jni.cpp, line 537]
Event: 19.164 Thread 0x000001b55f2dd810 Exception <a 'sun/nio/fs/WindowsException'{0x0000000089e94290}> (0x0000000089e94290) 
thrown [s\src\hotspot\share\prims\jni.cpp, line 537]
Event: 19.165 Thread 0x000001b55f2dd810 Exception <a 'sun/nio/fs/WindowsException'{0x0000000089e9eba8}> (0x0000000089e9eba8) 
thrown [s\src\hotspot\share\prims\jni.cpp, line 537]
Event: 19.165 Thread 0x000001b55f2dd810 Exception <a 'sun/nio/fs/WindowsException'{0x0000000089eaa538}> (0x0000000089eaa538) 
thrown [s\src\hotspot\share\prims\jni.cpp, line 537]
Event: 19.167 Thread 0x000001b55f2dd810 Exception <a 'sun/nio/fs/WindowsException'{0x0000000089ec64f0}> (0x0000000089ec64f0) 
thrown [s\src\hotspot\share\prims\jni.cpp, line 537]
Event: 19.168 Thread 0x000001b55f2dd810 Exception <a 'sun/nio/fs/WindowsException'{0x0000000089ed5d98}> (0x0000000089ed5d98) 
thrown [s\src\hotspot\share\prims\jni.cpp, line 537]
Event: 19.170 Thread 0x000001b55f2dd810 Exception <a 'sun/nio/fs/WindowsException'{0x0000000089eea5f0}> (0x0000000089eea5f0) 
thrown [s\src\hotspot\share\prims\jni.cpp, line 537]
Event: 19.171 Thread 0x000001b55f2dd810 Exception <a 'sun/nio/fs/WindowsException'{0x0000000089ef4718}> (0x0000000089ef4718) 
thrown [s\src\hotspot\share\prims\jni.cpp, line 537]
Event: 19.173 Thread 0x000001b55f2dd810 Exception <a 'sun/nio/fs/WindowsException'{0x0000000089d136a0}> (0x0000000089d136a0) 
thrown [s\src\hotspot\share\prims\jni.cpp, line 537]
Event: 19.174 Thread 0x000001b55f2dd810 Exception <a 'sun/nio/fs/WindowsException'{0x0000000089d233b0}> (0x0000000089d233b0) 
thrown [s\src\hotspot\share\prims\jni.cpp, line 537]
Event: 19.176 Thread 0x000001b55f2dd810 Exception <a 'sun/nio/fs/WindowsException'{0x0000000089d32cb0}> (0x0000000089d32cb0) 
thrown [s\src\hotspot\share\prims\jni.cpp, line 537]
Event: 19.194 Thread 0x000001b55f2dd810 Exception <a 'sun/nio/fs/WindowsException'{0x0000000089d79110}> (0x0000000089d79110) 
thrown [s\src\hotspot\share\prims\jni.cpp, line 537]
Event: 19.194 Thread 0x000001b55f2dd810 Exception <a 'sun/nio/fs/WindowsException'{0x0000000089d7b048}> (0x0000000089d7b048) 
thrown [s\src\hotspot\share\prims\jni.cpp, line 537]
Event: 19.194 Thread 0x000001b55f2dd810 Exception <a 'sun/nio/fs/WindowsException'{0x0000000089d81208}> (0x0000000089d81208) 
thrown [s\src\hotspot\share\prims\jni.cpp, line 537]
Event: 19.196 Thread 0x000001b55f2dd810 Exception <a 'sun/nio/fs/WindowsException'{0x0000000089d8b828}> (0x0000000089d8b828) 
thrown [s\src\hotspot\share\prims\jni.cpp, line 537]
Event: 19.197 Thread 0x000001b55f2dd810 Exception <a 'sun/nio/fs/WindowsException'{0x0000000089cf9d78}> (0x0000000089cf9d78) 
thrown [s\src\hotspot\share\prims\jni.cpp, line 537]
Event: 19.197 Thread 0x000001b55f2dd810 Exception <a 'sun/nio/fs/WindowsException'{0x0000000089b032d8}> (0x0000000089b032d8) 
thrown [s\src\hotspot\share\prims\jni.cpp, line 537]
Event: 19.197 Thread 0x000001b55f2dd810 Exception <a 'sun/nio/fs/WindowsException'{0x0000000089b0e2c8}> (0x0000000089b0e2c8) 
thrown [s\src\hotspot\share\prims\jni.cpp, line 537]
Event: 19.213 Thread 0x000001b55f2dd810 Exception <a 'java/lang/NoSuchMethodError'{0x0000000089bb6948}: 'int java.lang.invoke.DirectMethodHandle$Holder.invokeSpecial(java.lang.Object, java.lang.Object, java.lang.Object, java.lang.Object, java.lang.Object)'> (0x0000000089bb6948) 
thrown [s\src\hotspot\share\interpreter\linkResolver.cpp, line 784]

ZGC Phase Switch (0 events):
No events

VM Operations (20 events):
Event: 18.391 Executing VM operation: HandshakeAllThreads (Deoptimize)
Event: 18.391 Executing VM operation: HandshakeAllThreads (Deoptimize) done
Event: 18.395 Executing VM operation: G1TryInitiateConcMark (G1 Humongous Allocation)
Event: 18.400 Executing VM operation: G1TryInitiateConcMark (G1 Humongous Allocation) done
Event: 18.465 Executing VM operation: G1PauseRemark
Event: 18.478 Executing VM operation: G1PauseRemark done
Event: 18.533 Executing VM operation: G1PauseCleanup
Event: 18.534 Executing VM operation: G1PauseCleanup done
Event: 18.798 Executing VM operation: ICBufferFull
Event: 18.798 Executing VM operation: ICBufferFull done
Event: 18.842 Executing VM operation: G1CollectForAllocation (G1 Evacuation Pause)
Event: 18.847 Executing VM operation: G1CollectForAllocation (G1 Evacuation Pause) done
Event: 19.096 Executing VM operation: ICBufferFull
Event: 19.096 Executing VM operation: ICBufferFull done
Event: 19.203 Executing VM operation: HandshakeAllThreads (Deoptimize)
Event: 19.204 Executing VM operation: HandshakeAllThreads (Deoptimize) done
Event: 19.218 Executing VM operation: HandshakeAllThreads (Deoptimize)
Event: 19.218 Executing VM operation: HandshakeAllThreads (Deoptimize) done
Event: 19.235 Executing VM operation: G1CollectForAllocation (G1 Evacuation Pause)
Event: 19.242 Executing VM operation: G1CollectForAllocation (G1 Evacuation Pause) done

Memory protections (0 events):
No events

Nmethod flushes (20 events):
Event: 18.477 Thread 0x000001b5547b6460 flushing  nmethod 0x000001b53fb89190
Event: 18.477 Thread 0x000001b5547b6460 flushing  nmethod 0x000001b53fb89790
Event: 18.477 Thread 0x000001b5547b6460 flushing  nmethod 0x000001b53fb8a910
Event: 18.477 Thread 0x000001b5547b6460 flushing  nmethod 0x000001b53fd3a710
Event: 18.477 Thread 0x000001b5547b6460 flushing  nmethod 0x000001b53fd41790
Event: 18.477 Thread 0x000001b5547b6460 flushing  nmethod 0x000001b53fd41a90
Event: 18.477 Thread 0x000001b5547b6460 flushing  nmethod 0x000001b53fe99690
Event: 18.477 Thread 0x000001b5547b6460 flushing  nmethod 0x000001b53fe9db10
Event: 18.477 Thread 0x000001b5547b6460 flushing  nmethod 0x000001b54002ab10
Event: 18.477 Thread 0x000001b5547b6460 flushing  nmethod 0x000001b5477b0310
Event: 18.477 Thread 0x000001b5547b6460 flushing  nmethod 0x000001b5477b0d90
Event: 18.477 Thread 0x000001b5547b6460 flushing  nmethod 0x000001b53f65eb90
Event: 18.477 Thread 0x000001b5547b6460 flushing  nmethod 0x000001b53f813210
Event: 18.477 Thread 0x000001b5547b6460 flushing  nmethod 0x000001b53f894310
Event: 18.477 Thread 0x000001b5547b6460 flushing  nmethod 0x000001b53f894890
Event: 18.477 Thread 0x000001b5547b6460 flushing  nmethod 0x000001b53fba5d10
Event: 18.477 Thread 0x000001b5547b6460 flushing  nmethod 0x000001b53fe14290
Event: 18.477 Thread 0x000001b5547b6460 flushing  nmethod 0x000001b5401af490
Event: 18.477 Thread 0x000001b5547b6460 flushing  nmethod 0x000001b5405fcc90
Event: 18.477 Thread 0x000001b5547b6460 flushing  nmethod 0x000001b5406c5d10

Events (20 events):
Event: 19.181 Thread 0x000001b55f2dd810 Thread added: 0x000001b559443380
Event: 19.181 Thread 0x000001b55f2dd810 Thread added: 0x000001b559443a10
Event: 19.181 Thread 0x000001b55f2dd810 Thread added: 0x000001b5618e0940
Event: 19.181 Thread 0x000001b55f2dd810 Thread added: 0x000001b5618e1cf0
Event: 19.181 Thread 0x000001b55f2dd810 Thread added: 0x000001b5618e1660
Event: 19.228 Thread 0x000001b55f2dd810 Thread added: 0x000001b55c409af0
Event: 19.229 Thread 0x000001b55f2dd810 Thread added: 0x000001b56135b3d0
Event: 19.229 Thread 0x000001b55f2dd810 Thread added: 0x000001b56135ba60
Event: 19.229 Thread 0x000001b55f2dd810 Thread added: 0x000001b56135c0f0
Event: 19.229 Thread 0x000001b55f2dd810 Thread added: 0x000001b56135c780
Event: 19.230 Thread 0x000001b55f2dd810 Thread added: 0x000001b56135db30
Event: 19.230 Thread 0x000001b55f2dd810 Thread added: 0x000001b56135ce10
Event: 19.230 Thread 0x000001b55f2dd810 Thread added: 0x000001b56135d4a0
Event: 19.231 Thread 0x000001b55f2dd810 Thread added: 0x000001b56135e1c0
Event: 19.231 Thread 0x000001b55f2dd810 Thread added: 0x000001b56135ad40
Event: 19.231 Thread 0x000001b55f2dd810 Thread added: 0x000001b561360920
Event: 19.233 Thread 0x000001b55f2dd810 Thread added: 0x000001b561360fb0
Event: 19.233 Thread 0x000001b55f2dd810 Thread added: 0x000001b56135fc00
Event: 19.233 Thread 0x000001b55f2dd810 Thread added: 0x000001b56135e850
Event: 19.234 Thread 0x000001b55f2dd810 Thread added: 0x000001b56135f570


Dynamic libraries:
0x00007ff7672e0000 - 0x00007ff7672ea000 	E:\Programming\Android Studio Installation\jbr\bin\java.exe
0x00007ffd4e240000 - 0x00007ffd4e4a6000 	C:\WINDOWS\SYSTEM32\ntdll.dll
0x00007ffd4d650000 - 0x00007ffd4d719000 	C:\WINDOWS\System32\KERNEL32.DLL
0x00007ffd4b560000 - 0x00007ffd4b95a000 	C:\WINDOWS\System32\KERNELBASE.dll
0x00007ffd4bae0000 - 0x00007ffd4bc2c000 	C:\WINDOWS\System32\ucrtbase.dll
0x00007ffd40d40000 - 0x00007ffd40d5b000 	E:\Programming\Android Studio Installation\jbr\bin\VCRUNTIME140.dll
0x00007ffd40990000 - 0x00007ffd409a8000 	E:\Programming\Android Studio Installation\jbr\bin\jli.dll
0x00007ffd4ddf0000 - 0x00007ffd4dfb7000 	C:\WINDOWS\System32\USER32.dll
0x00007ffd4bd90000 - 0x00007ffd4bdb7000 	C:\WINDOWS\System32\win32u.dll
0x00007ffd30a20000 - 0x00007ffd30cb2000 	C:\WINDOWS\WinSxS\amd64_microsoft.windows.common-controls_6595b64144ccf1df_6.0.26100.8521_none_3e08b75ce33403b3\COMCTL32.dll
0x00007ffd4d930000 - 0x00007ffd4d95b000 	C:\WINDOWS\System32\GDI32.dll
0x00007ffd4c120000 - 0x00007ffd4c1c9000 	C:\WINDOWS\System32\msvcrt.dll
0x00007ffd4bdc0000 - 0x00007ffd4beeb000 	C:\WINDOWS\System32\gdi32full.dll
0x00007ffd4bce0000 - 0x00007ffd4bd83000 	C:\WINDOWS\System32\msvcp_win.dll
0x00007ffd4c380000 - 0x00007ffd4c3b2000 	C:\WINDOWS\System32\IMM32.DLL
0x00007ffd47f00000 - 0x00007ffd47f0c000 	E:\Programming\Android Studio Installation\jbr\bin\vcruntime140_1.dll
0x00007ffd23c70000 - 0x00007ffd23cfd000 	E:\Programming\Android Studio Installation\jbr\bin\msvcp140.dll
0x00007ffc87530000 - 0x00007ffc881c6000 	E:\Programming\Android Studio Installation\jbr\bin\server\jvm.dll
0x00007ffd4d590000 - 0x00007ffd4d646000 	C:\WINDOWS\System32\ADVAPI32.dll
0x00007ffd4d880000 - 0x00007ffd4d92a000 	C:\WINDOWS\System32\sechost.dll
0x00007ffd4c250000 - 0x00007ffd4c368000 	C:\WINDOWS\System32\RPCRT4.dll
0x00007ffd4d350000 - 0x00007ffd4d3d0000 	C:\WINDOWS\System32\WS2_32.dll
0x00007ffd4ad80000 - 0x00007ffd4adde000 	C:\WINDOWS\SYSTEM32\POWRPROF.dll
0x00007ffd42c10000 - 0x00007ffd42c1b000 	C:\WINDOWS\SYSTEM32\VERSION.dll
0x00007ffd35360000 - 0x00007ffd35396000 	C:\WINDOWS\SYSTEM32\WINMM.dll
0x00007ffd4ad10000 - 0x00007ffd4ad24000 	C:\WINDOWS\SYSTEM32\UMPDC.dll
0x00007ffd4a220000 - 0x00007ffd4a23b000 	C:\WINDOWS\SYSTEM32\kernel.appcore.dll
0x00007ffd46100000 - 0x00007ffd4610a000 	E:\Programming\Android Studio Installation\jbr\bin\jimage.dll
0x00007ffd48b80000 - 0x00007ffd48dc2000 	C:\WINDOWS\SYSTEM32\DBGHELP.DLL
0x00007ffd4c3c0000 - 0x00007ffd4c743000 	C:\WINDOWS\System32\combase.dll
0x00007ffd4d270000 - 0x00007ffd4d349000 	C:\WINDOWS\System32\OLEAUT32.dll
0x00007ffd30f70000 - 0x00007ffd30fab000 	C:\WINDOWS\SYSTEM32\dbgcore.DLL
0x00007ffd4bc30000 - 0x00007ffd4bcd8000 	C:\WINDOWS\System32\bcryptPrimitives.dll
0x00007ffd40d80000 - 0x00007ffd40d8e000 	E:\Programming\Android Studio Installation\jbr\bin\instrument.dll
0x00007ffd40c70000 - 0x00007ffd40c90000 	E:\Programming\Android Studio Installation\jbr\bin\java.dll
0x00007ffd40950000 - 0x00007ffd40968000 	E:\Programming\Android Studio Installation\jbr\bin\zip.dll
0x00007ffd4ca60000 - 0x00007ffd4d1e4000 	C:\WINDOWS\System32\SHELL32.dll
0x00007ffd49050000 - 0x00007ffd498d0000 	C:\WINDOWS\SYSTEM32\windows.storage.dll
0x00007ffd4d780000 - 0x00007ffd4d876000 	C:\WINDOWS\System32\SHCORE.dll
0x00007ffd4d520000 - 0x00007ffd4d587000 	C:\WINDOWS\System32\shlwapi.dll
0x00007ffd4b3f0000 - 0x00007ffd4b419000 	C:\WINDOWS\SYSTEM32\profapi.dll
0x00007ffd40d10000 - 0x00007ffd40d20000 	E:\Programming\Android Studio Installation\jbr\bin\net.dll
0x00007ffd417d0000 - 0x00007ffd418f9000 	C:\WINDOWS\SYSTEM32\WINHTTP.dll
0x00007ffd4a770000 - 0x00007ffd4a7dc000 	C:\WINDOWS\system32\mswsock.dll
0x00007ffd40780000 - 0x00007ffd40796000 	E:\Programming\Android Studio Installation\jbr\bin\nio.dll
0x00007ffd40dc0000 - 0x00007ffd40dd0000 	E:\Programming\Android Studio Installation\jbr\bin\verify.dll
0x00007ffd32bf0000 - 0x00007ffd32c17000 	C:\Users\asus\.gradle\native\c067742578af261105cb4f569cf0c3c89f3d7b1fecec35dd04571415982c5e48\windows-amd64\native-platform.dll
0x00007ffcf0610000 - 0x00007ffcf0754000 	C:\Users\asus\.gradle\native\38dada09dfb8b06ba9b0570ebf7e218e3eb74d4ef43ca46872605cf95ebc2f47\windows-amd64\native-platform-file-events.dll
0x00007ffd40cb0000 - 0x00007ffd40cb9000 	E:\Programming\Android Studio Installation\jbr\bin\management.dll
0x00007ffd40c60000 - 0x00007ffd40c6b000 	E:\Programming\Android Studio Installation\jbr\bin\management_ext.dll
0x00007ffd4ca50000 - 0x00007ffd4ca58000 	C:\WINDOWS\System32\PSAPI.DLL
0x00007ffd4ab70000 - 0x00007ffd4ab8b000 	C:\WINDOWS\SYSTEM32\CRYPTSP.dll
0x00007ffd4a180000 - 0x00007ffd4a1b9000 	C:\WINDOWS\system32\rsaenh.dll
0x00007ffd4a820000 - 0x00007ffd4a853000 	C:\WINDOWS\SYSTEM32\USERENV.dll
0x00007ffd4b3c0000 - 0x00007ffd4b3ea000 	C:\WINDOWS\SYSTEM32\bcrypt.dll
0x00007ffd4ab50000 - 0x00007ffd4ab5c000 	C:\WINDOWS\SYSTEM32\CRYPTBASE.dll
0x00007ffd49c00000 - 0x00007ffd49c33000 	C:\WINDOWS\SYSTEM32\IPHLPAPI.DLL
0x00007ffd4c370000 - 0x00007ffd4c37a000 	C:\WINDOWS\System32\NSI.dll
0x00007ffd40bd0000 - 0x00007ffd40bd9000 	E:\Programming\Android Studio Installation\jbr\bin\extnet.dll
0x00007ffd31ef0000 - 0x00007ffd31ef8000 	C:\WINDOWS\system32\wshunix.dll
0x00007ffd31e70000 - 0x00007ffd31e88000 	C:\WINDOWS\system32\napinsp.dll
0x00007ffd49c90000 - 0x00007ffd49dda000 	C:\WINDOWS\SYSTEM32\DNSAPI.dll
0x00007ffd4a5b0000 - 0x00007ffd4a5bd000 	C:\WINDOWS\SYSTEM32\DSPARSE.dll
0x00007ffd31860000 - 0x00007ffd31873000 	C:\WINDOWS\System32\winrnr.dll
0x00007ffd31680000 - 0x00007ffd316a2000 	C:\WINDOWS\system32\nlansp_c.dll
0x00007ffd31650000 - 0x00007ffd31666000 	C:\WINDOWS\system32\wshbth.dll
0x00007ffd42c00000 - 0x00007ffd42c0b000 	C:\Windows\System32\rasadhlp.dll
0x00007ffd41b70000 - 0x00007ffd41bf6000 	C:\WINDOWS\System32\fwpuclnt.dll

JVMTI agents:
C:\Users\asus\.gradle\wrapper\dists\gradle-8.6-bin\afr5mpiioh2wthjmwnkmdsd5w\gradle-8.6\lib\agents\gradle-instrumentation-agent-8.6.jar path:E:\Programming\Android Studio Installation\jbr\bin\instrument.dll, loaded, initialized, instrumentlib options:none

dbghelp: loaded successfully - version: 4.0.5 - missing functions: none
symbol engine: initialized successfully - sym options: 0x614 - pdb path: .;E:\Programming\Android Studio Installation\jbr\bin;C:\WINDOWS\SYSTEM32;C:\WINDOWS\WinSxS\amd64_microsoft.windows.common-controls_6595b64144ccf1df_6.0.26100.8521_none_3e08b75ce33403b3;E:\Programming\Android Studio Installation\jbr\bin\server;C:\Users\asus\.gradle\native\c067742578af261105cb4f569cf0c3c89f3d7b1fecec35dd04571415982c5e48\windows-amd64;C:\Users\asus\.gradle\native\38dada09dfb8b06ba9b0570ebf7e218e3eb74d4ef43ca46872605cf95ebc2f47\windows-amd64

VM Arguments:
jvm_args: --add-opens=java.base/java.util=ALL-UNNAMED --add-opens=java.base/java.lang=ALL-UNNAMED --add-opens=java.base/java.lang.invoke=ALL-UNNAMED --add-opens=java.prefs/java.util.prefs=ALL-UNNAMED --add-opens=java.base/java.nio.charset=ALL-UNNAMED --add-opens=java.base/java.net=ALL-UNNAMED --add-opens=java.base/java.util.concurrent.atomic=ALL-UNNAMED -Xmx2048m -Dfile.encoding=UTF-8 -Duser.country=US -Duser.language=en -Duser.variant -javaagent:C:\Users\asus\.gradle\wrapper\dists\gradle-8.6-bin\afr5mpiioh2wthjmwnkmdsd5w\gradle-8.6\lib\agents\gradle-instrumentation-agent-8.6.jar 
java_command: org.gradle.launcher.daemon.bootstrap.GradleDaemon 8.6
java_class_path (initial): C:\Users\asus\.gradle\wrapper\dists\gradle-8.6-bin\afr5mpiioh2wthjmwnkmdsd5w\gradle-8.6\lib\gradle-launcher-8.6.jar
Launcher Type: SUN_STANDARD

[Global flags]
     intx CICompilerCount                          = 12                                        {product} {ergonomic}
     uint ConcGCThreads                            = 3                                         {product} {ergonomic}
     uint G1ConcRefinementThreads                  = 13                                        {product} {ergonomic}
   size_t G1HeapRegionSize                         = 1048576                                   {product} {ergonomic}
    uintx GCDrainStackTargetSize                   = 64                                        {product} {ergonomic}
   size_t InitialHeapSize                          = 130023424                                 {product} {ergonomic}
   size_t MarkStackSize                            = 4194304                                   {product} {ergonomic}
   size_t MaxHeapSize                              = 2147483648                                {product} {command line}
   size_t MaxNewSize                               = 1287651328                                {product} {ergonomic}
   size_t MinHeapDeltaBytes                        = 1048576                                   {product} {ergonomic}
   size_t MinHeapSize                              = 8388608                                   {product} {ergonomic}
    uintx NonNMethodCodeHeapSize                   = 7602480                                {pd product} {ergonomic}
    uintx NonProfiledCodeHeapSize                  = 122027880                              {pd product} {ergonomic}
    uintx ProfiledCodeHeapSize                     = 122027880                              {pd product} {ergonomic}
    uintx ReservedCodeCacheSize                    = 251658240                              {pd product} {ergonomic}
     bool SegmentedCodeCache                       = true                                      {product} {ergonomic}
   size_t SoftMaxHeapSize                          = 2147483648                             {manageable} {ergonomic}
     bool UseCompressedOops                        = true                           {product lp64_product} {ergonomic}
     bool UseG1GC                                  = true                                      {product} {ergonomic}
     bool UseLargePagesIndividualAllocation        = false                                  {pd product} {ergonomic}

Logging:
Log output configuration:
 #0: stdout all=warning uptime,level,tags foldmultilines=false
 #1: stderr all=off uptime,level,tags foldmultilines=false

Release file:
JAVA_VERSION="21.0.9" 
MODULES="java.base java.compiler java.datatransfer java.xml java.prefs java.desktop java.instrument java.logging java.management java.security.sasl java.naming java.rmi java.management.rmi java.net.http java.scripting java.security.jgss java.transaction.xa java.sql java.sql.rowset java.xml.crypto java.se java.smartcardio jdk.accessibility jdk.internal.jvmstat jdk.attach jdk.charsets jdk.internal.opt jdk.zipfs jdk.compiler jdk.crypto.ec jdk.crypto.cryptoki jdk.dynalink jdk.hotspot.agent jdk.httpserver jdk.internal.ed jdk.internal.le jdk.internal.vm.ci jdk.jartool jdk.javadoc jdk.jcmd jdk.jdeps jdk.jdwp.agent jdk.jdi jdk.jfr jdk.jlink jdk.jsobject jdk.localedata jdk.management jdk.management.agent jdk.management.jfr jdk.naming.dns jdk.naming.rmi jdk.net jdk.sctp jdk.security.auth jdk.security.jgss jdk.unsupported jdk.unsupported.desktop jdk.xml.dom" 
IMPLEMENTOR="JetBrains s.r.o." 
JAVA_RUNTIME_VERSION="21.0.9+-14787801-b1163.94" 
LIBC="default" 
OS_ARCH="x86_64" 
OS_NAME="Windows" 
SOURCE=".:git:0c757ddc9f2f" 

Environment Variables:
CLASSPATH=C:\JavaLib\antlr-4.13.2-complete.jar
PATH=E:\Programming\Python installation\;D:\Program\Common\VMWare\bin\;C:\Program Files\Common Files\Oracle\Java\javapath;C:\WINDOWS\system32;C:\WINDOWS;C:\WINDOWS\System32\Wbem;C:\WINDOWS\System32\WindowsPowerShell\v1.0\;C:\WINDOWS\System32\OpenSSH\;C:\Program Files (x86)\Windows Kits\10\Windows Performance Toolkit\;C:\Program Files\Git\cmd;C:\Program Files\CMake\bin;C:\Program Files\MySQL\MySQL Server 8.0\bin;C:\ProgramData\chocolatey\bin;C:\tools\gsudo\Current;E:\Programming\Python installation\Scripts\;C:\Program Files\dotnet\;C:\Program Files\MySQL\MySQL Shell 8.0\bin\;C:\Users\asus\AppData\Local\Microsoft\WindowsApps;E:\Programming\C installation\CLion 2022.2\bin;;E:\Programming\Java installation\JDK\bin;C:\Users\asus\AppData\Local\Programs\Microsoft VS Code\bin;E:\Programming\C installation\CLion 2022.2\bin\mingw\bin;C:\Users\asus\Desktop\WinAFL\Test 3\winaflfast\bin64;C:\JavaLib\antlr-4.13.2-complete.jar;C:\JavaLib\;C:\Program Files (x86)\Nmap;C:\Users\asus\.dotnet\tools
USERNAME=asus
OS=Windows_NT
PROCESSOR_IDENTIFIER=Intel64 Family 6 Model 154 Stepping 3, GenuineIntel
TMP=C:\Users\asus\AppData\Local\Temp
TEMP=C:\Users\asus\AppData\Local\Temp




Periodic native trim disabled

JNI global refs:
JNI global refs: 39, weak refs: 18

JNI global refs memory usage: 835, weak refs: 833

Process memory usage:
Resident Set Size: 570528K (7% of 8071936K total physical memory with 469916K free physical memory)

OOME stack traces (most recent first):
Classloader memory used:
Loader org.gradle.internal.classloader.VisitableURLClassLoader                         : 41430K
Loader bootstrap                                                                       : 29212K
Loader org.gradle.internal.classloader.VisitableURLClassLoader$InstrumentingVisitableURLClassLoader: 28512K
Loader org.gradle.initialization.MixInLegacyTypesClassLoader                           : 11443K
Loader jdk.internal.loader.ClassLoaders$PlatformClassLoader                            : 518K
Loader org.gradle.groovy.scripts.internal.DefaultScriptCompilationHandler$ScriptClassLoader: 404K
Loader jdk.internal.reflect.DelegatingClassLoader                                      : 308K
Loader jdk.internal.loader.ClassLoaders$AppClassLoader                                 : 230K
Loader org.codehaus.groovy.runtime.callsite.CallSiteClassLoader                        : 44200B
Loader org.gradle.internal.classloader.VisitableURLClassLoader                         : 33472B
Loader sun.reflect.misc.MethodUtil                                                     : 2984B

Classes loaded by more than one classloader:
Class com.google.common.base.Equivalence$Identity                                     : loaded 2 times (x 82B)
Class com.google.common.base.PairwiseEquivalence                                      : loaded 2 times (x 83B)
Class com.google.common.collect.RegularImmutableMap$KeySet                            : loaded 2 times (x 150B)
Class org.gradle.internal.classloader.FilteringClassLoader                            : loaded 2 times (x 105B)
Class [Lcom.google.common.base.AbstractIterator$State;                                : loaded 2 times (x 69B)
Class com.google.common.base.CharMatcher$IsEither                                     : loaded 2 times (x 111B)
Class org.gradle.internal.classloader.ClassLoaderHierarchy                            : loaded 2 times (x 70B)
Class com.google.common.collect.ImmutableEnumSet                                      : loaded 2 times (x 146B)
Class com.google.common.util.concurrent.ExecutionError                                : loaded 2 times (x 82B)
Class com.google.common.collect.ImmutableList$1                                       : loaded 2 times (x 97B)
Class org.gradle.api.internal.classpath.ManifestUtil                                  : loaded 2 times (x 71B)
Class com.google.common.collect.RegularImmutableMap                                   : loaded 2 times (x 121B)
Class com.google.common.collect.ImmutableMap$MapViewOfValuesAsSingletonSets           : loaded 2 times (x 125B)
Class [Lorg.objectweb.asm.Symbol;                                                     : loaded 2 times (x 69B)
Class org.objectweb.asm.ClassVisitor                                                  : loaded 2 times (x 88B)
Class com.google.common.collect.UnmodifiableListIterator                              : loaded 2 times (x 95B)
Class org.objectweb.asm.MethodTooLargeException                                       : loaded 2 times (x 83B)
Class [Lcom.google.common.cache.CacheBuilder$OneWeigher;                              : loaded 2 times (x 69B)
Class com.google.common.base.Suppliers                                                : loaded 2 times (x 71B)
Class com.google.common.base.Platform$JdkPatternCompiler                              : loaded 2 times (x 75B)
Class settings_5s4a1xj1bp6azikp2agycm6ls$_run_closure1                                : loaded 2 times (x 139B)
Class org.gradle.internal.classloader.DefaultClassLoaderFactory                       : loaded 2 times (x 82B)
Class com.google.common.base.CharMatcher$None                                         : loaded 2 times (x 112B)
Class org.gradle.internal.classloader.ClassLoaderVisitor                              : loaded 2 times (x 76B)
Class [Lcom.google.common.collect.ImmutableMapEntry;                                  : loaded 2 times (x 69B)
Class org.gradle.api.internal.classpath.EffectiveClassPath                            : loaded 2 times (x 90B)
Class com.google.common.collect.ImmutableEnumMap                                      : loaded 2 times (x 125B)
Class com.google.common.collect.ListMultimap                                          : loaded 2 times (x 70B)
Class com.google.common.collect.Sets$1                                                : loaded 2 times (x 139B)
Class org.objectweb.asm.AnnotationVisitor                                             : loaded 2 times (x 78B)
Class com.google.common.base.Splitter                                                 : loaded 2 times (x 72B)
Class org.gradle.api.internal.DefaultClassPathProvider                                : loaded 2 times (x 76B)
Class com.google.common.collect.Sets$2                                                : loaded 2 times (x 139B)
Class ijJvmDebugger1_dobtw6cflcvxkl315inszunwy                                        : loaded 2 times (x 179B)
Class [Lorg.gradle.api.internal.ClassPathProvider;                                    : loaded 2 times (x 69B)
Class org.gradle.api.internal.ClassPathProvider                                       : loaded 2 times (x 70B)
Class [Lorg.objectweb.asm.AnnotationVisitor;                                          : loaded 2 times (x 69B)
Class com.google.common.collect.Sets$3                                                : loaded 2 times (x 139B)
Class com.google.common.util.concurrent.AbstractFuture$SafeAtomicHelper               : loaded 2 times (x 79B)
Class com.google.common.cache.LocalCache$LocalLoadingCache                            : loaded 2 times (x 134B)
Class com.google.common.base.AbstractIterator$State                                   : loaded 2 times (x 79B)
Class org.gradle.internal.service.UnknownServiceException                             : loaded 2 times (x 83B)
Class com.google.common.collect.Sets$4                                                : loaded 2 times (x 139B)
Class org.objectweb.asm.ModuleVisitor                                                 : loaded 2 times (x 81B)
Class com.google.common.cache.LocalCache$Strength$1                                   : loaded 2 times (x 81B)
Class com.google.common.util.concurrent.SettableFuture                                : loaded 2 times (x 114B)
Class com.google.common.cache.LocalCache$Strength$2                                   : loaded 2 times (x 81B)
Class com.google.common.cache.LocalCache$Strength$3                                   : loaded 2 times (x 81B)
Class com.google.common.collect.MapDifference                                         : loaded 2 times (x 70B)
Class com.google.common.base.Splitter$1                                               : loaded 2 times (x 77B)
Class org.objectweb.asm.FieldWriter                                                   : loaded 2 times (x 78B)
Class com.google.common.cache.CacheBuilder$NullListener                               : loaded 2 times (x 82B)
Class org.gradle.internal.classpath.TransformedClassPath                              : loaded 2 times (x 96B)
Class com.google.common.cache.CacheLoader$FunctionToCacheLoader                       : loaded 2 times (x 75B)
Class com.google.common.collect.Iterators$ArrayItr                                    : loaded 2 times (x 97B)
Class com.google.common.collect.ImmutableCollection$Builder                           : loaded 2 times (x 76B)
Class build_60mwr45nbiqz5d6h3vs9ut4px$_run_closure1                                   : loaded 2 times (x 139B)
Class com.google.common.base.Joiner                                                   : loaded 2 times (x 79B)
Class com.google.common.base.MoreObjects                                              : loaded 2 times (x 71B)
Class [Lorg.objectweb.asm.Type;                                                       : loaded 2 times (x 69B)
Class com.google.common.collect.Platform                                              : loaded 2 times (x 71B)
Class com.google.common.collect.UnmodifiableIterator                                  : loaded 2 times (x 80B)
Class org.gradle.internal.service.ServiceLocator                                      : loaded 2 times (x 70B)
Class com.google.common.base.Ascii                                                    : loaded 2 times (x 71B)
Class com.google.common.collect.SingletonImmutableBiMap                               : loaded 2 times (x 143B)
Class com.google.common.cache.LocalCache$1                                            : loaded 2 times (x 89B)
Class com.google.common.collect.AbstractMapEntry                                      : loaded 2 times (x 81B)
Class ijJvmDebugger1_dobtw6cflcvxkl315inszunwy$_run_closure1                          : loaded 2 times (x 139B)
Class com.google.common.collect.Sets$ImprovedAbstractSet                              : loaded 2 times (x 135B)
Class com.google.common.collect.ImmutableList$Builder                                 : loaded 2 times (x 77B)
Class com.google.common.cache.LocalCache$2                                            : loaded 2 times (x 142B)
Class com.google.common.collect.AbstractMultimap                                      : loaded 2 times (x 123B)
Class com.google.common.util.concurrent.AbstractFuture$UnsafeAtomicHelper$1           : loaded 2 times (x 76B)
Class com.google.common.collect.RegularImmutableAsList                                : loaded 2 times (x 216B)
Class ijKotlinCoroutineJvmDebugInit1_d6p11m2njpy6aiagda9ijpaxm                        : loaded 2 times (x 179B)
Class com.google.common.util.concurrent.AbstractFuture$Trusted                        : loaded 2 times (x 70B)
Class com.google.common.collect.Iterators                                             : loaded 2 times (x 71B)
Class com.google.common.base.CharMatcher$RangesMatcher                                : loaded 2 times (x 112B)
Class com.google.common.util.concurrent.UncheckedExecutionException                   : loaded 2 times (x 82B)
Class com.google.common.collect.Lists$StringAsImmutableList                           : loaded 2 times (x 207B)
Class build_6fszu0k57l3kfdcx4jkstrkcl$_run_closure1                                   : loaded 2 times (x 139B)
Class com.google.common.base.CharMatcher$JavaLetterOrDigit                            : loaded 2 times (x 111B)
Class org.gradle.internal.InternalTransformer                                         : loaded 2 times (x 70B)
Class com.google.common.collect.AbstractMapBasedMultimap$KeySet$1                     : loaded 2 times (x 82B)
Class org.objectweb.asm.ClassWriter                                                   : loaded 2 times (x 106B)
Class com.google.common.cache.CacheLoader$UnsupportedLoadingOperationException        : loaded 2 times (x 82B)
Class com.google.common.base.CharMatcher$And                                          : loaded 2 times (x 112B)
Class org.gradle.internal.classloader.ClasspathUtil$1                                 : loaded 2 times (x 76B)
Class com.google.common.base.Objects                                                  : loaded 2 times (x 71B)
Class org.objectweb.asm.FieldVisitor                                                  : loaded 2 times (x 77B)
Class com.google.common.collect.IndexedImmutableSet                                   : loaded 2 times (x 150B)
Class com.google.common.collect.ImmutableMap$1                                        : loaded 2 times (x 81B)
Class com.google.common.collect.BiMap                                                 : loaded 2 times (x 70B)
Class org.gradle.api.internal.classpath.DefaultModuleRegistry$DefaultModule           : loaded 2 times (x 86B)
Class com.google.common.primitives.Ints                                               : loaded 2 times (x 71B)
Class com.google.common.collect.AbstractIterator                                      : loaded 2 times (x 82B)
Class com.google.common.math.MathPreconditions                                        : loaded 2 times (x 71B)
Class com.google.common.collect.Multiset                                              : loaded 2 times (x 70B)
Class com.google.common.collect.ArrayListMultimapGwtSerializationDependencies         : loaded 2 times (x 172B)
Class com.google.common.collect.ObjectArrays                                          : loaded 2 times (x 71B)
Class com.google.common.collect.AbstractIndexedListIterator                           : loaded 2 times (x 96B)
Class com.google.common.collect.ImmutableMapEntrySet                                  : loaded 2 times (x 151B)
Class org.gradle.api.internal.classpath.Module                                        : loaded 2 times (x 70B)
Class com.google.common.cache.Weigher                                                 : loaded 2 times (x 70B)
Class org.gradle.api.internal.classpath.UnknownModuleException                        : loaded 2 times (x 82B)
Class org.gradle.cache.GlobalCache                                                    : loaded 2 times (x 70B)
Class com.google.common.base.Stopwatch                                                : loaded 2 times (x 72B)
Class com.google.common.cache.LocalCache$Strength                                     : loaded 2 times (x 81B)
Class com.google.common.cache.Cache                                                   : loaded 2 times (x 70B)
Class com.google.common.util.concurrent.AbstractFuture$Cancellation                   : loaded 2 times (x 72B)
Class com.google.common.collect.ImmutableMap$Builder                                  : loaded 2 times (x 82B)
Class com.google.common.base.NullnessCasts                                            : loaded 2 times (x 71B)
Class com.google.common.cache.RemovalListener                                         : loaded 2 times (x 70B)
Class org.gradle.api.internal.DefaultClassPathRegistry                                : loaded 2 times (x 76B)
Class com.google.common.primitives.IntsMethodsForWeb                                  : loaded 2 times (x 71B)
Class com.google.common.collect.Multimap                                              : loaded 2 times (x 70B)
Class org.gradle.api.internal.ClassPathRegistry                                       : loaded 2 times (x 70B)
Class org.gradle.internal.classpath.DefaultClassPath$ImmutableUniqueList              : loaded 2 times (x 199B)
Class com.google.common.base.ExtraObjectsMethodsForWeb                                : loaded 2 times (x 71B)
Class com.google.common.cache.CacheBuilder                                            : loaded 2 times (x 72B)
Class com.google.common.collect.SingletonImmutableList                                : loaded 2 times (x 207B)
Class org.gradle.internal.classpath.ClassPath                                         : loaded 2 times (x 70B)
Class org.gradle.api.UncheckedIOException                                             : loaded 2 times (x 82B)
Class com.google.common.collect.ImmutableList$ReverseImmutableList                    : loaded 2 times (x 208B)
Class com.google.common.base.JdkPattern                                               : loaded 2 times (x 75B)
Class org.objectweb.asm.SymbolTable$Entry                                             : loaded 2 times (x 74B)
Class com.google.common.util.concurrent.AbstractFuture$AtomicHelper                   : loaded 2 times (x 78B)
Class org.objectweb.asm.Edge                                                          : loaded 2 times (x 72B)
Class com.google.common.base.Suppliers$SupplierOfInstance                             : loaded 2 times (x 79B)
Class com.google.common.collect.Iterators$1                                           : loaded 2 times (x 81B)
Class com.google.common.cache.LocalCache$ComputingValueReference                      : loaded 2 times (x 96B)
Class com.google.common.collect.SingletonImmutableSet                                 : loaded 2 times (x 146B)
Class com.google.common.collect.ImmutableMap$IteratorBasedImmutableMap                : loaded 2 times (x 125B)
Class com.google.common.cache.LocalCache$Segment                                      : loaded 2 times (x 154B)
Class [Lorg.objectweb.asm.SymbolTable$Entry;                                          : loaded 2 times (x 69B)
Class com.google.common.cache.CacheLoader                                             : loaded 2 times (x 74B)
Class com.google.common.collect.Iterators$4                                           : loaded 2 times (x 82B)
Class com.google.common.collect.ImmutableBiMap                                        : loaded 2 times (x 143B)
Class com.google.common.collect.AbstractListMultimap                                  : loaded 2 times (x 172B)
Class org.gradle.internal.installation.GradleInstallation$1                           : loaded 2 times (x 75B)
Class org.gradle.api.internal.classpath.ModuleRegistry                                : loaded 2 times (x 70B)
Class com.google.common.util.concurrent.internal.InternalFutureFailureAccess          : loaded 2 times (x 72B)
Class com.google.common.collect.Iterators$5                                           : loaded 2 times (x 82B)
Class com.google.common.collect.ImmutableSet$JdkBackedSetBuilderImpl                  : loaded 2 times (x 76B)
Class com.google.common.base.Splitter$SplittingIterator                               : loaded 2 times (x 84B)
Class com.google.common.util.concurrent.AbstractFuture$UnsafeAtomicHelper             : loaded 2 times (x 78B)
Class com.google.common.cache.LocalCache$LocalManualCache$1                           : loaded 2 times (x 75B)
Class com.google.common.base.CharMatcher$ForPredicate                                 : loaded 2 times (x 112B)
Class com.google.common.collect.ImmutableCollection                                   : loaded 2 times (x 125B)
Class com.google.common.base.CharMatcher$AnyOf                                        : loaded 2 times (x 112B)
Class org.gradle.api.internal.classpath.DefaultModuleRegistry                         : loaded 2 times (x 86B)
Class com.google.common.util.concurrent.ListenableFuture                              : loaded 2 times (x 70B)
Class com.google.common.cache.ReferenceEntry                                          : loaded 2 times (x 70B)
Class com.google.common.collect.ImmutableSet$CachingAsList                            : loaded 2 times (x 147B)
Class com.google.common.base.Converter                                                : loaded 2 times (x 90B)
Class com.google.common.collect.Lists                                                 : loaded 2 times (x 71B)
Class com.google.common.base.CharMatcher$Any                                          : loaded 2 times (x 112B)
Class com.google.common.util.concurrent.AbstractFuture                                : loaded 2 times (x 106B)
Class com.google.common.base.FunctionalEquivalence                                    : loaded 2 times (x 83B)
Class com.google.common.collect.Iterators$9                                           : loaded 2 times (x 81B)
Class com.google.common.collect.AbstractMapBasedMultimap                              : loaded 2 times (x 139B)
Class com.google.common.collect.ImmutableAsList                                       : loaded 2 times (x 209B)
Class build_60mwr45nbiqz5d6h3vs9ut4px                                                 : loaded 2 times (x 180B)
Class org.objectweb.asm.RecordComponentVisitor                                        : loaded 2 times (x 77B)
Class com.google.common.cache.CacheLoader$SupplierToCacheLoader                       : loaded 2 times (x 75B)
Class settings_5s4a1xj1bp6azikp2agycm6ls                                              : loaded 2 times (x 179B)
Class com.google.common.collect.Maps$EntryTransformer                                 : loaded 2 times (x 70B)
Class org.gradle.internal.service.ServiceLookupException                              : loaded 2 times (x 82B)
Class [Lcom.google.common.cache.LocalCache$EntryFactory;                              : loaded 2 times (x 69B)
Class com.google.common.base.CharMatcher$JavaLetter                                   : loaded 2 times (x 111B)
Class ijKotlinCoroutineJvmDebugInit1_d6p11m2njpy6aiagda9ijpaxm$_run_closure1          : loaded 2 times (x 139B)
Class org.gradle.internal.classloader.ClassLoaderFactory                              : loaded 2 times (x 70B)
Class com.google.common.cache.LocalCache$LocalManualCache                             : loaded 2 times (x 99B)
Class com.google.common.base.CharMatcher$IsNot                                        : loaded 2 times (x 111B)
Class com.google.common.base.CommonPattern                                            : loaded 2 times (x 74B)
Class org.gradle.internal.service.CachingServiceLocator                               : loaded 2 times (x 82B)
Class com.google.common.collect.AbstractMapBasedMultimap$KeySet                       : loaded 2 times (x 137B)
Class com.google.common.math.IntMath                                                  : loaded 2 times (x 71B)
Class com.google.common.collect.Iterators$10                                          : loaded 2 times (x 81B)
Class com.google.common.collect.ImmutableMapEntry                                     : loaded 2 times (x 85B)
Class com.google.common.base.CharMatcher$JavaDigit                                    : loaded 2 times (x 111B)
Class com.google.common.base.Equivalence                                              : loaded 2 times (x 82B)
Class com.google.common.collect.ImmutableMapEntry$NonTerminalImmutableMapEntry        : loaded 2 times (x 85B)
Class com.google.common.base.Function                                                 : loaded 2 times (x 70B)
Class com.google.common.cache.CacheBuilder$OneWeigher                                 : loaded 2 times (x 82B)
Class com.google.common.collect.RegularImmutableList                                  : loaded 2 times (x 212B)
Class com.google.common.collect.ImmutableBiMapFauxverideShim                          : loaded 2 times (x 120B)
Class org.gradle.internal.classloader.ClasspathUtil                                   : loaded 2 times (x 71B)
Class com.google.common.base.Charsets                                                 : loaded 2 times (x 71B)
Class com.google.common.util.concurrent.Uninterruptibles                              : loaded 2 times (x 71B)
Class com.google.common.collect.Maps                                                  : loaded 2 times (x 71B)
Class com.google.common.base.CharMatcher$JavaUpperCase                                : loaded 2 times (x 111B)
Class org.gradle.api.specs.Spec                                                       : loaded 2 times (x 70B)
Class [Lcom.google.common.collect.ImmutableEntry;                                     : loaded 2 times (x 69B)
Class com.google.common.cache.LocalCache$LoadingValueReference                        : loaded 2 times (x 96B)
Class com.google.common.base.Platform                                                 : loaded 2 times (x 71B)
Class [Lorg.objectweb.asm.AnnotationWriter;                                           : loaded 2 times (x 69B)
Class com.google.common.primitives.Ints$IntConverter                                  : loaded 2 times (x 90B)
Class com.google.common.collect.Maps$8                                                : loaded 2 times (x 82B)
Class com.google.common.collect.Sets$SetView                                          : loaded 2 times (x 138B)
Class com.google.common.cache.LocalCache$StrongValueReference                         : loaded 2 times (x 90B)
Class com.google.common.util.concurrent.AbstractFuture$SynchronizedHelper             : loaded 2 times (x 78B)
Class com.google.common.base.CharMatcher$Invisible                                    : loaded 2 times (x 112B)
Class org.objectweb.asm.Type                                                          : loaded 2 times (x 72B)
Class org.gradle.internal.classloader.VisitableURLClassLoader$InstrumentingVisitableURLClassLoader: loaded 2 times (x 123B)
Class org.objectweb.asm.ByteVector                                                    : loaded 2 times (x 79B)
Class [Lcom.google.common.cache.CacheBuilder$NullListener;                            : loaded 2 times (x 69B)
Class com.google.common.math.IntMath$1                                                : loaded 2 times (x 71B)
Class org.gradle.internal.classloader.VisitableURLClassLoader$Spec                    : loaded 2 times (x 74B)
Class org.gradle.internal.classpath.DefaultClassPath                                  : loaded 2 times (x 90B)
Class org.objectweb.asm.Symbol                                                        : loaded 2 times (x 73B)
Class com.google.common.base.AbstractIterator                                         : loaded 2 times (x 80B)
Class com.google.common.collect.RegularImmutableMap$Values                            : loaded 2 times (x 207B)
Class com.google.common.collect.ImmutableSet                                          : loaded 2 times (x 145B)
Class com.google.common.base.CharMatcher$BitSetMatcher                                : loaded 2 times (x 112B)
Class com.google.common.base.CharMatcher$Ascii                                        : loaded 2 times (x 112B)
Class org.gradle.internal.classloader.ClassLoaderSpec                                 : loaded 2 times (x 71B)
Class org.objectweb.asm.AnnotationWriter                                              : loaded 2 times (x 79B)
Class com.google.common.cache.CacheStats                                              : loaded 2 times (x 71B)
Class org.objectweb.asm.RecordComponentWriter                                         : loaded 2 times (x 78B)
Class com.google.common.util.concurrent.AbstractFuture$Listener                       : loaded 2 times (x 72B)
Class com.google.common.base.CharMatcher$Or                                           : loaded 2 times (x 112B)
Class org.objectweb.asm.Attribute                                                     : loaded 2 times (x 77B)
Class com.google.common.base.Supplier                                                 : loaded 2 times (x 70B)
Class org.gradle.internal.classloader.VisitableURLClassLoader                         : loaded 2 times (x 117B)
Class com.google.common.util.concurrent.AbstractFuture$Waiter                         : loaded 2 times (x 72B)
Class org.gradle.internal.Cast                                                        : loaded 2 times (x 71B)
Class org.gradle.api.Action                                                           : loaded 2 times (x 70B)
Class com.google.common.collect.Sets                                                  : loaded 2 times (x 71B)
Class org.objectweb.asm.Handler                                                       : loaded 2 times (x 72B)
Class com.google.common.base.Ticker                                                   : loaded 2 times (x 72B)
Class com.google.common.base.Strings                                                  : loaded 2 times (x 71B)
Class com.google.common.base.CharMatcher$FastMatcher                                  : loaded 2 times (x 111B)
Class org.gradle.internal.agents.InstrumentingClassLoader                             : loaded 2 times (x 70B)
Class [Lcom.google.common.cache.LocalCache$Segment;                                   : loaded 2 times (x 69B)
Class [Lcom.google.common.cache.LocalCache$Strength;                                  : loaded 2 times (x 69B)
Class com.google.common.cache.CacheBuilder$1                                          : loaded 2 times (x 85B)
Class com.google.common.collect.ImmutableMap                                          : loaded 2 times (x 120B)
Class com.google.common.base.Predicate                                                : loaded 2 times (x 70B)
Class org.gradle.internal.classpath.DefaultClassPath$ImmutableUniqueList$Builder      : loaded 2 times (x 75B)
Class com.google.common.cache.LocalCache                                              : loaded 2 times (x 187B)
Class com.google.common.cache.CacheBuilder$2                                          : loaded 2 times (x 72B)
Class com.google.common.base.CharMatcher$NegatedFastMatcher                           : loaded 2 times (x 113B)
Class [Lcom.google.common.collect.AbstractMapEntry;                                   : loaded 2 times (x 69B)
Class com.google.common.collect.ImmutableEntry                                        : loaded 2 times (x 82B)
Class com.google.common.collect.ArrayListMultimap                                     : loaded 2 times (x 172B)
Class com.google.common.base.AbstractIterator$1                                       : loaded 2 times (x 71B)
Class com.google.common.base.CharMatcher$Digit                                        : loaded 2 times (x 112B)
Class org.gradle.api.GradleException                                                  : loaded 2 times (x 82B)
Class com.google.common.collect.ForwardingMap                                         : loaded 2 times (x 132B)
Class com.google.common.collect.CollectPreconditions                                  : loaded 2 times (x 71B)
Class com.google.common.base.CharMatcher$JavaIsoControl                               : loaded 2 times (x 112B)
Class com.google.common.collect.SortedMapDifference                                   : loaded 2 times (x 70B)
Class com.google.common.base.CharMatcher$JavaLowerCase                                : loaded 2 times (x 111B)
Class com.google.common.cache.LocalCache$EntryFactory                                 : loaded 2 times (x 83B)
Class com.google.common.cache.LocalCache$AbstractReferenceEntry                       : loaded 2 times (x 107B)
Class com.google.common.base.Splitter$1$1                                             : loaded 2 times (x 86B)
Class com.google.common.base.CharMatcher$Whitespace                                   : loaded 2 times (x 112B)
Class org.gradle.internal.IoActions                                                   : loaded 2 times (x 71B)
Class org.objectweb.asm.SymbolTable                                                   : loaded 2 times (x 72B)
Class com.google.common.cache.CacheLoader$InvalidCacheLoadException                   : loaded 2 times (x 82B)
Class com.google.common.collect.ImmutableSet$RegularSetBuilderImpl                    : loaded 2 times (x 77B)
Class com.google.common.base.CharMatcher$SingleWidth                                  : loaded 2 times (x 112B)
Class ijKotlinCoroutineJvmDebugInit1_d6p11m2njpy6aiagda9ijpaxm$_run_closure1$_closure2: loaded 2 times (x 139B)
Class org.gradle.internal.classloader.SystemClassLoaderSpec                           : loaded 2 times (x 71B)
Class com.google.common.cache.LocalCache$StrongEntry                                  : loaded 2 times (x 108B)
Class com.google.common.util.concurrent.AbstractFuture$TrustedFuture                  : loaded 2 times (x 114B)
Class com.google.common.cache.LoadingCache                                            : loaded 2 times (x 70B)
Class org.objectweb.asm.MethodWriter                                                  : loaded 2 times (x 106B)
Class [Lcom.google.common.cache.Weigher;                                              : loaded 2 times (x 69B)
Class com.google.common.collect.RegularImmutableMap$BucketOverflowException           : loaded 2 times (x 82B)
Class com.google.common.collect.RegularImmutableBiMap                                 : loaded 2 times (x 148B)
Class com.google.common.cache.LocalCache$ValueReference                               : loaded 2 times (x 70B)
Class com.google.common.base.CharMatcher$Negated                                      : loaded 2 times (x 113B)
Class com.google.common.base.CharMatcher$Is                                           : loaded 2 times (x 111B)
Class com.google.common.util.concurrent.AbstractFuture$Failure                        : loaded 2 times (x 72B)
Class com.google.common.base.Equivalence$Equals                                       : loaded 2 times (x 82B)
Class com.google.common.collect.Hashing                                               : loaded 2 times (x 71B)
Class com.google.common.base.PatternCompiler                                          : loaded 2 times (x 70B)
Class com.google.common.base.Preconditions                                            : loaded 2 times (x 71B)
Class com.google.common.base.Joiner$1                                                 : loaded 2 times (x 80B)
Class org.objectweb.asm.Label                                                         : loaded 2 times (x 73B)
Class org.objectweb.asm.CurrentFrame                                                  : loaded 2 times (x 73B)
Class org.objectweb.asm.ClassTooLargeException                                        : loaded 2 times (x 83B)
Class com.google.common.collect.PeekingIterator                                       : loaded 2 times (x 70B)
Class com.google.common.base.CharMatcher                                              : loaded 2 times (x 111B)
Class build_6fszu0k57l3kfdcx4jkstrkcl                                                 : loaded 2 times (x 180B)
Class com.google.common.base.Joiner$2                                                 : loaded 2 times (x 79B)
Class org.objectweb.asm.Frame                                                         : loaded 2 times (x 73B)
Class org.objectweb.asm.MethodVisitor                                                 : loaded 2 times (x 105B)
Class com.google.common.cache.LocalCache$EntryFactory$1                               : loaded 2 times (x 83B)
Class [Lcom.google.common.cache.RemovalListener;                                      : loaded 2 times (x 69B)
Class com.google.common.base.CharMatcher$1                                            : loaded 2 times (x 113B)
Class com.google.common.base.CharMatcher$NamedFastMatcher                             : loaded 2 times (x 112B)
Class com.google.common.cache.LocalCache$EntryFactory$2                               : loaded 2 times (x 83B)
Class org.objectweb.asm.ModuleWriter                                                  : loaded 2 times (x 82B)
Class com.google.common.cache.LocalCache$EntryFactory$3                               : loaded 2 times (x 83B)
Class com.google.common.base.Ticker$1                                                 : loaded 2 times (x 72B)
Class com.google.common.collect.ImmutableMapEntrySet$RegularEntrySet                  : loaded 2 times (x 151B)
Class com.google.common.collect.Maps$BiMapConverter                                   : loaded 2 times (x 90B)
Class com.google.common.cache.LocalCache$EntryFactory$4                               : loaded 2 times (x 83B)
Class com.google.common.collect.ImmutableSet$Builder                                  : loaded 2 times (x 85B)
Class com.google.common.base.CharMatcher$InRange                                      : loaded 2 times (x 111B)
Class com.google.common.cache.LocalCache$EntryFactory$5                               : loaded 2 times (x 83B)
Class com.google.common.cache.LocalCache$EntryFactory$6                               : loaded 2 times (x 83B)
Class org.gradle.internal.installation.CurrentGradleInstallationLocator               : loaded 2 times (x 71B)
Class com.google.common.collect.Maps$KeySet                                           : loaded 2 times (x 137B)
Class com.google.common.cache.LocalCache$EntryFactory$7                               : loaded 2 times (x 83B)
Class com.google.common.collect.ImmutableSet$EmptySetBuilderImpl                      : loaded 2 times (x 76B)
Class com.google.common.collect.ImmutableList                                         : loaded 2 times (x 206B)
Class org.gradle.internal.service.DefaultServiceLocator                               : loaded 2 times (x 83B)
Class com.google.common.cache.LocalCache$EntryFactory$8                               : loaded 2 times (x 83B)
Class com.google.common.collect.ImmutableSet$SetBuilderImpl                           : loaded 2 times (x 76B)
Class org.gradle.internal.installation.CurrentGradleInstallation                      : loaded 2 times (x 73B)
Class com.google.common.cache.CacheLoader$1                                           : loaded 2 times (x 75B)
Class com.google.common.collect.ForwardingObject                                      : loaded 2 times (x 72B)
Class com.google.common.collect.ImmutableList$SubList                                 : loaded 2 times (x 208B)
Class org.gradle.util.internal.GUtil                                                  : loaded 2 times (x 71B)
Class com.google.common.util.concurrent.AbstractFuture$SetFuture                      : loaded 2 times (x 75B)
Class com.google.common.cache.AbstractCache$StatsCounter                              : loaded 2 times (x 70B)
Class com.google.common.collect.Iterators$MergingIterator                             : loaded 2 times (x 81B)
Class com.google.common.collect.RegularImmutableSet                                   : loaded 2 times (x 148B)
Class ijJvmDebugger1_dobtw6cflcvxkl315inszunwy$_run_closure1$_closure2                : loaded 2 times (x 140B)
Class org.gradle.internal.installation.GradleInstallation                             : loaded 2 times (x 75B)
Class com.google.common.collect.Iterables                                             : loaded 2 times (x 71B)
Class com.google.common.base.Splitter$Strategy                                        : loaded 2 times (x 70B)

---------------  S Y S T E M  ---------------

OS:
 Windows 11 , 64 bit Build 26100 (10.0.26100.8521)
OS uptime: 0 days 2:37 hours
Hyper-V role detected

CPU: total 16 (initial active 16) (8 cores per cpu, 2 threads per core) family 6 model 154 stepping 3 microcode 0x419, cx8, cmov, fxsr, ht, mmx, 3dnowpref, sse, sse2, sse3, ssse3, sse4.1, sse4.2, popcnt, lzcnt, tsc, tscinvbit, avx, avx2, aes, erms, clmul, bmi1, bmi2, adx, sha, fma, vzeroupper, clflush, clflushopt, clwb, hv, serialize, rdtscp, rdpid, fsrm, f16c, cet_ibt, cet_ss
Processor Information for processor 0
  Max Mhz: 2500, Current Mhz: 2500, Mhz Limit: 2500
Processor Information for processor 1
  Max Mhz: 2500, Current Mhz: 2500, Mhz Limit: 2500
Processor Information for processor 2
  Max Mhz: 2500, Current Mhz: 2500, Mhz Limit: 2500
Processor Information for processor 3
  Max Mhz: 2500, Current Mhz: 2500, Mhz Limit: 2500
Processor Information for processor 4
  Max Mhz: 2500, Current Mhz: 2500, Mhz Limit: 2500
Processor Information for processor 5
  Max Mhz: 2500, Current Mhz: 2500, Mhz Limit: 2500
Processor Information for processor 6
  Max Mhz: 2500, Current Mhz: 2500, Mhz Limit: 2500
Processor Information for processor 7
  Max Mhz: 2500, Current Mhz: 2500, Mhz Limit: 2500
Processor Information for processor 8
  Max Mhz: 2500, Current Mhz: 1500, Mhz Limit: 1800
Processor Information for processor 9
  Max Mhz: 2500, Current Mhz: 1500, Mhz Limit: 1800
Processor Information for processor 10
  Max Mhz: 2500, Current Mhz: 1500, Mhz Limit: 1800
Processor Information for processor 11
  Max Mhz: 2500, Current Mhz: 1500, Mhz Limit: 1800
Processor Information for processor 12
  Max Mhz: 2500, Current Mhz: 1500, Mhz Limit: 1800
Processor Information for processor 13
  Max Mhz: 2500, Current Mhz: 1500, Mhz Limit: 1800
Processor Information for processor 14
  Max Mhz: 2500, Current Mhz: 1800, Mhz Limit: 1800
Processor Information for processor 15
  Max Mhz: 2500, Current Mhz: 1800, Mhz Limit: 1800

Memory: 4k page, system-wide physical 7882M (460M free)
TotalPageFile size 13300M (AvailPageFile size 6M)
current process WorkingSet (physical memory assigned to process): 555M, peak: 579M
current process commit charge ("private bytes"): 628M, peak: 631M

vm_info: OpenJDK 64-Bit Server VM (21.0.9+-14787801-b1163.94) for windows-amd64 JRE (21.0.9+-14787801-b1163.94), built on 2026-01-27T21:15:44Z by "builder" with MS VC++ 16.10 / 16.11 (VS2019)

END.
