#
# There is insufficient memory for the Java Runtime Environment to continue.
# Native memory allocation (mmap) failed to map 26214400 bytes. Error detail: G1 virtual space
# Possible reasons:
#   The system is out of physical RAM or swap space
#   This process is running with CompressedOops enabled, and the Java Heap may be blocking the growth of the native heap
# Possible solutions:
#   Reduce memory load on the system
#   Increase physical memory or swap space
#   Check if swap backing store is full
#   Decrease Java heap size (-Xmx/-Xms)
#   Decrease number of Java threads
#   Decrease Java thread stack sizes (-Xss)
#   Set larger code cache with -XX:ReservedCodeCacheSize=
#   JVM is running with Unscaled Compressed Oops mode in which the Java heap is
#     placed in the first 4GB address space. The Java Heap base address is the
#     maximum limit for the native heap growth. Please use -XX:HeapBaseMinAddress
#     to set the Java Heap base and to place the Java Heap above 4GB virtual address.
# This output file may be truncated or incomplete.
#
#  Out of Memory Error (os_windows.cpp:3925), pid=12092, tid=14224
#
# JRE version: OpenJDK Runtime Environment (21.0.9) (build 21.0.9+-14787801-b1163.94)
# Java VM: OpenJDK 64-Bit Server VM (21.0.9+-14787801-b1163.94, mixed mode, tiered, compressed oops, compressed class ptrs, g1 gc, windows-amd64)
# No core dump will be written. Minidumps are not enabled by default on client versions of Windows
#

---------------  S U M M A R Y ------------

Command Line: --add-opens=java.base/java.util=ALL-UNNAMED --add-opens=java.base/java.lang=ALL-UNNAMED --add-opens=java.base/java.lang.invoke=ALL-UNNAMED --add-opens=java.prefs/java.util.prefs=ALL-UNNAMED --add-opens=java.base/java.nio.charset=ALL-UNNAMED --add-opens=java.base/java.net=ALL-UNNAMED --add-opens=java.base/java.util.concurrent.atomic=ALL-UNNAMED -Xmx2048m -Dfile.encoding=UTF-8 -Duser.country=US -Duser.language=en -Duser.variant -javaagent:C:\Users\asus\.gradle\wrapper\dists\gradle-8.6-bin\afr5mpiioh2wthjmwnkmdsd5w\gradle-8.6\lib\agents\gradle-instrumentation-agent-8.6.jar org.gradle.launcher.daemon.bootstrap.GradleDaemon 8.6

Host: 12th Gen Intel(R) Core(TM) i5-12500H, 16 cores, 7G,  Windows 11 , 64 bit Build 26100 (10.0.26100.8521)
Time: Thu Jul 23 14:27:00 2026 Iran Standard Time elapsed time: 16.200546 seconds (0d 0h 0m 16s)

---------------  T H R E A D  ---------------

Current thread (0x0000015e56aeec20):  VMThread "VM Thread"          [id=14224, stack(0x000000104d600000,0x000000104d700000) (1024K)]

Stack: [0x000000104d600000,0x000000104d700000]
Native frames: (J=compiled Java code, j=interpreted, Vv=VM code, C=native code)
V  [jvm.dll+0x6d6c99]
V  [jvm.dll+0x866b83]
V  [jvm.dll+0x8691ae]
V  [jvm.dll+0x869893]
V  [jvm.dll+0x280776]
V  [jvm.dll+0x6d3555]
V  [jvm.dll+0x6c6bea]
V  [jvm.dll+0x3587fb]
V  [jvm.dll+0x360476]
V  [jvm.dll+0x3b2646]
V  [jvm.dll+0x3b2918]
V  [jvm.dll+0x32af0c]
V  [jvm.dll+0x32d916]
V  [jvm.dll+0x3377ed]
V  [jvm.dll+0x36ef55]
V  [jvm.dll+0x86f618]
V  [jvm.dll+0x870994]
V  [jvm.dll+0x870ed0]
V  [jvm.dll+0x871163]
V  [jvm.dll+0x80f118]
V  [jvm.dll+0x6d54ed]
C  [ucrtbase.dll+0x2cd30]
C  [KERNEL32.DLL+0x2e957]
C  [ntdll.dll+0x87c1c]

VM_Operation (0x000000104d1ff460): G1PauseRemark, mode: safepoint, requested by thread 0x0000015e3cb56910


---------------  P R O C E S S  ---------------

Threads class SMR info:
_java_thread_list=0x0000015e5e4f1f20, length=113, elements={
0x0000015e3c4fab40, 0x0000015e5b08c910, 0x0000015e5b099c50, 0x0000015e5b0ca540,
0x0000015e5b0b8b00, 0x0000015e5b0b9170, 0x0000015e5b0aec90, 0x0000015e5b0afe90,
0x0000015e5b0b08f0, 0x0000015e5b0b3f50, 0x0000015e5b2982a0, 0x0000015e5b2d2940,
0x0000015e5b4e5a10, 0x0000015e5b6f7610, 0x0000015e5c2bfea0, 0x0000015e5cf32f70,
0x0000015e5d044960, 0x0000015e5c69c2a0, 0x0000015e5d0f52f0, 0x0000015e5d57e050,
0x0000015e5c9f8130, 0x0000015e5d6290e0, 0x0000015e5d62ab20, 0x0000015e5d629770,
0x0000015e5d6276a0, 0x0000015e5d62a490, 0x0000015e5d627d30, 0x0000015e5d6283c0,
0x0000015e5d628a50, 0x0000015e5f441240, 0x0000015e5f4425f0, 0x0000015e5f440520,
0x0000015e5f4418d0, 0x0000015e5f441f60, 0x0000015e5f43fe90, 0x0000015e5f43f170,
0x0000015e5f444d50, 0x0000015e5f4439a0, 0x0000015e5f4453e0, 0x0000015e5f446100,
0x0000015e5f446790, 0x0000015e5f443310, 0x0000015e61b2a060, 0x0000015e61b2b410,
0x0000015e61b2a6f0, 0x0000015e61b2d4e0, 0x0000015e61b2ad80, 0x0000015e61b2ce50,
0x0000015e61b2db70, 0x0000015e61b2e890, 0x0000015e61b2e200, 0x0000015e61b2c130,
0x0000015e61b2ef20, 0x0000015e61b2baa0, 0x0000015e61b30ff0, 0x0000015e61b30960,
0x0000015e61270260, 0x0000015e612708f0, 0x0000015e61270f80, 0x0000015e61272330,
0x0000015e61271ca0, 0x0000015e61271610, 0x0000015e612729c0, 0x0000015e61273050,
0x0000015e6126fbd0, 0x0000015e612736e0, 0x0000015e61274a90, 0x0000015e612771f0,
0x0000015e61273d70, 0x0000015e612757b0, 0x0000015e61275120, 0x0000015e61274400,
0x0000015e61276b60, 0x0000015e61b31680, 0x0000015e60f5b3d0, 0x0000015e60f5a020,
0x0000015e5b7f7970, 0x0000015e5b7fbb10, 0x0000015e621cab10, 0x0000015e67f3ab90,
0x0000015e67f37da0, 0x0000015e67f397e0, 0x0000015e67f3b8b0, 0x0000015e67f3a500,
0x0000015e67f38430, 0x0000015e67f3bf40, 0x0000015e67f38ac0, 0x0000015e67f3c5d0,
0x0000015e67f3cc60, 0x0000015e67f3d2f0, 0x0000015e67f39e70, 0x0000015e67f3f3c0,
0x0000015e67f3e010, 0x0000015e67f3e6a0, 0x0000015e67f3ed30, 0x0000015e67269e10,
0x0000015e5e35e810, 0x0000015e6726a4a0, 0x0000015e6726ab30, 0x0000015e6726b850,
0x0000015e67269780, 0x0000015e6726d920, 0x0000015e6726c570, 0x0000015e6726cc00,
0x0000015e6726d290, 0x0000015e6726dfb0, 0x0000015e6726e640, 0x0000015e6726b1c0,
0x0000015e67270080, 0x0000015e67270710, 0x0000015e6726f360, 0x0000015e6726f9f0,
0x0000015e621cb1e0
}

Java Threads: ( => current thread )
  0x0000015e3c4fab40 JavaThread "main"                              [_thread_blocked, id=9388, stack(0x000000104cf00000,0x000000104d000000) (1024K)]
  0x0000015e5b08c910 JavaThread "Common-Cleaner"             daemon [_thread_blocked, id=4256, stack(0x000000104d700000,0x000000104d800000) (1024K)]
  0x0000015e5b099c50 JavaThread "Reference Handler"          daemon [_thread_blocked, id=15456, stack(0x000000104d800000,0x000000104d900000) (1024K)]
  0x0000015e5b0ca540 JavaThread "Finalizer"                  daemon [_thread_blocked, id=14280, stack(0x000000104d900000,0x000000104da00000) (1024K)]
  0x0000015e5b0b8b00 JavaThread "Signal Dispatcher"          daemon [_thread_blocked, id=17348, stack(0x000000104da00000,0x000000104db00000) (1024K)]
  0x0000015e5b0b9170 JavaThread "Attach Listener"            daemon [_thread_blocked, id=11540, stack(0x000000104db00000,0x000000104dc00000) (1024K)]
  0x0000015e5b0aec90 JavaThread "Service Thread"             daemon [_thread_blocked, id=15272, stack(0x000000104dc00000,0x000000104dd00000) (1024K)]
  0x0000015e5b0afe90 JavaThread "Monitor Deflation Thread"   daemon [_thread_blocked, id=5404, stack(0x000000104dd00000,0x000000104de00000) (1024K)]
  0x0000015e5b0b08f0 JavaThread "C2 CompilerThread0"         daemon [_thread_blocked, id=5900, stack(0x000000104de00000,0x000000104df00000) (1024K)]
  0x0000015e5b0b3f50 JavaThread "C1 CompilerThread0"         daemon [_thread_blocked, id=4748, stack(0x000000104df00000,0x000000104e000000) (1024K)]
  0x0000015e5b2982a0 JavaThread "C1 CompilerThread1"         daemon [_thread_blocked, id=7868, stack(0x000000104e000000,0x000000104e100000) (1024K)]
  0x0000015e5b2d2940 JavaThread "C1 CompilerThread2"         daemon [_thread_blocked, id=11344, stack(0x000000104e100000,0x000000104e200000) (1024K)]
  0x0000015e5b4e5a10 JavaThread "Notification Thread"        daemon [_thread_blocked, id=2428, stack(0x000000104e300000,0x000000104e400000) (1024K)]
  0x0000015e5b6f7610 JavaThread "C1 CompilerThread3"         daemon [_thread_blocked, id=11052, stack(0x000000104e500000,0x000000104e600000) (1024K)]
  0x0000015e5c2bfea0 JavaThread "Daemon health stats"               [_thread_blocked, id=2884, stack(0x000000104ea00000,0x000000104eb00000) (1024K)]
  0x0000015e5cf32f70 JavaThread "Incoming local TCP Connector on port 19148"        [_thread_in_native, id=10924, stack(0x000000104eb00000,0x000000104ec00000) (1024K)]
  0x0000015e5d044960 JavaThread "Daemon periodic checks"            [_thread_blocked, id=16952, stack(0x000000104ec00000,0x000000104ed00000) (1024K)]
  0x0000015e5c69c2a0 JavaThread "Daemon"                            [_thread_blocked, id=6216, stack(0x000000104ed00000,0x000000104ee00000) (1024K)]
  0x0000015e5d0f52f0 JavaThread "Handler for socket connection from /127.0.0.1:19148 to /127.0.0.1:19149"        [_thread_in_native, id=5728, stack(0x000000104ee00000,0x000000104ef00000) (1024K)]
  0x0000015e5d57e050 JavaThread "Cancel handler"                    [_thread_blocked, id=3596, stack(0x000000104ef00000,0x000000104f000000) (1024K)]
  0x0000015e5c9f8130 JavaThread "Daemon worker"                     [_thread_blocked, id=13492, stack(0x000000104f000000,0x000000104f100000) (1024K)]
  0x0000015e5d6290e0 JavaThread "Asynchronous log dispatcher for DefaultDaemonConnection: socket connection from /127.0.0.1:19148 to /127.0.0.1:19149"        [_thread_blocked, id=14324, stack(0x000000104f100000,0x000000104f200000) (1024K)]
  0x0000015e5d62ab20 JavaThread "Stdin handler"                     [_thread_blocked, id=17228, stack(0x000000104f200000,0x000000104f300000) (1024K)]
  0x0000015e5d629770 JavaThread "Daemon client event forwarder"        [_thread_blocked, id=9084, stack(0x000000104f300000,0x000000104f400000) (1024K)]
  0x0000015e5d6276a0 JavaThread "Cache worker for journal cache (C:\Users\asus\.gradle\caches\journal-1)"        [_thread_blocked, id=16144, stack(0x000000104fe00000,0x000000104ff00000) (1024K)]
  0x0000015e5d62a490 JavaThread "File lock request listener"        [_thread_in_native, id=8264, stack(0x000000104ff00000,0x0000001050000000) (1024K)]
  0x0000015e5d627d30 JavaThread "Cache worker for file hash cache (C:\Users\asus\.gradle\caches\8.6\fileHashes)"        [_thread_blocked, id=14400, stack(0x0000001050000000,0x0000001050100000) (1024K)]
  0x0000015e5d6283c0 JavaThread "File watcher server"        daemon [_thread_blocked, id=16972, stack(0x0000001050100000,0x0000001050200000) (1024K)]
  0x0000015e5d628a50 JavaThread "File watcher consumer"      daemon [_thread_blocked, id=2872, stack(0x0000001050200000,0x0000001050300000) (1024K)]
  0x0000015e5f441240 JavaThread "Cache worker for checksums cache (E:\Amir_Gonde\Term_8\Mobile\MyProjects\melodify-music-app\.gradle\8.6\checksums)"        [_thread_blocked, id=4016, stack(0x0000001050300000,0x0000001050400000) (1024K)]
  0x0000015e5f4425f0 JavaThread "Cache worker for file hash cache (E:\Amir_Gonde\Term_8\Mobile\MyProjects\melodify-music-app\.gradle\8.6\fileHashes)"        [_thread_blocked, id=10188, stack(0x0000001050400000,0x0000001050500000) (1024K)]
  0x0000015e5f440520 JavaThread "Cache worker for cache directory md-supplier (C:\Users\asus\.gradle\caches\8.6\md-supplier)"        [_thread_blocked, id=7140, stack(0x0000001050500000,0x0000001050600000) (1024K)]
  0x0000015e5f4418d0 JavaThread "Cache worker for cache directory md-rule (C:\Users\asus\.gradle\caches\8.6\md-rule)"        [_thread_blocked, id=12732, stack(0x0000001050600000,0x0000001050700000) (1024K)]
  0x0000015e5f441f60 JavaThread "Cache worker for file content cache (C:\Users\asus\.gradle\caches\8.6\fileContent)"        [_thread_blocked, id=9468, stack(0x0000001050700000,0x0000001050800000) (1024K)]
  0x0000015e5f43fe90 JavaThread "jar transforms"                    [_thread_blocked, id=18304, stack(0x0000001050800000,0x0000001050900000) (1024K)]
  0x0000015e5f43f170 JavaThread "jar transforms Thread 2"           [_thread_blocked, id=1984, stack(0x0000001050900000,0x0000001050a00000) (1024K)]
  0x0000015e5f444d50 JavaThread "jar transforms Thread 3"           [_thread_blocked, id=2016, stack(0x0000001050b00000,0x0000001050c00000) (1024K)]
  0x0000015e5f4439a0 JavaThread "Unconstrained build operations"        [_thread_blocked, id=7700, stack(0x000000104e400000,0x000000104e500000) (1024K)]
  0x0000015e5f4453e0 JavaThread "Unconstrained build operations Thread 2"        [_thread_blocked, id=8572, stack(0x0000001050a00000,0x0000001050b00000) (1024K)]
  0x0000015e5f446100 JavaThread "Unconstrained build operations Thread 3"        [_thread_blocked, id=11140, stack(0x0000001050c00000,0x0000001050d00000) (1024K)]
  0x0000015e5f446790 JavaThread "Unconstrained build operations Thread 4"        [_thread_blocked, id=6388, stack(0x0000001050d00000,0x0000001050e00000) (1024K)]
  0x0000015e5f443310 JavaThread "Unconstrained build operations Thread 5"        [_thread_blocked, id=5356, stack(0x0000001050e00000,0x0000001050f00000) (1024K)]
  0x0000015e61b2a060 JavaThread "Unconstrained build operations Thread 6"        [_thread_blocked, id=7612, stack(0x0000001050f00000,0x0000001051000000) (1024K)]
  0x0000015e61b2b410 JavaThread "Unconstrained build operations Thread 7"        [_thread_blocked, id=17464, stack(0x0000001051000000,0x0000001051100000) (1024K)]
  0x0000015e61b2a6f0 JavaThread "Unconstrained build operations Thread 8"        [_thread_blocked, id=11752, stack(0x0000001051100000,0x0000001051200000) (1024K)]
  0x0000015e61b2d4e0 JavaThread "Unconstrained build operations Thread 9"        [_thread_blocked, id=3184, stack(0x0000001051200000,0x0000001051300000) (1024K)]
  0x0000015e61b2ad80 JavaThread "Unconstrained build operations Thread 10"        [_thread_blocked, id=13784, stack(0x0000001051300000,0x0000001051400000) (1024K)]
  0x0000015e61b2ce50 JavaThread "jar transforms Thread 4"           [_thread_blocked, id=3016, stack(0x0000001051400000,0x0000001051500000) (1024K)]
  0x0000015e61b2db70 JavaThread "jar transforms Thread 5"           [_thread_blocked, id=2104, stack(0x0000001051500000,0x0000001051600000) (1024K)]
  0x0000015e61b2e890 JavaThread "jar transforms Thread 6"           [_thread_blocked, id=7052, stack(0x0000001051600000,0x0000001051700000) (1024K)]
  0x0000015e61b2e200 JavaThread "jar transforms Thread 7"           [_thread_blocked, id=8648, stack(0x0000001051700000,0x0000001051800000) (1024K)]
  0x0000015e61b2c130 JavaThread "jar transforms Thread 8"           [_thread_blocked, id=13660, stack(0x0000001051800000,0x0000001051900000) (1024K)]
  0x0000015e61b2ef20 JavaThread "jar transforms Thread 9"           [_thread_blocked, id=13400, stack(0x0000001051900000,0x0000001051a00000) (1024K)]
  0x0000015e61b2baa0 JavaThread "Unconstrained build operations Thread 11"        [_thread_blocked, id=1840, stack(0x0000001051a00000,0x0000001051b00000) (1024K)]
  0x0000015e61b30ff0 JavaThread "jar transforms Thread 10"          [_thread_blocked, id=10764, stack(0x0000001051b00000,0x0000001051c00000) (1024K)]
  0x0000015e61b30960 JavaThread "jar transforms Thread 11"          [_thread_blocked, id=17008, stack(0x0000001051d00000,0x0000001051e00000) (1024K)]
  0x0000015e61270260 JavaThread "Cache worker for Build Output Cleanup Cache (E:\Amir_Gonde\Term_8\Mobile\MyProjects\melodify-music-app\.gradle\buildOutputCleanup)"        [_thread_blocked, id=3316, stack(0x0000001051e00000,0x0000001051f00000) (1024K)]
  0x0000015e612708f0 JavaThread "Unconstrained build operations Thread 12"        [_thread_blocked, id=13720, stack(0x0000001051f00000,0x0000001052000000) (1024K)]
  0x0000015e61270f80 JavaThread "Unconstrained build operations Thread 13"        [_thread_blocked, id=10920, stack(0x0000001052000000,0x0000001052100000) (1024K)]
  0x0000015e61272330 JavaThread "Unconstrained build operations Thread 14"        [_thread_blocked, id=6832, stack(0x0000001052100000,0x0000001052200000) (1024K)]
  0x0000015e61271ca0 JavaThread "Unconstrained build operations Thread 15"        [_thread_blocked, id=10420, stack(0x0000001052200000,0x0000001052300000) (1024K)]
  0x0000015e61271610 JavaThread "Unconstrained build operations Thread 16"        [_thread_blocked, id=15760, stack(0x0000001052300000,0x0000001052400000) (1024K)]
  0x0000015e612729c0 JavaThread "Unconstrained build operations Thread 17"        [_thread_blocked, id=8152, stack(0x0000001052400000,0x0000001052500000) (1024K)]
  0x0000015e61273050 JavaThread "Unconstrained build operations Thread 18"        [_thread_blocked, id=9852, stack(0x0000001052500000,0x0000001052600000) (1024K)]
  0x0000015e6126fbd0 JavaThread "Unconstrained build operations Thread 19"        [_thread_blocked, id=15432, stack(0x0000001052600000,0x0000001052700000) (1024K)]
  0x0000015e612736e0 JavaThread "Unconstrained build operations Thread 20"        [_thread_blocked, id=8176, stack(0x0000001052700000,0x0000001052800000) (1024K)]
  0x0000015e61274a90 JavaThread "Unconstrained build operations Thread 21"        [_thread_blocked, id=18308, stack(0x0000001052800000,0x0000001052900000) (1024K)]
  0x0000015e612771f0 JavaThread "Unconstrained build operations Thread 22"        [_thread_blocked, id=3992, stack(0x0000001052900000,0x0000001052a00000) (1024K)]
  0x0000015e61273d70 JavaThread "Unconstrained build operations Thread 23"        [_thread_blocked, id=15336, stack(0x0000001052a00000,0x0000001052b00000) (1024K)]
  0x0000015e612757b0 JavaThread "Unconstrained build operations Thread 24"        [_thread_blocked, id=16512, stack(0x0000001052b00000,0x0000001052c00000) (1024K)]
  0x0000015e61275120 JavaThread "Unconstrained build operations Thread 25"        [_thread_blocked, id=4948, stack(0x0000001052c00000,0x0000001052d00000) (1024K)]
  0x0000015e61274400 JavaThread "Unconstrained build operations Thread 26"        [_thread_blocked, id=11952, stack(0x0000001052d00000,0x0000001052e00000) (1024K)]
  0x0000015e61276b60 JavaThread "jar transforms Thread 12"          [_thread_blocked, id=15368, stack(0x0000001052f00000,0x0000001053000000) (1024K)]
  0x0000015e61b31680 JavaThread "jar transforms Thread 13"          [_thread_blocked, id=4356, stack(0x0000001053000000,0x0000001053100000) (1024K)]
  0x0000015e60f5b3d0 JavaThread "build event listener"              [_thread_blocked, id=4472, stack(0x0000001053100000,0x0000001053200000) (1024K)]
  0x0000015e60f5a020 JavaThread "Memory manager"                    [_thread_blocked, id=18424, stack(0x0000001052e00000,0x0000001052f00000) (1024K)]
  0x0000015e5b7f7970 JavaThread "build event listener"              [_thread_blocked, id=12296, stack(0x0000001053200000,0x0000001053300000) (1024K)]
  0x0000015e5b7fbb10 JavaThread "jar transforms Thread 14"          [_thread_blocked, id=14272, stack(0x0000001053300000,0x0000001053400000) (1024K)]
  0x0000015e621cab10 JavaThread "C2 CompilerThread1"         daemon [_thread_blocked, id=13624, stack(0x000000104e200000,0x000000104e300000) (1024K)]
  0x0000015e67f3ab90 JavaThread "included builds"                   [_thread_blocked, id=9752, stack(0x0000001053500000,0x0000001053600000) (1024K)]
  0x0000015e67f37da0 JavaThread "Execution worker"                  [_thread_blocked, id=17256, stack(0x0000001053600000,0x0000001053700000) (1024K)]
  0x0000015e67f397e0 JavaThread "Execution worker Thread 2"         [_thread_blocked, id=9936, stack(0x0000001053700000,0x0000001053800000) (1024K)]
  0x0000015e67f3b8b0 JavaThread "Execution worker Thread 3"         [_thread_blocked, id=5212, stack(0x0000001053800000,0x0000001053900000) (1024K)]
  0x0000015e67f3a500 JavaThread "Execution worker Thread 4"         [_thread_blocked, id=2792, stack(0x0000001053900000,0x0000001053a00000) (1024K)]
  0x0000015e67f38430 JavaThread "Execution worker Thread 5"         [_thread_blocked, id=13604, stack(0x0000001053a00000,0x0000001053b00000) (1024K)]
  0x0000015e67f3bf40 JavaThread "Execution worker Thread 6"         [_thread_blocked, id=6504, stack(0x0000001053b00000,0x0000001053c00000) (1024K)]
  0x0000015e67f38ac0 JavaThread "Execution worker Thread 7"         [_thread_blocked, id=10532, stack(0x0000001053c00000,0x0000001053d00000) (1024K)]
  0x0000015e67f3c5d0 JavaThread "Execution worker Thread 8"         [_thread_blocked, id=11380, stack(0x0000001053d00000,0x0000001053e00000) (1024K)]
  0x0000015e67f3cc60 JavaThread "Execution worker Thread 9"         [_thread_blocked, id=17352, stack(0x0000001053e00000,0x0000001053f00000) (1024K)]
  0x0000015e67f3d2f0 JavaThread "Execution worker Thread 10"        [_thread_blocked, id=4800, stack(0x0000001053f00000,0x0000001054000000) (1024K)]
  0x0000015e67f39e70 JavaThread "Execution worker Thread 11"        [_thread_blocked, id=13500, stack(0x0000001054000000,0x0000001054100000) (1024K)]
  0x0000015e67f3f3c0 JavaThread "Execution worker Thread 12"        [_thread_blocked, id=7088, stack(0x0000001054100000,0x0000001054200000) (1024K)]
  0x0000015e67f3e010 JavaThread "Execution worker Thread 13"        [_thread_blocked, id=16140, stack(0x0000001054200000,0x0000001054300000) (1024K)]
  0x0000015e67f3e6a0 JavaThread "Execution worker Thread 14"        [_thread_blocked, id=17160, stack(0x0000001054300000,0x0000001054400000) (1024K)]
  0x0000015e67f3ed30 JavaThread "Execution worker Thread 15"        [_thread_blocked, id=8080, stack(0x0000001054400000,0x0000001054500000) (1024K)]
  0x0000015e67269e10 JavaThread "Cache worker for execution history cache (E:\Amir_Gonde\Term_8\Mobile\MyProjects\melodify-music-app\.gradle\8.6\executionHistory)"        [_thread_blocked, id=8292, stack(0x0000001054500000,0x0000001054600000) (1024K)]
  0x0000015e5e35e810 JavaThread "C2 CompilerThread2"         daemon [_thread_blocked, id=9804, stack(0x0000001051c00000,0x0000001051d00000) (1024K)]
  0x0000015e6726a4a0 JavaThread "Unconstrained build operations Thread 27"        [_thread_blocked, id=3200, stack(0x0000001053400000,0x0000001053500000) (1024K)]
  0x0000015e6726ab30 JavaThread "Unconstrained build operations Thread 28"        [_thread_blocked, id=17892, stack(0x0000001054600000,0x0000001054700000) (1024K)]
  0x0000015e6726b850 JavaThread "Unconstrained build operations Thread 29"        [_thread_blocked, id=16964, stack(0x0000001054700000,0x0000001054800000) (1024K)]
  0x0000015e67269780 JavaThread "Unconstrained build operations Thread 30"        [_thread_blocked, id=16148, stack(0x0000001054800000,0x0000001054900000) (1024K)]
  0x0000015e6726d920 JavaThread "Unconstrained build operations Thread 31"        [_thread_blocked, id=12024, stack(0x0000001054900000,0x0000001054a00000) (1024K)]
  0x0000015e6726c570 JavaThread "Unconstrained build operations Thread 32"        [_thread_blocked, id=8884, stack(0x0000001054a00000,0x0000001054b00000) (1024K)]
  0x0000015e6726cc00 JavaThread "Unconstrained build operations Thread 33"        [_thread_blocked, id=5568, stack(0x0000001054b00000,0x0000001054c00000) (1024K)]
  0x0000015e6726d290 JavaThread "Unconstrained build operations Thread 34"        [_thread_blocked, id=17012, stack(0x0000001054c00000,0x0000001054d00000) (1024K)]
  0x0000015e6726dfb0 JavaThread "Unconstrained build operations Thread 35"        [_thread_blocked, id=7380, stack(0x0000001054d00000,0x0000001054e00000) (1024K)]
  0x0000015e6726e640 JavaThread "Unconstrained build operations Thread 36"        [_thread_blocked, id=3592, stack(0x0000001054e00000,0x0000001054f00000) (1024K)]
  0x0000015e6726b1c0 JavaThread "Unconstrained build operations Thread 37"        [_thread_blocked, id=9040, stack(0x0000001054f00000,0x0000001055000000) (1024K)]
  0x0000015e67270080 JavaThread "Unconstrained build operations Thread 38"        [_thread_blocked, id=17400, stack(0x0000001055000000,0x0000001055100000) (1024K)]
  0x0000015e67270710 JavaThread "Unconstrained build operations Thread 39"        [_thread_blocked, id=4480, stack(0x0000001055100000,0x0000001055200000) (1024K)]
  0x0000015e6726f360 JavaThread "Unconstrained build operations Thread 40"        [_thread_blocked, id=9528, stack(0x0000001055200000,0x0000001055300000) (1024K)]
  0x0000015e6726f9f0 JavaThread "Unconstrained build operations Thread 41"        [_thread_blocked, id=6936, stack(0x0000001055300000,0x0000001055400000) (1024K)]
  0x0000015e621cb1e0 JavaThread "C2 CompilerThread3"         daemon [_thread_blocked, id=18324, stack(0x0000001055400000,0x0000001055500000) (1024K)]
Total: 113

Other Threads:
=>0x0000015e56aeec20 VMThread "VM Thread"                           [id=14224, stack(0x000000104d600000,0x000000104d700000) (1024K)]
  0x0000015e56a94be0 WatcherThread "VM Periodic Task Thread"        [id=17808, stack(0x000000104d500000,0x000000104d600000) (1024K)]
  0x0000015e3cb45a20 WorkerThread "GC Thread#0"                     [id=8544, stack(0x000000104d000000,0x000000104d100000) (1024K)]
  0x0000015e5b67f3e0 WorkerThread "GC Thread#1"                     [id=9540, stack(0x000000104e600000,0x000000104e700000) (1024K)]
  0x0000015e5bed7090 WorkerThread "GC Thread#2"                     [id=2288, stack(0x000000104e700000,0x000000104e800000) (1024K)]
  0x0000015e5bc45110 WorkerThread "GC Thread#3"                     [id=2400, stack(0x000000104e800000,0x000000104e900000) (1024K)]
  0x0000015e5c3fb380 WorkerThread "GC Thread#4"                     [id=17700, stack(0x000000104e900000,0x000000104ea00000) (1024K)]
  0x0000015e5ce82230 WorkerThread "GC Thread#5"                     [id=17836, stack(0x000000104f400000,0x000000104f500000) (1024K)]
  0x0000015e5c528460 WorkerThread "GC Thread#6"                     [id=2844, stack(0x000000104f500000,0x000000104f600000) (1024K)]
  0x0000015e5d06f190 WorkerThread "GC Thread#7"                     [id=6024, stack(0x000000104f600000,0x000000104f700000) (1024K)]
  0x0000015e5d06df70 WorkerThread "GC Thread#8"                     [id=15240, stack(0x000000104f700000,0x000000104f800000) (1024K)]
  0x0000015e5d06e6b0 WorkerThread "GC Thread#9"                     [id=13032, stack(0x000000104f800000,0x000000104f900000) (1024K)]
  0x0000015e5d06ea50 WorkerThread "GC Thread#10"                    [id=6652, stack(0x000000104f900000,0x000000104fa00000) (1024K)]
  0x0000015e5d06edf0 WorkerThread "GC Thread#11"                    [id=4332, stack(0x000000104fa00000,0x000000104fb00000) (1024K)]
  0x0000015e5d06e310 WorkerThread "GC Thread#12"                    [id=11964, stack(0x000000104fb00000,0x000000104fc00000) (1024K)]
  0x0000015e3cb56910 ConcurrentGCThread "G1 Main Marker"            [id=14688, stack(0x000000104d100000,0x000000104d200000) (1024K)]
  0x0000015e3cb57320 WorkerThread "G1 Conc#0"                       [id=9416, stack(0x000000104d200000,0x000000104d300000) (1024K)]
  0x0000015e5d06d830 WorkerThread "G1 Conc#1"                       [id=7108, stack(0x000000104fc00000,0x000000104fd00000) (1024K)]
  0x0000015e5d06dbd0 WorkerThread "G1 Conc#2"                       [id=476, stack(0x000000104fd00000,0x000000104fe00000) (1024K)]
  0x0000015e5695dcc0 ConcurrentGCThread "G1 Refine#0"               [id=9828, stack(0x000000104d300000,0x000000104d400000) (1024K)]
  0x0000015e5695f200 ConcurrentGCThread "G1 Service"                [id=4952, stack(0x000000104d400000,0x000000104d500000) (1024K)]
Total: 21

Threads with active compile tasks:
C2 CompilerThread0  16239 13864       4       com.google.common.cache.LocalCache$Segment::expireEntries (113 bytes)
C1 CompilerThread0  16239 13875       3       org.gradle.internal.snapshot.impl.DirectorySnapshotter$PathVisitor::<init> (101 bytes)
C1 CompilerThread1  16239 13880   !   3       org.gradle.internal.snapshot.impl.DirectorySnapshotter::snapshot (118 bytes)
C2 CompilerThread1  16240 13859       4       java.util.function.Predicate$$Lambda/0x00000001002695f8::test (15 bytes)
C2 CompilerThread2  16240 13862   !   4       com.google.common.cache.LocalCache$Segment::runLockedCleanup (39 bytes)
C2 CompilerThread3  16240 13863   !   4       com.google.common.cache.LocalCache::processPendingNotifications (47 bytes)
Total: 6

VM state: at safepoint (normal execution)

VM Mutex/Monitor currently owned by a thread:  ([mutex/lock_event])
[0x00007ffc880e8690] Threads_lock - owner thread: 0x0000015e56aeec20
[0x00007ffc880e8790] Heap_lock - owner thread: 0x0000015e3cb56910

Heap address: 0x0000000080000000, size: 2048 MB, Compressed Oops mode: 32-bit

CDS archive(s) not mapped
Compressed class space mapped at: 0x0000000100000000-0x0000000140000000, reserved size: 1073741824
Narrow klass base: 0x0000000000000000, Narrow klass shift: 3, Narrow klass range: 0x140000000

GC Precious Log:
 CardTable entry size: 512
 Card Set container configuration: InlinePtr #cards 5 size 8 Array Of Cards #cards 12 size 40 Howl #buckets 4 coarsen threshold 1843 Howl Bitmap #cards 512 size 80 coarsen threshold 460 Card regions per heap region 1 cards per card region 2048
 CPUs: 16 total, 16 available
 Memory: 7882M
 Large Page Support: Disabled
 NUMA Support: Disabled
 Compressed Oops: Enabled (32-bit)
 Heap Region Size: 1M
 Heap Min Capacity: 8M
 Heap Initial Capacity: 124M
 Heap Max Capacity: 2G
 Pre-touch: Disabled
 Parallel Workers: 13
 Concurrent Workers: 3
 Concurrent Refinement Workers: 13
 Periodic GC: Disabled

Heap:
 garbage-first heap   total 193536K, used 148338K [0x0000000080000000, 0x0000000100000000)
  region size 1024K, 27 young (27648K), 8 survivors (8192K)
 Metaspace       used 111082K, committed 113216K, reserved 1179648K
  class space    used 15703K, committed 16704K, reserved 1048576K

Heap Regions: E=young(eden), S=young(survivor), O=old, HS=humongous(starts), HC=humongous(continues), CS=collection set, F=free, TAMS=top-at-mark-start, PB=parsable bottom
|   0|0x0000000080000000, 0x0000000080100000, 0x0000000080100000|100%| O|  |TAMS 0x0000000080100000| PB 0x0000000080100000| Untracked 
|   1|0x0000000080100000, 0x0000000080200000, 0x0000000080200000|100%|HS|  |TAMS 0x0000000080200000| PB 0x0000000080100000| Complete 
|   2|0x0000000080200000, 0x0000000080300000, 0x0000000080300000|100%|HC|  |TAMS 0x0000000080300000| PB 0x0000000080200000| Complete 
|   3|0x0000000080300000, 0x0000000080400000, 0x0000000080400000|100%|HC|  |TAMS 0x0000000080400000| PB 0x0000000080300000| Complete 
|   4|0x0000000080400000, 0x0000000080500000, 0x0000000080500000|100%|HC|  |TAMS 0x0000000080500000| PB 0x0000000080400000| Complete 
|   5|0x0000000080500000, 0x0000000080600000, 0x0000000080600000|100%| O|  |TAMS 0x0000000080600000| PB 0x0000000080600000| Untracked 
|   6|0x0000000080600000, 0x0000000080700000, 0x0000000080700000|100%| O|  |TAMS 0x0000000080700000| PB 0x0000000080700000| Untracked 
|   7|0x0000000080700000, 0x0000000080800000, 0x0000000080800000|100%| O|  |TAMS 0x0000000080800000| PB 0x0000000080800000| Updating 
|   8|0x0000000080800000, 0x0000000080900000, 0x0000000080900000|100%| O|  |TAMS 0x0000000080900000| PB 0x0000000080900000| Untracked 
|   9|0x0000000080900000, 0x0000000080a00000, 0x0000000080a00000|100%| O|  |TAMS 0x0000000080a00000| PB 0x0000000080a00000| Untracked 
|  10|0x0000000080a00000, 0x0000000080b00000, 0x0000000080b00000|100%| O|  |TAMS 0x0000000080b00000| PB 0x0000000080b00000| Untracked 
|  11|0x0000000080b00000, 0x0000000080c00000, 0x0000000080c00000|100%| O|  |TAMS 0x0000000080c00000| PB 0x0000000080c00000| Untracked 
|  12|0x0000000080c00000, 0x0000000080d00000, 0x0000000080d00000|100%| O|  |TAMS 0x0000000080d00000| PB 0x0000000080d00000| Untracked 
|  13|0x0000000080d00000, 0x0000000080e00000, 0x0000000080e00000|100%| O|  |TAMS 0x0000000080e00000| PB 0x0000000080e00000| Untracked 
|  14|0x0000000080e00000, 0x0000000080f00000, 0x0000000080f00000|100%| O|  |TAMS 0x0000000080f00000| PB 0x0000000080f00000| Updating 
|  15|0x0000000080f00000, 0x0000000081000000, 0x0000000081000000|100%| O|  |TAMS 0x0000000081000000| PB 0x0000000081000000| Updating 
|  16|0x0000000081000000, 0x0000000081100000, 0x0000000081100000|100%|HS|  |TAMS 0x0000000081100000| PB 0x0000000081000000| Complete 
|  17|0x0000000081100000, 0x0000000081200000, 0x0000000081200000|100%|HC|  |TAMS 0x0000000081200000| PB 0x0000000081100000| Complete 
|  18|0x0000000081200000, 0x0000000081300000, 0x0000000081300000|100%| O|  |TAMS 0x0000000081300000| PB 0x0000000081300000| Untracked 
|  19|0x0000000081300000, 0x0000000081400000, 0x0000000081400000|100%| O|  |TAMS 0x0000000081400000| PB 0x0000000081400000| Untracked 
|  20|0x0000000081400000, 0x0000000081500000, 0x0000000081500000|100%| O|  |TAMS 0x0000000081500000| PB 0x0000000081500000| Untracked 
|  21|0x0000000081500000, 0x0000000081600000, 0x0000000081600000|100%| O|  |TAMS 0x0000000081600000| PB 0x0000000081600000| Untracked 
|  22|0x0000000081600000, 0x0000000081700000, 0x0000000081700000|100%| O|  |TAMS 0x0000000081700000| PB 0x0000000081700000| Updating 
|  23|0x0000000081700000, 0x0000000081800000, 0x0000000081800000|100%| O|  |TAMS 0x0000000081800000| PB 0x0000000081800000| Untracked 
|  24|0x0000000081800000, 0x0000000081900000, 0x0000000081900000|100%| O|  |TAMS 0x0000000081900000| PB 0x0000000081900000| Untracked 
|  25|0x0000000081900000, 0x0000000081a00000, 0x0000000081a00000|100%|HS|  |TAMS 0x0000000081a00000| PB 0x0000000081900000| Complete 
|  26|0x0000000081a00000, 0x0000000081b00000, 0x0000000081b00000|100%|HS|  |TAMS 0x0000000081b00000| PB 0x0000000081a00000| Complete 
|  27|0x0000000081b00000, 0x0000000081c00000, 0x0000000081c00000|100%| O|  |TAMS 0x0000000081c00000| PB 0x0000000081c00000| Untracked 
|  28|0x0000000081c00000, 0x0000000081d00000, 0x0000000081d00000|100%| O|  |TAMS 0x0000000081d00000| PB 0x0000000081d00000| Untracked 
|  29|0x0000000081d00000, 0x0000000081e00000, 0x0000000081e00000|100%| O|  |TAMS 0x0000000081e00000| PB 0x0000000081e00000| Untracked 
|  30|0x0000000081e00000, 0x0000000081f00000, 0x0000000081f00000|100%| O|  |TAMS 0x0000000081f00000| PB 0x0000000081f00000| Untracked 
|  31|0x0000000081f00000, 0x0000000082000000, 0x0000000082000000|100%| O|  |TAMS 0x0000000082000000| PB 0x0000000082000000| Untracked 
|  32|0x0000000082000000, 0x0000000082100000, 0x0000000082100000|100%| O|  |TAMS 0x0000000082100000| PB 0x0000000082100000| Untracked 
|  33|0x0000000082100000, 0x0000000082200000, 0x0000000082200000|100%| O|  |TAMS 0x0000000082200000| PB 0x0000000082200000| Untracked 
|  34|0x0000000082200000, 0x0000000082300000, 0x0000000082300000|100%| O|  |TAMS 0x0000000082300000| PB 0x0000000082300000| Untracked 
|  35|0x0000000082300000, 0x0000000082400000, 0x0000000082400000|100%| O|  |TAMS 0x0000000082400000| PB 0x0000000082400000| Untracked 
|  36|0x0000000082400000, 0x0000000082500000, 0x0000000082500000|100%| O|  |TAMS 0x0000000082500000| PB 0x0000000082500000| Untracked 
|  37|0x0000000082500000, 0x0000000082600000, 0x0000000082600000|100%| O|  |TAMS 0x0000000082600000| PB 0x0000000082600000| Untracked 
|  38|0x0000000082600000, 0x0000000082700000, 0x0000000082700000|100%| O|  |TAMS 0x0000000082700000| PB 0x0000000082700000| Untracked 
|  39|0x0000000082700000, 0x0000000082800000, 0x0000000082800000|100%|HS|  |TAMS 0x0000000082800000| PB 0x0000000082700000| Complete 
|  40|0x0000000082800000, 0x0000000082900000, 0x0000000082900000|100%|HC|  |TAMS 0x0000000082900000| PB 0x0000000082800000| Complete 
|  41|0x0000000082900000, 0x0000000082a00000, 0x0000000082a00000|100%|HS|  |TAMS 0x0000000082a00000| PB 0x0000000082900000| Complete 
|  42|0x0000000082a00000, 0x0000000082b00000, 0x0000000082b00000|100%|HS|  |TAMS 0x0000000082b00000| PB 0x0000000082a00000| Complete 
|  43|0x0000000082b00000, 0x0000000082c00000, 0x0000000082c00000|100%| O|  |TAMS 0x0000000082c00000| PB 0x0000000082c00000| Updating 
|  44|0x0000000082c00000, 0x0000000082d00000, 0x0000000082d00000|100%| O|  |TAMS 0x0000000082d00000| PB 0x0000000082d00000| Untracked 
|  45|0x0000000082d00000, 0x0000000082e00000, 0x0000000082e00000|100%| O|  |TAMS 0x0000000082e00000| PB 0x0000000082e00000| Updating 
|  46|0x0000000082e00000, 0x0000000082f00000, 0x0000000082f00000|100%| O|  |TAMS 0x0000000082f00000| PB 0x0000000082f00000| Untracked 
|  47|0x0000000082f00000, 0x0000000083000000, 0x0000000083000000|100%| O|  |TAMS 0x0000000083000000| PB 0x0000000083000000| Untracked 
|  48|0x0000000083000000, 0x0000000083100000, 0x0000000083100000|100%| O|  |TAMS 0x0000000083100000| PB 0x0000000083100000| Untracked 
|  49|0x0000000083100000, 0x0000000083200000, 0x0000000083200000|100%| O|  |TAMS 0x0000000083200000| PB 0x0000000083200000| Updating 
|  50|0x0000000083200000, 0x0000000083300000, 0x0000000083300000|100%|HS|  |TAMS 0x0000000083300000| PB 0x0000000083200000| Complete 
|  51|0x0000000083300000, 0x0000000083400000, 0x0000000083400000|100%|HC|  |TAMS 0x0000000083400000| PB 0x0000000083300000| Complete 
|  52|0x0000000083400000, 0x0000000083500000, 0x0000000083500000|100%|HC|  |TAMS 0x0000000083500000| PB 0x0000000083400000| Complete 
|  53|0x0000000083500000, 0x0000000083600000, 0x0000000083600000|100%|HC|  |TAMS 0x0000000083600000| PB 0x0000000083500000| Complete 
|  54|0x0000000083600000, 0x0000000083700000, 0x0000000083700000|100%|HS|  |TAMS 0x0000000083700000| PB 0x0000000083600000| Complete 
|  55|0x0000000083700000, 0x0000000083800000, 0x0000000083800000|100%| O|  |TAMS 0x0000000083800000| PB 0x0000000083800000| Untracked 
|  56|0x0000000083800000, 0x0000000083900000, 0x0000000083900000|100%|HS|  |TAMS 0x0000000083900000| PB 0x0000000083800000| Complete 
|  57|0x0000000083900000, 0x0000000083a00000, 0x0000000083a00000|100%|HC|  |TAMS 0x0000000083a00000| PB 0x0000000083900000| Complete 
|  58|0x0000000083a00000, 0x0000000083b00000, 0x0000000083b00000|100%|HS|  |TAMS 0x0000000083b00000| PB 0x0000000083a00000| Complete 
|  59|0x0000000083b00000, 0x0000000083c00000, 0x0000000083c00000|100%| O|  |TAMS 0x0000000083c00000| PB 0x0000000083c00000| Untracked 
|  60|0x0000000083c00000, 0x0000000083d00000, 0x0000000083d00000|100%| O|  |TAMS 0x0000000083d00000| PB 0x0000000083d00000| Updating 
|  61|0x0000000083d00000, 0x0000000083e00000, 0x0000000083e00000|100%| O|  |TAMS 0x0000000083e00000| PB 0x0000000083e00000| Updating 
|  62|0x0000000083e00000, 0x0000000083f00000, 0x0000000083f00000|100%| O|  |TAMS 0x0000000083f00000| PB 0x0000000083f00000| Untracked 
|  63|0x0000000083f00000, 0x0000000084000000, 0x0000000084000000|100%| O|  |TAMS 0x0000000084000000| PB 0x0000000084000000| Untracked 
|  64|0x0000000084000000, 0x0000000084100000, 0x0000000084100000|100%|HS|  |TAMS 0x0000000084100000| PB 0x0000000084000000| Complete 
|  65|0x0000000084100000, 0x0000000084200000, 0x0000000084200000|100%| O|  |TAMS 0x0000000084200000| PB 0x0000000084200000| Untracked 
|  66|0x0000000084200000, 0x0000000084300000, 0x0000000084300000|100%| O|  |TAMS 0x0000000084300000| PB 0x0000000084300000| Untracked 
|  67|0x0000000084300000, 0x0000000084400000, 0x0000000084400000|100%|HS|  |TAMS 0x0000000084400000| PB 0x0000000084300000| Complete 
|  68|0x0000000084400000, 0x0000000084500000, 0x0000000084500000|100%|HC|  |TAMS 0x0000000084500000| PB 0x0000000084400000| Complete 
|  69|0x0000000084500000, 0x0000000084600000, 0x0000000084600000|100%|HC|  |TAMS 0x0000000084600000| PB 0x0000000084500000| Complete 
|  70|0x0000000084600000, 0x0000000084700000, 0x0000000084700000|100%|HC|  |TAMS 0x0000000084700000| PB 0x0000000084600000| Complete 
|  71|0x0000000084700000, 0x0000000084800000, 0x0000000084800000|100%| O|  |TAMS 0x0000000084800000| PB 0x0000000084800000| Untracked 
|  72|0x0000000084800000, 0x0000000084900000, 0x0000000084900000|100%| O|  |TAMS 0x0000000084900000| PB 0x0000000084900000| Untracked 
|  73|0x0000000084900000, 0x0000000084a00000, 0x0000000084a00000|100%| O|  |TAMS 0x0000000084a00000| PB 0x0000000084a00000| Updating 
|  74|0x0000000084a00000, 0x0000000084b00000, 0x0000000084b00000|100%| O|  |TAMS 0x0000000084b00000| PB 0x0000000084b00000| Untracked 
|  75|0x0000000084b00000, 0x0000000084c00000, 0x0000000084c00000|100%| O|  |TAMS 0x0000000084c00000| PB 0x0000000084c00000| Untracked 
|  76|0x0000000084c00000, 0x0000000084d00000, 0x0000000084d00000|100%| O|  |TAMS 0x0000000084d00000| PB 0x0000000084d00000| Untracked 
|  77|0x0000000084d00000, 0x0000000084e00000, 0x0000000084e00000|100%| O|  |TAMS 0x0000000084e00000| PB 0x0000000084e00000| Untracked 
|  78|0x0000000084e00000, 0x0000000084f00000, 0x0000000084f00000|100%| O|  |TAMS 0x0000000084f00000| PB 0x0000000084f00000| Untracked 
|  79|0x0000000084f00000, 0x0000000085000000, 0x0000000085000000|100%| O|  |TAMS 0x0000000085000000| PB 0x0000000085000000| Untracked 
|  80|0x0000000085000000, 0x0000000085100000, 0x0000000085100000|100%| O|  |TAMS 0x0000000085000000| PB 0x0000000085000000| Untracked 
|  81|0x0000000085100000, 0x0000000085200000, 0x0000000085200000|100%| O|  |TAMS 0x0000000085200000| PB 0x0000000085200000| Updating 
|  82|0x0000000085200000, 0x0000000085300000, 0x0000000085300000|100%| O|  |TAMS 0x0000000085300000| PB 0x0000000085300000| Untracked 
|  83|0x0000000085300000, 0x0000000085400000, 0x0000000085400000|100%| O|  |TAMS 0x0000000085400000| PB 0x0000000085400000| Untracked 
|  84|0x0000000085400000, 0x0000000085500000, 0x0000000085500000|100%| O|  |TAMS 0x0000000085500000| PB 0x0000000085500000| Untracked 
|  85|0x0000000085500000, 0x0000000085600000, 0x0000000085600000|100%| O|  |TAMS 0x0000000085600000| PB 0x0000000085600000| Untracked 
|  86|0x0000000085600000, 0x0000000085700000, 0x0000000085700000|100%| O|  |TAMS 0x0000000085700000| PB 0x0000000085700000| Untracked 
|  87|0x0000000085700000, 0x0000000085800000, 0x0000000085800000|100%| O|  |TAMS 0x0000000085700000| PB 0x0000000085700000| Untracked 
|  88|0x0000000085800000, 0x0000000085900000, 0x0000000085900000|100%| O|  |TAMS 0x0000000085900000| PB 0x0000000085900000| Untracked 
|  89|0x0000000085900000, 0x0000000085a00000, 0x0000000085a00000|100%| O|  |TAMS 0x0000000085a00000| PB 0x0000000085a00000| Untracked 
|  90|0x0000000085a00000, 0x0000000085b00000, 0x0000000085b00000|100%| O|  |TAMS 0x0000000085b00000| PB 0x0000000085b00000| Updating 
|  91|0x0000000085b00000, 0x0000000085c00000, 0x0000000085c00000|100%| O|  |TAMS 0x0000000085b00000| PB 0x0000000085b00000| Untracked 
|  92|0x0000000085c00000, 0x0000000085d00000, 0x0000000085d00000|100%| O|  |TAMS 0x0000000085d00000| PB 0x0000000085d00000| Untracked 
|  93|0x0000000085d00000, 0x0000000085e00000, 0x0000000085e00000|100%| O|  |TAMS 0x0000000085e00000| PB 0x0000000085e00000| Untracked 
|  94|0x0000000085e00000, 0x0000000085f00000, 0x0000000085f00000|100%| O|  |TAMS 0x0000000085f00000| PB 0x0000000085f00000| Untracked 
|  95|0x0000000085f00000, 0x0000000085f00000, 0x0000000086000000|  0%| F|  |TAMS 0x0000000085f00000| PB 0x0000000085f00000| Untracked 
|  96|0x0000000086000000, 0x0000000086000000, 0x0000000086100000|  0%| F|  |TAMS 0x0000000086000000| PB 0x0000000086000000| Untracked 
|  97|0x0000000086100000, 0x0000000086100000, 0x0000000086200000|  0%| F|  |TAMS 0x0000000086100000| PB 0x0000000086100000| Untracked 
|  98|0x0000000086200000, 0x0000000086300000, 0x0000000086300000|100%| O|  |TAMS 0x0000000086200000| PB 0x0000000086200000| Untracked 
|  99|0x0000000086300000, 0x0000000086400000, 0x0000000086400000|100%| O|  |TAMS 0x0000000086300000| PB 0x0000000086300000| Untracked 
| 100|0x0000000086400000, 0x0000000086500000, 0x0000000086500000|100%| O|  |TAMS 0x0000000086400000| PB 0x0000000086400000| Untracked 
| 101|0x0000000086500000, 0x0000000086600000, 0x0000000086600000|100%| O|  |TAMS 0x0000000086500000| PB 0x0000000086500000| Untracked 
| 102|0x0000000086600000, 0x0000000086700000, 0x0000000086700000|100%| O|  |TAMS 0x0000000086600000| PB 0x0000000086600000| Untracked 
| 103|0x0000000086700000, 0x0000000086800000, 0x0000000086800000|100%| S|CS|TAMS 0x0000000086700000| PB 0x0000000086700000| Complete 
| 104|0x0000000086800000, 0x0000000086900000, 0x0000000086900000|100%| S|CS|TAMS 0x0000000086800000| PB 0x0000000086800000| Complete 
| 105|0x0000000086900000, 0x0000000086900000, 0x0000000086a00000|  0%| F|  |TAMS 0x0000000086900000| PB 0x0000000086900000| Untracked 
| 106|0x0000000086a00000, 0x0000000086a00000, 0x0000000086b00000|  0%| F|  |TAMS 0x0000000086a00000| PB 0x0000000086a00000| Untracked 
| 107|0x0000000086b00000, 0x0000000086b00000, 0x0000000086c00000|  0%| F|  |TAMS 0x0000000086b00000| PB 0x0000000086b00000| Untracked 
| 108|0x0000000086c00000, 0x0000000086c00000, 0x0000000086d00000|  0%| F|  |TAMS 0x0000000086c00000| PB 0x0000000086c00000| Untracked 
| 109|0x0000000086d00000, 0x0000000086d00000, 0x0000000086e00000|  0%| F|  |TAMS 0x0000000086d00000| PB 0x0000000086d00000| Untracked 
| 110|0x0000000086e00000, 0x0000000086f00000, 0x0000000086f00000|100%| S|CS|TAMS 0x0000000086e00000| PB 0x0000000086e00000| Complete 
| 111|0x0000000086f00000, 0x0000000087000000, 0x0000000087000000|100%| S|CS|TAMS 0x0000000086f00000| PB 0x0000000086f00000| Complete 
| 112|0x0000000087000000, 0x0000000087100000, 0x0000000087100000|100%| S|CS|TAMS 0x0000000087000000| PB 0x0000000087000000| Complete 
| 113|0x0000000087100000, 0x0000000087200000, 0x0000000087200000|100%| S|CS|TAMS 0x0000000087100000| PB 0x0000000087100000| Complete 
| 114|0x0000000087200000, 0x0000000087300000, 0x0000000087300000|100%| S|CS|TAMS 0x0000000087200000| PB 0x0000000087200000| Complete 
| 115|0x0000000087300000, 0x0000000087300000, 0x0000000087400000|  0%| F|  |TAMS 0x0000000087300000| PB 0x0000000087300000| Untracked 
| 116|0x0000000087400000, 0x0000000087400000, 0x0000000087500000|  0%| F|  |TAMS 0x0000000087400000| PB 0x0000000087400000| Untracked 
| 117|0x0000000087500000, 0x0000000087500000, 0x0000000087600000|  0%| F|  |TAMS 0x0000000087500000| PB 0x0000000087500000| Untracked 
| 118|0x0000000087600000, 0x0000000087600000, 0x0000000087700000|  0%| F|  |TAMS 0x0000000087600000| PB 0x0000000087600000| Untracked 
| 119|0x0000000087700000, 0x0000000087700000, 0x0000000087800000|  0%| F|  |TAMS 0x0000000087700000| PB 0x0000000087700000| Untracked 
| 120|0x0000000087800000, 0x0000000087800000, 0x0000000087900000|  0%| F|  |TAMS 0x0000000087800000| PB 0x0000000087800000| Untracked 
| 121|0x0000000087900000, 0x0000000087900000, 0x0000000087a00000|  0%| F|  |TAMS 0x0000000087900000| PB 0x0000000087900000| Untracked 
| 122|0x0000000087a00000, 0x0000000087a00000, 0x0000000087b00000|  0%| F|  |TAMS 0x0000000087a00000| PB 0x0000000087a00000| Untracked 
| 123|0x0000000087b00000, 0x0000000087b00000, 0x0000000087c00000|  0%| F|  |TAMS 0x0000000087b00000| PB 0x0000000087b00000| Untracked 
| 124|0x0000000087c00000, 0x0000000087c00000, 0x0000000087d00000|  0%| F|  |TAMS 0x0000000087c00000| PB 0x0000000087c00000| Untracked 
| 125|0x0000000087d00000, 0x0000000087d00000, 0x0000000087e00000|  0%| F|  |TAMS 0x0000000087d00000| PB 0x0000000087d00000| Untracked 
| 126|0x0000000087e00000, 0x0000000087e00000, 0x0000000087f00000|  0%| F|  |TAMS 0x0000000087e00000| PB 0x0000000087e00000| Untracked 
| 127|0x0000000087f00000, 0x0000000087f00000, 0x0000000088000000|  0%| F|  |TAMS 0x0000000087f00000| PB 0x0000000087f00000| Untracked 
| 128|0x0000000088000000, 0x0000000088000000, 0x0000000088100000|  0%| F|  |TAMS 0x0000000088000000| PB 0x0000000088000000| Untracked 
| 129|0x0000000088100000, 0x0000000088100000, 0x0000000088200000|  0%| F|  |TAMS 0x0000000088100000| PB 0x0000000088100000| Untracked 
| 130|0x0000000088200000, 0x0000000088200000, 0x0000000088300000|  0%| F|  |TAMS 0x0000000088200000| PB 0x0000000088200000| Untracked 
| 131|0x0000000088300000, 0x0000000088300000, 0x0000000088400000|  0%| F|  |TAMS 0x0000000088300000| PB 0x0000000088300000| Untracked 
| 132|0x0000000088400000, 0x0000000088400000, 0x0000000088500000|  0%| F|  |TAMS 0x0000000088400000| PB 0x0000000088400000| Untracked 
| 133|0x0000000088500000, 0x0000000088500000, 0x0000000088600000|  0%| F|  |TAMS 0x0000000088500000| PB 0x0000000088500000| Untracked 
| 134|0x0000000088600000, 0x0000000088600000, 0x0000000088700000|  0%| F|  |TAMS 0x0000000088600000| PB 0x0000000088600000| Untracked 
| 135|0x0000000088700000, 0x0000000088700000, 0x0000000088800000|  0%| F|  |TAMS 0x0000000088700000| PB 0x0000000088700000| Untracked 
| 136|0x0000000088800000, 0x0000000088800000, 0x0000000088900000|  0%| F|  |TAMS 0x0000000088800000| PB 0x0000000088800000| Untracked 
| 137|0x0000000088900000, 0x0000000088900000, 0x0000000088a00000|  0%| F|  |TAMS 0x0000000088900000| PB 0x0000000088900000| Untracked 
| 138|0x0000000088a00000, 0x0000000088a00000, 0x0000000088b00000|  0%| F|  |TAMS 0x0000000088a00000| PB 0x0000000088a00000| Untracked 
| 139|0x0000000088b00000, 0x0000000088b00000, 0x0000000088c00000|  0%| F|  |TAMS 0x0000000088b00000| PB 0x0000000088b00000| Untracked 
| 140|0x0000000088c00000, 0x0000000088c00000, 0x0000000088d00000|  0%| F|  |TAMS 0x0000000088c00000| PB 0x0000000088c00000| Untracked 
| 141|0x0000000088d00000, 0x0000000088d00000, 0x0000000088e00000|  0%| F|  |TAMS 0x0000000088d00000| PB 0x0000000088d00000| Untracked 
| 142|0x0000000088e00000, 0x0000000088e00000, 0x0000000088f00000|  0%| F|  |TAMS 0x0000000088e00000| PB 0x0000000088e00000| Untracked 
| 143|0x0000000088f00000, 0x0000000088f00000, 0x0000000089000000|  0%| F|  |TAMS 0x0000000088f00000| PB 0x0000000088f00000| Untracked 
| 144|0x0000000089000000, 0x0000000089000000, 0x0000000089100000|  0%| F|  |TAMS 0x0000000089000000| PB 0x0000000089000000| Untracked 
| 145|0x0000000089100000, 0x0000000089100000, 0x0000000089200000|  0%| F|  |TAMS 0x0000000089100000| PB 0x0000000089100000| Untracked 
| 146|0x0000000089200000, 0x0000000089200000, 0x0000000089300000|  0%| F|  |TAMS 0x0000000089200000| PB 0x0000000089200000| Untracked 
| 147|0x0000000089300000, 0x0000000089300000, 0x0000000089400000|  0%| F|  |TAMS 0x0000000089300000| PB 0x0000000089300000| Untracked 
| 148|0x0000000089400000, 0x0000000089400000, 0x0000000089500000|  0%| F|  |TAMS 0x0000000089400000| PB 0x0000000089400000| Untracked 
| 149|0x0000000089500000, 0x0000000089577d40, 0x0000000089600000| 46%| E|  |TAMS 0x0000000089500000| PB 0x0000000089500000| Complete 
| 150|0x0000000089600000, 0x0000000089700000, 0x0000000089700000|100%| E|CS|TAMS 0x0000000089600000| PB 0x0000000089600000| Complete 
| 151|0x0000000089700000, 0x0000000089800000, 0x0000000089800000|100%| E|CS|TAMS 0x0000000089700000| PB 0x0000000089700000| Complete 
| 152|0x0000000089800000, 0x0000000089900000, 0x0000000089900000|100%| E|CS|TAMS 0x0000000089800000| PB 0x0000000089800000| Complete 
| 153|0x0000000089900000, 0x0000000089a00000, 0x0000000089a00000|100%| E|CS|TAMS 0x0000000089900000| PB 0x0000000089900000| Complete 
| 154|0x0000000089a00000, 0x0000000089b00000, 0x0000000089b00000|100%| E|CS|TAMS 0x0000000089a00000| PB 0x0000000089a00000| Complete 
| 155|0x0000000089b00000, 0x0000000089c00000, 0x0000000089c00000|100%| E|CS|TAMS 0x0000000089b00000| PB 0x0000000089b00000| Complete 
| 156|0x0000000089c00000, 0x0000000089d00000, 0x0000000089d00000|100%| E|CS|TAMS 0x0000000089c00000| PB 0x0000000089c00000| Complete 
| 157|0x0000000089d00000, 0x0000000089e00000, 0x0000000089e00000|100%| E|CS|TAMS 0x0000000089d00000| PB 0x0000000089d00000| Complete 
| 158|0x0000000089e00000, 0x0000000089f00000, 0x0000000089f00000|100%| E|CS|TAMS 0x0000000089e00000| PB 0x0000000089e00000| Complete 
| 159|0x0000000089f00000, 0x000000008a000000, 0x000000008a000000|100%| E|CS|TAMS 0x0000000089f00000| PB 0x0000000089f00000| Complete 
| 160|0x000000008a000000, 0x000000008a100000, 0x000000008a100000|100%| E|CS|TAMS 0x000000008a000000| PB 0x000000008a000000| Complete 
| 161|0x000000008a100000, 0x000000008a200000, 0x000000008a200000|100%| E|CS|TAMS 0x000000008a100000| PB 0x000000008a100000| Complete 
| 162|0x000000008a200000, 0x000000008a300000, 0x000000008a300000|100%| E|  |TAMS 0x000000008a200000| PB 0x000000008a200000| Complete 
| 163|0x000000008a300000, 0x000000008a400000, 0x000000008a400000|100%| E|CS|TAMS 0x000000008a300000| PB 0x000000008a300000| Complete 
| 164|0x000000008a400000, 0x000000008a500000, 0x000000008a500000|100%| E|CS|TAMS 0x000000008a400000| PB 0x000000008a400000| Complete 
| 165|0x000000008a500000, 0x000000008a600000, 0x000000008a600000|100%| S|CS|TAMS 0x000000008a500000| PB 0x000000008a500000| Complete 
|2025|0x00000000fe900000, 0x00000000fe9dc968, 0x00000000fea00000| 86%| O|  |TAMS 0x00000000fe900000| PB 0x00000000fe900000| Untracked 
|2026|0x00000000fea00000, 0x00000000feb00000, 0x00000000feb00000|100%| O|  |TAMS 0x00000000fea00000| PB 0x00000000fea00000| Untracked 
|2027|0x00000000feb00000, 0x00000000fec00000, 0x00000000fec00000|100%| O|  |TAMS 0x00000000febf0168| PB 0x00000000febf0168| Updating 
|2028|0x00000000fec00000, 0x00000000fed00000, 0x00000000fed00000|100%| O|  |TAMS 0x00000000fed00000| PB 0x00000000fed00000| Untracked 
|2029|0x00000000fed00000, 0x00000000fee00000, 0x00000000fee00000|100%| O|  |TAMS 0x00000000fee00000| PB 0x00000000fee00000| Untracked 
|2030|0x00000000fee00000, 0x00000000fef00000, 0x00000000fef00000|100%| O|  |TAMS 0x00000000fef00000| PB 0x00000000fef00000| Untracked 
|2031|0x00000000fef00000, 0x00000000ff000000, 0x00000000ff000000|100%| O|  |TAMS 0x00000000ff000000| PB 0x00000000ff000000| Untracked 
|2032|0x00000000ff000000, 0x00000000ff100000, 0x00000000ff100000|100%| E|CS|TAMS 0x00000000ff000000| PB 0x00000000ff000000| Complete 
|2033|0x00000000ff100000, 0x00000000ff200000, 0x00000000ff200000|100%| O|  |TAMS 0x00000000ff200000| PB 0x00000000ff200000| Updating 
|2034|0x00000000ff200000, 0x00000000ff300000, 0x00000000ff300000|100%| O|  |TAMS 0x00000000ff300000| PB 0x00000000ff300000| Updating 
|2035|0x00000000ff300000, 0x00000000ff400000, 0x00000000ff400000|100%| O|  |TAMS 0x00000000ff400000| PB 0x00000000ff400000| Updating 
|2036|0x00000000ff400000, 0x00000000ff500000, 0x00000000ff500000|100%| O|  |TAMS 0x00000000ff500000| PB 0x00000000ff500000| Untracked 
|2037|0x00000000ff500000, 0x00000000ff600000, 0x00000000ff600000|100%| O|  |TAMS 0x00000000ff600000| PB 0x00000000ff600000| Untracked 
|2038|0x00000000ff600000, 0x00000000ff700000, 0x00000000ff700000|100%| O|  |TAMS 0x00000000ff700000| PB 0x00000000ff700000| Untracked 
|2039|0x00000000ff700000, 0x00000000ff800000, 0x00000000ff800000|100%| O|  |TAMS 0x00000000ff800000| PB 0x00000000ff800000| Untracked 
|2040|0x00000000ff800000, 0x00000000ff900000, 0x00000000ff900000|100%| O|  |TAMS 0x00000000ff900000| PB 0x00000000ff900000| Updating 
|2041|0x00000000ff900000, 0x00000000ffa00000, 0x00000000ffa00000|100%| E|CS|TAMS 0x00000000ff900000| PB 0x00000000ff900000| Complete 
|2042|0x00000000ffa00000, 0x00000000ffb00000, 0x00000000ffb00000|100%| O|  |TAMS 0x00000000ffb00000| PB 0x00000000ffb00000| Untracked 
|2043|0x00000000ffb00000, 0x00000000ffc00000, 0x00000000ffc00000|100%| O|  |TAMS 0x00000000ffc00000| PB 0x00000000ffc00000| Untracked 
|2044|0x00000000ffc00000, 0x00000000ffd00000, 0x00000000ffd00000|100%| O|  |TAMS 0x00000000ffd00000| PB 0x00000000ffd00000| Untracked 
|2045|0x00000000ffd00000, 0x00000000ffe00000, 0x00000000ffe00000|100%| O|  |TAMS 0x00000000ffe00000| PB 0x00000000ffe00000| Untracked 
|2046|0x00000000ffe00000, 0x00000000fff00000, 0x00000000fff00000|100%| E|CS|TAMS 0x00000000ffe00000| PB 0x00000000ffe00000| Complete 
|2047|0x00000000fff00000, 0x0000000100000000, 0x0000000100000000|100%| O|  |TAMS 0x0000000100000000| PB 0x0000000100000000| Untracked 

Card table byte_map: [0x0000015e51650000,0x0000015e51a50000] _byte_map_base: 0x0000015e51250000

Marking Bits: (CMBitMap*) 0x0000015e3cb46030
 Bits: [0x0000015e51a50000, 0x0000015e53a50000)

Polling page: 0x0000015e3c890000

Metaspace:

Usage:
  Non-class:     93.14 MB used.
      Class:     15.34 MB used.
       Both:    108.48 MB used.

Virtual space:
  Non-class space:      128.00 MB reserved,      94.25 MB ( 74%) committed,  2 nodes.
      Class space:        1.00 GB reserved,      16.31 MB (  2%) committed,  1 nodes.
             Both:        1.12 GB reserved,     110.56 MB ( 10%) committed. 

Chunk freelists:
   Non-Class:  1008.00 KB
       Class:  15.73 MB
        Both:  16.72 MB

MaxMetaspaceSize: unlimited
CompressedClassSpaceSize: 1.00 GB
Initial GC threshold: 21.00 MB
Current GC threshold: 173.06 MB
CDS: off
 - commit_granule_bytes: 65536.
 - commit_granule_words: 8192.
 - virtual_space_node_default_size: 8388608.
 - enlarge_chunks_in_place: 1.
 - use_allocation_guard: 0.


Internal statistics:

num_allocs_failed_limit: 9.
num_arena_births: 4018.
num_arena_deaths: 6.
num_vsnodes_births: 3.
num_vsnodes_deaths: 0.
num_space_committed: 1769.
num_space_uncommitted: 0.
num_chunks_returned_to_freelist: 18.
num_chunks_taken_from_freelist: 8728.
num_chunk_merges: 10.
num_chunk_splits: 5680.
num_chunks_enlarged: 3557.
num_inconsistent_stats: 0.

CodeHeap 'non-profiled nmethods': size=119168Kb used=7514Kb max_used=7627Kb free=111653Kb
 bounds [0x0000015e48e20000, 0x0000015e495a0000, 0x0000015e50280000]
CodeHeap 'profiled nmethods': size=119104Kb used=22507Kb max_used=23593Kb free=96596Kb
 bounds [0x0000015e41280000, 0x0000015e42990000, 0x0000015e486d0000]
CodeHeap 'non-nmethods': size=7488Kb used=4384Kb max_used=4434Kb free=3103Kb
 bounds [0x0000015e486d0000, 0x0000015e48b30000, 0x0000015e48e20000]
CodeCache: size=245760Kb, used=34405Kb, max_used=35654Kb, free=211352Kb
 total_blobs=12841, nmethods=11859, adapters=882, full_count=0
Compilation: enabled, stopped_count=0, restarted_count=0

Compilation events (20 events):
Event: 16.186 Thread 0x0000015e5b2982a0 13870       1       java.util.Collections$2::estimateSize (5 bytes)
Event: 16.186 Thread 0x0000015e5b2982a0 nmethod 13870 0x0000015e49591e90 code [0x0000015e49592020, 0x0000015e495920e8]
Event: 16.188 Thread 0x0000015e5b6f7610 13872       3       java.nio.file.FileTreeWalker::walk (45 bytes)
Event: 16.188 Thread 0x0000015e5b2d2940 13873       3       java.nio.file.FileTreeWalker::<init> (144 bytes)
Event: 16.188 Thread 0x0000015e5b2982a0 13874       3       org.gradle.internal.vfs.impl.DefaultFileSystemAccess$$Lambda/0x00000001005d9dc0::<init> (10 bytes)
Event: 16.188 Thread 0x0000015e5b0b3f50 13875       3       org.gradle.internal.snapshot.impl.DirectorySnapshotter$PathVisitor::<init> (101 bytes)
Event: 16.188 Thread 0x0000015e5b6f7610 nmethod 13872 0x0000015e42987090 code [0x0000015e42987260, 0x0000015e429874d0]
Event: 16.188 Thread 0x0000015e5b6f7610 13876       3       org.gradle.internal.snapshot.impl.DirectorySnapshotterStatistics$Collector::recordVisitHierarchy (9 bytes)
Event: 16.188 Thread 0x0000015e5b2982a0 nmethod 13874 0x0000015e42987610 code [0x0000015e429877c0, 0x0000015e42987978]
Event: 16.188 Thread 0x0000015e5b2982a0 13877       3       org.gradle.internal.snapshot.impl.DirectorySnapshotter$PathVisitor$$Lambda/0x00000001005daa58::<init> (10 bytes)
Event: 16.188 Thread 0x0000015e5b2982a0 nmethod 13877 0x0000015e42987a10 code [0x0000015e42987bc0, 0x0000015e42987d78]
Event: 16.188 Thread 0x0000015e5b2982a0 13878       3       org.gradle.internal.snapshot.impl.FilteredTrackingMerkleDirectorySnapshotBuilder::sortingRequired (9 bytes)
Event: 16.188 Thread 0x0000015e5b6f7610 nmethod 13876 0x0000015e42987e10 code [0x0000015e42987fc0, 0x0000015e42988100]
Event: 16.188 Thread 0x0000015e5b6f7610 13879       3       org.gradle.internal.snapshot.MerkleDirectorySnapshotBuilder::sortingRequired (9 bytes)
Event: 16.189 Thread 0x0000015e5b2982a0 nmethod 13878 0x0000015e42988210 code [0x0000015e429883c0, 0x0000015e42988540]
Event: 16.189 Thread 0x0000015e5b0b08f0 nmethod 13858 0x0000015e49592190 code [0x0000015e49592380, 0x0000015e495928c0]
Event: 16.189 Thread 0x0000015e5b0b08f0 13864       4       com.google.common.cache.LocalCache$Segment::expireEntries (113 bytes)
Event: 16.189 Thread 0x0000015e5b2d2940 nmethod 13873 0x0000015e42988610 code [0x0000015e429888a0, 0x0000015e42989708]
Event: 16.189 Thread 0x0000015e5b6f7610 nmethod 13879 0x0000015e42989b90 code [0x0000015e42989d60, 0x0000015e4298a228]
Event: 16.189 Thread 0x0000015e5b2982a0 13880   !   3       org.gradle.internal.snapshot.impl.DirectorySnapshotter::snapshot (118 bytes)

GC Heap History (20 events):
Event: 9.805 GC heap before
{Heap before GC invocations=26 (full 0):
 garbage-first heap   total 153600K, used 137514K [0x0000000080000000, 0x0000000100000000)
  region size 1024K, 47 young (48128K), 3 survivors (3072K)
 Metaspace       used 86151K, committed 88000K, reserved 1179648K
  class space    used 11912K, committed 12800K, reserved 1048576K
}
Event: 9.813 GC heap after
{Heap after GC invocations=27 (full 0):
 garbage-first heap   total 184320K, used 94435K [0x0000000080000000, 0x0000000100000000)
  region size 1024K, 5 young (5120K), 5 survivors (5120K)
 Metaspace       used 86151K, committed 88000K, reserved 1179648K
  class space    used 11912K, committed 12800K, reserved 1048576K
}
Event: 10.394 GC heap before
{Heap before GC invocations=28 (full 0):
 garbage-first heap   total 184320K, used 157923K [0x0000000080000000, 0x0000000100000000)
  region size 1024K, 67 young (68608K), 5 survivors (5120K)
 Metaspace       used 88462K, committed 90240K, reserved 1179648K
  class space    used 12246K, committed 13120K, reserved 1048576K
}
Event: 10.399 GC heap after
{Heap after GC invocations=29 (full 0):
 garbage-first heap   total 184320K, used 98477K [0x0000000080000000, 0x0000000100000000)
  region size 1024K, 9 young (9216K), 9 survivors (9216K)
 Metaspace       used 88462K, committed 90240K, reserved 1179648K
  class space    used 12246K, committed 13120K, reserved 1048576K
}
Event: 11.119 GC heap before
{Heap before GC invocations=29 (full 0):
 garbage-first heap   total 184320K, used 165037K [0x0000000080000000, 0x0000000100000000)
  region size 1024K, 74 young (75776K), 9 survivors (9216K)
 Metaspace       used 91301K, committed 93184K, reserved 1179648K
  class space    used 12663K, committed 13568K, reserved 1048576K
}
Event: 11.129 GC heap after
{Heap after GC invocations=30 (full 0):
 garbage-first heap   total 184320K, used 101492K [0x0000000080000000, 0x0000000100000000)
  region size 1024K, 8 young (8192K), 8 survivors (8192K)
 Metaspace       used 91301K, committed 93184K, reserved 1179648K
  class space    used 12663K, committed 13568K, reserved 1048576K
}
Event: 11.143 GC heap before
{Heap before GC invocations=30 (full 0):
 garbage-first heap   total 184320K, used 102516K [0x0000000080000000, 0x0000000100000000)
  region size 1024K, 10 young (10240K), 8 survivors (8192K)
 Metaspace       used 91377K, committed 93248K, reserved 1179648K
  class space    used 12669K, committed 13568K, reserved 1048576K
}
Event: 11.148 GC heap after
{Heap after GC invocations=31 (full 0):
 garbage-first heap   total 184320K, used 101910K [0x0000000080000000, 0x0000000100000000)
  region size 1024K, 5 young (5120K), 5 survivors (5120K)
 Metaspace       used 91377K, committed 93248K, reserved 1179648K
  class space    used 12669K, committed 13568K, reserved 1048576K
}
Event: 11.984 GC heap before
{Heap before GC invocations=32 (full 0):
 garbage-first heap   total 184320K, used 168470K [0x0000000080000000, 0x0000000100000000)
  region size 1024K, 69 young (70656K), 5 survivors (5120K)
 Metaspace       used 95731K, committed 97664K, reserved 1179648K
  class space    used 13477K, committed 14400K, reserved 1048576K
}
Event: 11.992 GC heap after
{Heap after GC invocations=33 (full 0):
 garbage-first heap   total 184320K, used 103845K [0x0000000080000000, 0x0000000100000000)
  region size 1024K, 7 young (7168K), 7 survivors (7168K)
 Metaspace       used 95731K, committed 97664K, reserved 1179648K
  class space    used 13477K, committed 14400K, reserved 1048576K
}
Event: 12.855 GC heap before
{Heap before GC invocations=33 (full 0):
 garbage-first heap   total 184320K, used 169381K [0x0000000080000000, 0x0000000100000000)
  region size 1024K, 71 young (72704K), 7 survivors (7168K)
 Metaspace       used 99954K, committed 101952K, reserved 1179648K
  class space    used 14098K, committed 15040K, reserved 1048576K
}
Event: 12.870 GC heap after
{Heap after GC invocations=34 (full 0):
 garbage-first heap   total 184320K, used 106118K [0x0000000080000000, 0x0000000100000000)
  region size 1024K, 5 young (5120K), 5 survivors (5120K)
 Metaspace       used 99954K, committed 101952K, reserved 1179648K
  class space    used 14098K, committed 15040K, reserved 1048576K
}
Event: 13.659 GC heap before
{Heap before GC invocations=34 (full 0):
 garbage-first heap   total 184320K, used 171654K [0x0000000080000000, 0x0000000100000000)
  region size 1024K, 69 young (70656K), 5 survivors (5120K)
 Metaspace       used 104142K, committed 106176K, reserved 1179648K
  class space    used 14749K, committed 15680K, reserved 1048576K
}
Event: 13.668 GC heap after
{Heap after GC invocations=35 (full 0):
 garbage-first heap   total 184320K, used 109464K [0x0000000080000000, 0x0000000100000000)
  region size 1024K, 6 young (6144K), 6 survivors (6144K)
 Metaspace       used 104142K, committed 106176K, reserved 1179648K
  class space    used 14749K, committed 15680K, reserved 1048576K
}
Event: 14.481 GC heap before
{Heap before GC invocations=36 (full 0):
 garbage-first heap   total 184320K, used 172952K [0x0000000080000000, 0x0000000100000000)
  region size 1024K, 68 young (69632K), 6 survivors (6144K)
 Metaspace       used 108319K, committed 110336K, reserved 1179648K
  class space    used 15282K, committed 16256K, reserved 1048576K
}
Event: 14.493 GC heap after
{Heap after GC invocations=37 (full 0):
 garbage-first heap   total 184320K, used 114125K [0x0000000080000000, 0x0000000100000000)
  region size 1024K, 8 young (8192K), 8 survivors (8192K)
 Metaspace       used 108319K, committed 110336K, reserved 1179648K
  class space    used 15282K, committed 16256K, reserved 1048576K
}
Event: 14.886 GC heap before
{Heap before GC invocations=37 (full 0):
 garbage-first heap   total 184320K, used 172493K [0x0000000080000000, 0x0000000100000000)
  region size 1024K, 65 young (66560K), 8 survivors (8192K)
 Metaspace       used 108742K, committed 110720K, reserved 1179648K
  class space    used 15337K, committed 16256K, reserved 1048576K
}
Event: 14.895 GC heap after
{Heap after GC invocations=38 (full 0):
 garbage-first heap   total 190464K, used 121792K [0x0000000080000000, 0x0000000100000000)
  region size 1024K, 9 young (9216K), 9 survivors (9216K)
 Metaspace       used 108742K, committed 110720K, reserved 1179648K
  class space    used 15337K, committed 16256K, reserved 1048576K
}
Event: 16.059 GC heap before
{Heap before GC invocations=38 (full 0):
 garbage-first heap   total 190464K, used 174016K [0x0000000080000000, 0x0000000100000000)
  region size 1024K, 61 young (62464K), 9 survivors (9216K)
 Metaspace       used 110966K, committed 113088K, reserved 1179648K
  class space    used 15701K, committed 16704K, reserved 1048576K
}
Event: 16.071 GC heap after
{Heap after GC invocations=39 (full 0):
 garbage-first heap   total 193536K, used 130930K [0x0000000080000000, 0x0000000100000000)
  region size 1024K, 8 young (8192K), 8 survivors (8192K)
 Metaspace       used 110966K, committed 113088K, reserved 1179648K
  class space    used 15701K, committed 16704K, reserved 1048576K
}

Dll operation events (3 events):
Event: 0.009 Loaded shared library E:\Programming\Android Studio Installation\jbr\bin\java.dll
Event: 0.015 Loaded shared library E:\Programming\Android Studio Installation\jbr\bin\zip.dll
Event: 0.499 Loaded shared library E:\Programming\Android Studio Installation\jbr\bin\verify.dll

Deoptimization events (20 events):
Event: 16.030 Thread 0x0000015e6726dfb0 Uncommon trap: trap_request=0xffffff45 fr.pc=0x0000015e490e81cc relative=0x000000000000024c
Event: 16.030 Thread 0x0000015e6726dfb0 Uncommon trap: reason=unstable_if action=reinterpret pc=0x0000015e490e81cc method=org.gradle.internal.snapshot.PathUtil.equalChars(CCLorg/gradle/internal/snapshot/CaseSensitivity;)Z @ 11 c2
Event: 16.030 Thread 0x0000015e6726dfb0 DEOPT PACKING pc=0x0000015e490e81cc sp=0x0000001054dfbf60
Event: 16.030 Thread 0x0000015e6726dfb0 DEOPT UNPACKING pc=0x0000015e487243a2 sp=0x0000001054dfbee8 mode 2
Event: 16.044 Thread 0x0000015e6726b1c0 Uncommon trap: trap_request=0xffffff45 fr.pc=0x0000015e492cea7c relative=0x00000000000002bc
Event: 16.044 Thread 0x0000015e6726b1c0 Uncommon trap: reason=unstable_if action=reinterpret pc=0x0000015e492cea7c method=java.lang.StringLatin1.compareToCI([B[B)I @ 68 c2
Event: 16.044 Thread 0x0000015e6726b1c0 DEOPT PACKING pc=0x0000015e492cea7c sp=0x0000001054ffc7b0
Event: 16.044 Thread 0x0000015e6726b1c0 DEOPT UNPACKING pc=0x0000015e487243a2 sp=0x0000001054ffc6a0 mode 2
Event: 16.046 Thread 0x0000015e6726dfb0 Uncommon trap: trap_request=0xffffff45 fr.pc=0x0000015e492cc604 relative=0x0000000000000244
Event: 16.046 Thread 0x0000015e6726dfb0 Uncommon trap: reason=unstable_if action=reinterpret pc=0x0000015e492cc604 method=java.lang.StringLatin1.compareToCI([B[B)I @ 68 c2
Event: 16.046 Thread 0x0000015e6726dfb0 DEOPT PACKING pc=0x0000015e492cc604 sp=0x0000001054dfc460
Event: 16.046 Thread 0x0000015e6726dfb0 DEOPT UNPACKING pc=0x0000015e487243a2 sp=0x0000001054dfc3d8 mode 2
Event: 16.138 Thread 0x0000015e6726b850 Uncommon trap: trap_request=0xffffff45 fr.pc=0x0000015e48e7ee90 relative=0x0000000000000170
Event: 16.138 Thread 0x0000015e6726b850 Uncommon trap: reason=unstable_if action=reinterpret pc=0x0000015e48e7ee90 method=java.util.concurrent.locks.ReentrantLock$Sync.tryLock()Z @ 34 c2
Event: 16.138 Thread 0x0000015e6726b850 DEOPT PACKING pc=0x0000015e48e7ee90 sp=0x00000010547fe8d0
Event: 16.138 Thread 0x0000015e6726b850 DEOPT UNPACKING pc=0x0000015e487243a2 sp=0x00000010547fe870 mode 2
Event: 16.152 Thread 0x0000015e6726f360 Uncommon trap: trap_request=0xffffff45 fr.pc=0x0000015e494c9364 relative=0x0000000000001384
Event: 16.152 Thread 0x0000015e6726f360 Uncommon trap: reason=unstable_if action=reinterpret pc=0x0000015e494c9364 method=java.util.concurrent.ConcurrentHashMap.computeIfAbsent(Ljava/lang/Object;Ljava/util/function/Function;)Ljava/lang/Object; @ 104 c2
Event: 16.152 Thread 0x0000015e6726f360 DEOPT PACKING pc=0x0000015e494c9364 sp=0x00000010552fde60
Event: 16.152 Thread 0x0000015e6726f360 DEOPT UNPACKING pc=0x0000015e487243a2 sp=0x00000010552fde00 mode 2

Classes loaded (20 events):
Event: 13.999 Loading class java/net/InetAddress$CachedLookup
Event: 13.999 Loading class java/net/InetAddress$CachedLookup done
Event: 14.000 Loading class java/net/InetAddress$CachedLocalHost
Event: 14.000 Loading class java/net/InetAddress$CachedLocalHost done
Event: 14.512 Loading class java/util/IdentityHashMap$KeyIterator
Event: 14.512 Loading class java/util/IdentityHashMap$IdentityHashMapIterator
Event: 14.512 Loading class java/util/IdentityHashMap$IdentityHashMapIterator done
Event: 14.512 Loading class java/util/IdentityHashMap$KeyIterator done
Event: 14.519 Loading class java/util/TreeMap$KeySpliterator
Event: 14.519 Loading class java/util/TreeMap$TreeMapSpliterator
Event: 14.519 Loading class java/util/TreeMap$TreeMapSpliterator done
Event: 14.519 Loading class java/util/TreeMap$KeySpliterator done
Event: 14.750 Loading class java/beans/ParameterDescriptor
Event: 14.750 Loading class java/beans/ParameterDescriptor done
Event: 14.836 Loading class java/io/FilterReader
Event: 14.836 Loading class java/io/FilterReader done
Event: 15.214 Loading class java/io/CharArrayWriter
Event: 15.214 Loading class java/io/CharArrayWriter done
Event: 15.218 Loading class java/io/SequenceInputStream
Event: 15.218 Loading class java/io/SequenceInputStream done

Classes unloaded (3 events):
Event: 5.942 Thread 0x0000015e56aeec20 Unloading class 0x00000001007d0000 'java/lang/invoke/LambdaForm$DMH+0x00000001007d0000'
Event: 5.942 Thread 0x0000015e56aeec20 Unloading class 0x00000001007ccc00 'java/lang/invoke/LambdaForm$DMH+0x00000001007ccc00'
Event: 5.942 Thread 0x0000015e56aeec20 Unloading class 0x00000001007cc400 'java/lang/invoke/LambdaForm$DMH+0x00000001007cc400'

Classes redefined (0 events):
No events

Internal exceptions (20 events):
Event: 15.843 Thread 0x0000015e67f3ab90 Exception <a 'sun/nio/fs/WindowsException'{0x0000000087dbc828}> (0x0000000087dbc828) 
thrown [s\src\hotspot\share\prims\jni.cpp, line 537]
Event: 15.846 Thread 0x0000015e67f3ab90 Exception <a 'sun/nio/fs/WindowsException'{0x0000000087ddfa30}> (0x0000000087ddfa30) 
thrown [s\src\hotspot\share\prims\jni.cpp, line 537]
Event: 15.851 Thread 0x0000015e67f3ab90 Exception <a 'sun/nio/fs/WindowsException'{0x0000000087c0f680}> (0x0000000087c0f680) 
thrown [s\src\hotspot\share\prims\jni.cpp, line 537]
Event: 15.854 Thread 0x0000015e67f3ab90 Exception <a 'sun/nio/fs/WindowsException'{0x0000000087c1e660}> (0x0000000087c1e660) 
thrown [s\src\hotspot\share\prims\jni.cpp, line 537]
Event: 15.857 Thread 0x0000015e67f3ab90 Exception <a 'sun/nio/fs/WindowsException'{0x0000000087c2f0a0}> (0x0000000087c2f0a0) 
thrown [s\src\hotspot\share\prims\jni.cpp, line 537]
Event: 15.862 Thread 0x0000015e67f3ab90 Exception <a 'sun/nio/fs/WindowsException'{0x0000000087c42268}> (0x0000000087c42268) 
thrown [s\src\hotspot\share\prims\jni.cpp, line 537]
Event: 15.870 Thread 0x0000015e67f3ab90 Exception <a 'sun/nio/fs/WindowsException'{0x0000000087c6e720}> (0x0000000087c6e720) 
thrown [s\src\hotspot\share\prims\jni.cpp, line 537]
Event: 15.872 Thread 0x0000015e67f3ab90 Exception <a 'sun/nio/fs/WindowsException'{0x0000000087c786e0}> (0x0000000087c786e0) 
thrown [s\src\hotspot\share\prims\jni.cpp, line 537]
Event: 15.876 Thread 0x0000015e67f3ab90 Exception <a 'sun/nio/fs/WindowsException'{0x0000000087c89390}> (0x0000000087c89390) 
thrown [s\src\hotspot\share\prims\jni.cpp, line 537]
Event: 15.878 Thread 0x0000015e67f3ab90 Exception <a 'sun/nio/fs/WindowsException'{0x0000000087c944a8}> (0x0000000087c944a8) 
thrown [s\src\hotspot\share\prims\jni.cpp, line 537]
Event: 15.880 Thread 0x0000015e67f3ab90 Exception <a 'sun/nio/fs/WindowsException'{0x0000000087c9f1c8}> (0x0000000087c9f1c8) 
thrown [s\src\hotspot\share\prims\jni.cpp, line 537]
Event: 15.883 Thread 0x0000015e67f3ab90 Exception <a 'sun/nio/fs/WindowsException'{0x0000000087cae840}> (0x0000000087cae840) 
thrown [s\src\hotspot\share\prims\jni.cpp, line 537]
Event: 15.893 Thread 0x0000015e67f3ab90 Exception <a 'sun/nio/fs/WindowsException'{0x0000000087cd8bb8}> (0x0000000087cd8bb8) 
thrown [s\src\hotspot\share\prims\jni.cpp, line 537]
Event: 15.897 Thread 0x0000015e67f3ab90 Exception <a 'sun/nio/fs/WindowsException'{0x0000000087cea870}> (0x0000000087cea870) 
thrown [s\src\hotspot\share\prims\jni.cpp, line 537]
Event: 15.902 Thread 0x0000015e67f3ab90 Exception <a 'sun/nio/fs/WindowsException'{0x0000000087b098d0}> (0x0000000087b098d0) 
thrown [s\src\hotspot\share\prims\jni.cpp, line 537]
Event: 15.905 Thread 0x0000015e67f3ab90 Exception <a 'sun/nio/fs/WindowsException'{0x0000000087b1d6c8}> (0x0000000087b1d6c8) 
thrown [s\src\hotspot\share\prims\jni.cpp, line 537]
Event: 16.025 Thread 0x0000015e67269780 Exception <a 'java/lang/NoSuchMethodError'{0x000000008798f038}: 'java.lang.Object java.lang.invoke.DirectMethodHandle$Holder.invokeSpecialIFC(java.lang.Object, java.lang.Object, java.lang.Object)'> (0x000000008798f038) 
thrown [s\src\hotspot\share\interpreter\linkResolver.cpp, line 784]
Event: 16.025 Thread 0x0000015e6726ab30 Exception <a 'java/lang/NoSuchMethodError'{0x000000008794cef8}: 'java.lang.Object java.lang.invoke.DirectMethodHandle$Holder.invokeSpecialIFC(java.lang.Object, java.lang.Object, java.lang.Object)'> (0x000000008794cef8) 
thrown [s\src\hotspot\share\interpreter\linkResolver.cpp, line 784]
Event: 16.026 Thread 0x0000015e6726cc00 Exception <a 'java/lang/NoSuchMethodError'{0x00000000879f0930}: 'java.lang.Object java.lang.invoke.DirectMethodHandle$Holder.invokeSpecialIFC(java.lang.Object, java.lang.Object, java.lang.Object)'> (0x00000000879f0930) 
thrown [s\src\hotspot\share\interpreter\linkResolver.cpp, line 784]
Event: 16.026 Thread 0x0000015e6726a4a0 Exception <a 'java/lang/NoSuchMethodError'{0x000000008792b0e0}: 'java.lang.Object java.lang.invoke.DirectMethodHandle$Holder.invokeSpecialIFC(java.lang.Object, java.lang.Object, java.lang.Object)'> (0x000000008792b0e0) 
thrown [s\src\hotspot\share\interpreter\linkResolver.cpp, line 784]

ZGC Phase Switch (0 events):
No events

VM Operations (20 events):
Event: 14.493 Executing VM operation: G1CollectForAllocation (G1 Evacuation Pause) done
Event: 14.885 Executing VM operation: G1CollectForAllocation (G1 Evacuation Pause)
Event: 14.895 Executing VM operation: G1CollectForAllocation (G1 Evacuation Pause) done
Event: 15.047 Executing VM operation: HandshakeAllThreads (Deoptimize)
Event: 15.047 Executing VM operation: HandshakeAllThreads (Deoptimize) done
Event: 15.065 Executing VM operation: HandshakeAllThreads (Deoptimize)
Event: 15.065 Executing VM operation: HandshakeAllThreads (Deoptimize) done
Event: 15.137 Executing VM operation: HandshakeAllThreads (Deoptimize)
Event: 15.138 Executing VM operation: HandshakeAllThreads (Deoptimize) done
Event: 15.196 Executing VM operation: ICBufferFull
Event: 15.196 Executing VM operation: ICBufferFull done
Event: 15.263 Executing VM operation: HandshakeAllThreads (Deoptimize)
Event: 15.263 Executing VM operation: HandshakeAllThreads (Deoptimize) done
Event: 15.513 Executing VM operation: ICBufferFull
Event: 15.513 Executing VM operation: ICBufferFull done
Event: 15.999 Executing VM operation: ICBufferFull
Event: 15.999 Executing VM operation: ICBufferFull done
Event: 16.059 Executing VM operation: G1CollectForAllocation (G1 Evacuation Pause)
Event: 16.072 Executing VM operation: G1CollectForAllocation (G1 Evacuation Pause) done
Event: 16.189 Executing VM operation: G1PauseRemark

Memory protections (0 events):
No events

Nmethod flushes (20 events):
Event: 16.195 Thread 0x0000015e56aeec20 flushing  nmethod 0x0000015e4155b490
Event: 16.195 Thread 0x0000015e56aeec20 flushing  nmethod 0x0000015e415dd010
Event: 16.195 Thread 0x0000015e56aeec20 flushing  nmethod 0x0000015e415df990
Event: 16.195 Thread 0x0000015e56aeec20 flushing  nmethod 0x0000015e415e1c90
Event: 16.195 Thread 0x0000015e56aeec20 flushing  nmethod 0x0000015e41840990
Event: 16.195 Thread 0x0000015e56aeec20 flushing  nmethod 0x0000015e41844210
Event: 16.195 Thread 0x0000015e56aeec20 flushing  nmethod 0x0000015e41844710
Event: 16.195 Thread 0x0000015e56aeec20 flushing  nmethod 0x0000015e41b25610
Event: 16.195 Thread 0x0000015e56aeec20 flushing  nmethod 0x0000015e41b2bd90
Event: 16.195 Thread 0x0000015e56aeec20 flushing  nmethod 0x0000015e41bf4210
Event: 16.195 Thread 0x0000015e56aeec20 flushing  nmethod 0x0000015e41e00990
Event: 16.195 Thread 0x0000015e56aeec20 flushing  nmethod 0x0000015e41e01210
Event: 16.195 Thread 0x0000015e56aeec20 flushing  nmethod 0x0000015e41fcc210
Event: 16.195 Thread 0x0000015e56aeec20 flushing  nmethod 0x0000015e420b4690
Event: 16.195 Thread 0x0000015e56aeec20 flushing  nmethod 0x0000015e42127510
Event: 16.195 Thread 0x0000015e56aeec20 flushing  nmethod 0x0000015e421aab90
Event: 16.195 Thread 0x0000015e56aeec20 flushing  nmethod 0x0000015e421faf10
Event: 16.195 Thread 0x0000015e56aeec20 flushing  nmethod 0x0000015e4235a390
Event: 16.195 Thread 0x0000015e56aeec20 flushing  nmethod 0x0000015e4235aa90
Event: 16.195 Thread 0x0000015e56aeec20 flushing  nmethod 0x0000015e4252ec90

Events (20 events):
Event: 14.992 Thread 0x0000015e67f3ab90 Thread added: 0x0000015e67269e10
Event: 15.052 Thread 0x0000015e621cc650 Thread exited: 0x0000015e621cc650
Event: 15.052 Thread 0x0000015e621cb1e0 Thread exited: 0x0000015e621cb1e0
Event: 15.629 Thread 0x0000015e5b2d2940 Thread added: 0x0000015e5e35e810
Event: 16.018 Thread 0x0000015e67f3ab90 Thread added: 0x0000015e6726a4a0
Event: 16.019 Thread 0x0000015e67f3ab90 Thread added: 0x0000015e6726ab30
Event: 16.019 Thread 0x0000015e67f3ab90 Thread added: 0x0000015e6726b850
Event: 16.020 Thread 0x0000015e67f3ab90 Thread added: 0x0000015e67269780
Event: 16.020 Thread 0x0000015e67f3ab90 Thread added: 0x0000015e6726d920
Event: 16.020 Thread 0x0000015e67f3ab90 Thread added: 0x0000015e6726c570
Event: 16.021 Thread 0x0000015e67f3ab90 Thread added: 0x0000015e6726cc00
Event: 16.021 Thread 0x0000015e67f3ab90 Thread added: 0x0000015e6726d290
Event: 16.021 Thread 0x0000015e67f3ab90 Thread added: 0x0000015e6726dfb0
Event: 16.022 Thread 0x0000015e67f3ab90 Thread added: 0x0000015e6726e640
Event: 16.022 Thread 0x0000015e67f3ab90 Thread added: 0x0000015e6726b1c0
Event: 16.023 Thread 0x0000015e67f3ab90 Thread added: 0x0000015e67270080
Event: 16.024 Thread 0x0000015e67f3ab90 Thread added: 0x0000015e67270710
Event: 16.024 Thread 0x0000015e67f3ab90 Thread added: 0x0000015e6726f360
Event: 16.025 Thread 0x0000015e67f3ab90 Thread added: 0x0000015e6726f9f0
Event: 16.058 Thread 0x0000015e5b0b3f50 Thread added: 0x0000015e621cb1e0


Dynamic libraries:
0x00007ff7672e0000 - 0x00007ff7672ea000 	E:\Programming\Android Studio Installation\jbr\bin\java.exe
0x00007ffd4e240000 - 0x00007ffd4e4a6000 	C:\WINDOWS\SYSTEM32\ntdll.dll
0x00007ffd4d650000 - 0x00007ffd4d719000 	C:\WINDOWS\System32\KERNEL32.DLL
0x00007ffd4b560000 - 0x00007ffd4b95a000 	C:\WINDOWS\System32\KERNELBASE.dll
0x00007ffd4bae0000 - 0x00007ffd4bc2c000 	C:\WINDOWS\System32\ucrtbase.dll
0x00007ffd40990000 - 0x00007ffd409a8000 	E:\Programming\Android Studio Installation\jbr\bin\jli.dll
0x00007ffd40d40000 - 0x00007ffd40d5b000 	E:\Programming\Android Studio Installation\jbr\bin\VCRUNTIME140.dll
0x00007ffd4ddf0000 - 0x00007ffd4dfb7000 	C:\WINDOWS\System32\USER32.dll
0x00007ffd30a20000 - 0x00007ffd30cb2000 	C:\WINDOWS\WinSxS\amd64_microsoft.windows.common-controls_6595b64144ccf1df_6.0.26100.8521_none_3e08b75ce33403b3\COMCTL32.dll
0x00007ffd4bd90000 - 0x00007ffd4bdb7000 	C:\WINDOWS\System32\win32u.dll
0x00007ffd4d930000 - 0x00007ffd4d95b000 	C:\WINDOWS\System32\GDI32.dll
0x00007ffd4c120000 - 0x00007ffd4c1c9000 	C:\WINDOWS\System32\msvcrt.dll
0x00007ffd4bdc0000 - 0x00007ffd4beeb000 	C:\WINDOWS\System32\gdi32full.dll
0x00007ffd4bce0000 - 0x00007ffd4bd83000 	C:\WINDOWS\System32\msvcp_win.dll
0x00007ffd4c380000 - 0x00007ffd4c3b2000 	C:\WINDOWS\System32\IMM32.DLL
0x00007ffd47f00000 - 0x00007ffd47f0c000 	E:\Programming\Android Studio Installation\jbr\bin\vcruntime140_1.dll
0x00007ffd23c70000 - 0x00007ffd23cfd000 	E:\Programming\Android Studio Installation\jbr\bin\msvcp140.dll
0x00007ffc87530000 - 0x00007ffc881c6000 	E:\Programming\Android Studio Installation\jbr\bin\server\jvm.dll
0x00007ffd4d590000 - 0x00007ffd4d646000 	C:\WINDOWS\System32\ADVAPI32.dll
0x00007ffd4d880000 - 0x00007ffd4d92a000 	C:\WINDOWS\System32\sechost.dll
0x00007ffd4c250000 - 0x00007ffd4c368000 	C:\WINDOWS\System32\RPCRT4.dll
0x00007ffd4d350000 - 0x00007ffd4d3d0000 	C:\WINDOWS\System32\WS2_32.dll
0x00007ffd4ad80000 - 0x00007ffd4adde000 	C:\WINDOWS\SYSTEM32\POWRPROF.dll
0x00007ffd42c10000 - 0x00007ffd42c1b000 	C:\WINDOWS\SYSTEM32\VERSION.dll
0x00007ffd35360000 - 0x00007ffd35396000 	C:\WINDOWS\SYSTEM32\WINMM.dll
0x00007ffd4ad10000 - 0x00007ffd4ad24000 	C:\WINDOWS\SYSTEM32\UMPDC.dll
0x00007ffd4a220000 - 0x00007ffd4a23b000 	C:\WINDOWS\SYSTEM32\kernel.appcore.dll
0x00007ffd46100000 - 0x00007ffd4610a000 	E:\Programming\Android Studio Installation\jbr\bin\jimage.dll
0x00007ffd48b80000 - 0x00007ffd48dc2000 	C:\WINDOWS\SYSTEM32\DBGHELP.DLL
0x00007ffd4c3c0000 - 0x00007ffd4c743000 	C:\WINDOWS\System32\combase.dll
0x00007ffd4d270000 - 0x00007ffd4d349000 	C:\WINDOWS\System32\OLEAUT32.dll
0x00007ffd30f70000 - 0x00007ffd30fab000 	C:\WINDOWS\SYSTEM32\dbgcore.DLL
0x00007ffd4bc30000 - 0x00007ffd4bcd8000 	C:\WINDOWS\System32\bcryptPrimitives.dll
0x00007ffd40d80000 - 0x00007ffd40d8e000 	E:\Programming\Android Studio Installation\jbr\bin\instrument.dll
0x00007ffd40c70000 - 0x00007ffd40c90000 	E:\Programming\Android Studio Installation\jbr\bin\java.dll
0x00007ffd40950000 - 0x00007ffd40968000 	E:\Programming\Android Studio Installation\jbr\bin\zip.dll
0x00007ffd4ca60000 - 0x00007ffd4d1e4000 	C:\WINDOWS\System32\SHELL32.dll
0x00007ffd49050000 - 0x00007ffd498d0000 	C:\WINDOWS\SYSTEM32\windows.storage.dll
0x00007ffd4d780000 - 0x00007ffd4d876000 	C:\WINDOWS\System32\SHCORE.dll
0x00007ffd4d520000 - 0x00007ffd4d587000 	C:\WINDOWS\System32\shlwapi.dll
0x00007ffd4b3f0000 - 0x00007ffd4b419000 	C:\WINDOWS\SYSTEM32\profapi.dll
0x00007ffd40d10000 - 0x00007ffd40d20000 	E:\Programming\Android Studio Installation\jbr\bin\net.dll
0x00007ffd417d0000 - 0x00007ffd418f9000 	C:\WINDOWS\SYSTEM32\WINHTTP.dll
0x00007ffd4a770000 - 0x00007ffd4a7dc000 	C:\WINDOWS\system32\mswsock.dll
0x00007ffd40780000 - 0x00007ffd40796000 	E:\Programming\Android Studio Installation\jbr\bin\nio.dll
0x00007ffd40dc0000 - 0x00007ffd40dd0000 	E:\Programming\Android Studio Installation\jbr\bin\verify.dll
0x00007ffd32bf0000 - 0x00007ffd32c17000 	C:\Users\asus\.gradle\native\c067742578af261105cb4f569cf0c3c89f3d7b1fecec35dd04571415982c5e48\windows-amd64\native-platform.dll
0x00007ffcf0610000 - 0x00007ffcf0754000 	C:\Users\asus\.gradle\native\38dada09dfb8b06ba9b0570ebf7e218e3eb74d4ef43ca46872605cf95ebc2f47\windows-amd64\native-platform-file-events.dll
0x00007ffd40cb0000 - 0x00007ffd40cb9000 	E:\Programming\Android Studio Installation\jbr\bin\management.dll
0x00007ffd40c60000 - 0x00007ffd40c6b000 	E:\Programming\Android Studio Installation\jbr\bin\management_ext.dll
0x00007ffd4ca50000 - 0x00007ffd4ca58000 	C:\WINDOWS\System32\PSAPI.DLL
0x00007ffd4ab70000 - 0x00007ffd4ab8b000 	C:\WINDOWS\SYSTEM32\CRYPTSP.dll
0x00007ffd4a180000 - 0x00007ffd4a1b9000 	C:\WINDOWS\system32\rsaenh.dll
0x00007ffd4a820000 - 0x00007ffd4a853000 	C:\WINDOWS\SYSTEM32\USERENV.dll
0x00007ffd4b3c0000 - 0x00007ffd4b3ea000 	C:\WINDOWS\SYSTEM32\bcrypt.dll
0x00007ffd4ab50000 - 0x00007ffd4ab5c000 	C:\WINDOWS\SYSTEM32\CRYPTBASE.dll
0x00007ffd49c00000 - 0x00007ffd49c33000 	C:\WINDOWS\SYSTEM32\IPHLPAPI.DLL
0x00007ffd4c370000 - 0x00007ffd4c37a000 	C:\WINDOWS\System32\NSI.dll
0x00007ffd40bd0000 - 0x00007ffd40bd9000 	E:\Programming\Android Studio Installation\jbr\bin\extnet.dll
0x00007ffd31ef0000 - 0x00007ffd31ef8000 	C:\WINDOWS\system32\wshunix.dll
0x00007ffd31e70000 - 0x00007ffd31e88000 	C:\WINDOWS\system32\napinsp.dll
0x00007ffd49c90000 - 0x00007ffd49dda000 	C:\WINDOWS\SYSTEM32\DNSAPI.dll
0x00007ffd4a5b0000 - 0x00007ffd4a5bd000 	C:\WINDOWS\SYSTEM32\DSPARSE.dll
0x00007ffd31860000 - 0x00007ffd31873000 	C:\WINDOWS\System32\winrnr.dll
0x00007ffd31680000 - 0x00007ffd316a2000 	C:\WINDOWS\system32\nlansp_c.dll
0x00007ffd31650000 - 0x00007ffd31666000 	C:\WINDOWS\system32\wshbth.dll
0x00007ffd42c00000 - 0x00007ffd42c0b000 	C:\Windows\System32\rasadhlp.dll
0x00007ffd41b70000 - 0x00007ffd41bf6000 	C:\WINDOWS\System32\fwpuclnt.dll

JVMTI agents:
C:\Users\asus\.gradle\wrapper\dists\gradle-8.6-bin\afr5mpiioh2wthjmwnkmdsd5w\gradle-8.6\lib\agents\gradle-instrumentation-agent-8.6.jar path:E:\Programming\Android Studio Installation\jbr\bin\instrument.dll, loaded, initialized, instrumentlib options:none

dbghelp: loaded successfully - version: 4.0.5 - missing functions: none
symbol engine: initialized successfully - sym options: 0x614 - pdb path: .;E:\Programming\Android Studio Installation\jbr\bin;C:\WINDOWS\SYSTEM32;C:\WINDOWS\WinSxS\amd64_microsoft.windows.common-controls_6595b64144ccf1df_6.0.26100.8521_none_3e08b75ce33403b3;E:\Programming\Android Studio Installation\jbr\bin\server;C:\Users\asus\.gradle\native\c067742578af261105cb4f569cf0c3c89f3d7b1fecec35dd04571415982c5e48\windows-amd64;C:\Users\asus\.gradle\native\38dada09dfb8b06ba9b0570ebf7e218e3eb74d4ef43ca46872605cf95ebc2f47\windows-amd64

VM Arguments:
jvm_args: --add-opens=java.base/java.util=ALL-UNNAMED --add-opens=java.base/java.lang=ALL-UNNAMED --add-opens=java.base/java.lang.invoke=ALL-UNNAMED --add-opens=java.prefs/java.util.prefs=ALL-UNNAMED --add-opens=java.base/java.nio.charset=ALL-UNNAMED --add-opens=java.base/java.net=ALL-UNNAMED --add-opens=java.base/java.util.concurrent.atomic=ALL-UNNAMED -Xmx2048m -Dfile.encoding=UTF-8 -Duser.country=US -Duser.language=en -Duser.variant -javaagent:C:\Users\asus\.gradle\wrapper\dists\gradle-8.6-bin\afr5mpiioh2wthjmwnkmdsd5w\gradle-8.6\lib\agents\gradle-instrumentation-agent-8.6.jar 
java_command: org.gradle.launcher.daemon.bootstrap.GradleDaemon 8.6
java_class_path (initial): C:\Users\asus\.gradle\wrapper\dists\gradle-8.6-bin\afr5mpiioh2wthjmwnkmdsd5w\gradle-8.6\lib\gradle-launcher-8.6.jar
Launcher Type: SUN_STANDARD

[Global flags]
     intx CICompilerCount                          = 12                                        {product} {ergonomic}
     uint ConcGCThreads                            = 3                                         {product} {ergonomic}
     uint G1ConcRefinementThreads                  = 13                                        {product} {ergonomic}
   size_t G1HeapRegionSize                         = 1048576                                   {product} {ergonomic}
    uintx GCDrainStackTargetSize                   = 64                                        {product} {ergonomic}
   size_t InitialHeapSize                          = 130023424                                 {product} {ergonomic}
   size_t MarkStackSize                            = 4194304                                   {product} {ergonomic}
   size_t MaxHeapSize                              = 2147483648                                {product} {command line}
   size_t MaxNewSize                               = 1287651328                                {product} {ergonomic}
   size_t MinHeapDeltaBytes                        = 1048576                                   {product} {ergonomic}
   size_t MinHeapSize                              = 8388608                                   {product} {ergonomic}
    uintx NonNMethodCodeHeapSize                   = 7602480                                {pd product} {ergonomic}
    uintx NonProfiledCodeHeapSize                  = 122027880                              {pd product} {ergonomic}
    uintx ProfiledCodeHeapSize                     = 122027880                              {pd product} {ergonomic}
    uintx ReservedCodeCacheSize                    = 251658240                              {pd product} {ergonomic}
     bool SegmentedCodeCache                       = true                                      {product} {ergonomic}
   size_t SoftMaxHeapSize                          = 2147483648                             {manageable} {ergonomic}
     bool UseCompressedOops                        = true                           {product lp64_product} {ergonomic}
     bool UseG1GC                                  = true                                      {product} {ergonomic}
     bool UseLargePagesIndividualAllocation        = false                                  {pd product} {ergonomic}

Logging:
Log output configuration:
 #0: stdout all=warning uptime,level,tags foldmultilines=false
 #1: stderr all=off uptime,level,tags foldmultilines=false

Release file:
JAVA_VERSION="21.0.9" 
MODULES="java.base java.compiler java.datatransfer java.xml java.prefs java.desktop java.instrument java.logging java.management java.security.sasl java.naming java.rmi java.management.rmi java.net.http java.scripting java.security.jgss java.transaction.xa java.sql java.sql.rowset java.xml.crypto java.se java.smartcardio jdk.accessibility jdk.internal.jvmstat jdk.attach jdk.charsets jdk.internal.opt jdk.zipfs jdk.compiler jdk.crypto.ec jdk.crypto.cryptoki jdk.dynalink jdk.hotspot.agent jdk.httpserver jdk.internal.ed jdk.internal.le jdk.internal.vm.ci jdk.jartool jdk.javadoc jdk.jcmd jdk.jdeps jdk.jdwp.agent jdk.jdi jdk.jfr jdk.jlink jdk.jsobject jdk.localedata jdk.management jdk.management.agent jdk.management.jfr jdk.naming.dns jdk.naming.rmi jdk.net jdk.sctp jdk.security.auth jdk.security.jgss jdk.unsupported jdk.unsupported.desktop jdk.xml.dom" 
IMPLEMENTOR="JetBrains s.r.o." 
JAVA_RUNTIME_VERSION="21.0.9+-14787801-b1163.94" 
LIBC="default" 
OS_ARCH="x86_64" 
OS_NAME="Windows" 
SOURCE=".:git:0c757ddc9f2f" 

Environment Variables:
CLASSPATH=C:\JavaLib\antlr-4.13.2-complete.jar
PATH=E:\Programming\Python installation\;D:\Program\Common\VMWare\bin\;C:\Program Files\Common Files\Oracle\Java\javapath;C:\WINDOWS\system32;C:\WINDOWS;C:\WINDOWS\System32\Wbem;C:\WINDOWS\System32\WindowsPowerShell\v1.0\;C:\WINDOWS\System32\OpenSSH\;C:\Program Files (x86)\Windows Kits\10\Windows Performance Toolkit\;C:\Program Files\Git\cmd;C:\Program Files\CMake\bin;C:\Program Files\MySQL\MySQL Server 8.0\bin;C:\ProgramData\chocolatey\bin;C:\tools\gsudo\Current;E:\Programming\Python installation\Scripts\;C:\Program Files\dotnet\;C:\Program Files\MySQL\MySQL Shell 8.0\bin\;C:\Users\asus\AppData\Local\Microsoft\WindowsApps;E:\Programming\C installation\CLion 2022.2\bin;;E:\Programming\Java installation\JDK\bin;C:\Users\asus\AppData\Local\Programs\Microsoft VS Code\bin;E:\Programming\C installation\CLion 2022.2\bin\mingw\bin;C:\Users\asus\Desktop\WinAFL\Test 3\winaflfast\bin64;C:\JavaLib\antlr-4.13.2-complete.jar;C:\JavaLib\;C:\Program Files (x86)\Nmap;C:\Users\asus\.dotnet\tools
USERNAME=asus
OS=Windows_NT
PROCESSOR_IDENTIFIER=Intel64 Family 6 Model 154 Stepping 3, GenuineIntel
TMP=C:\Users\asus\AppData\Local\Temp
TEMP=C:\Users\asus\AppData\Local\Temp




Periodic native trim disabled

JNI global refs:
JNI global refs: 41, weak refs: 3

JNI global refs memory usage: 835, weak refs: 833

Process memory usage:
Resident Set Size: 499424K (6% of 8071936K total physical memory with 831768K free physical memory)

OOME stack traces (most recent first):
Classloader memory used:
Loader org.gradle.internal.classloader.VisitableURLClassLoader                         : 40751K
Loader bootstrap                                                                       : 29135K
Loader org.gradle.internal.classloader.VisitableURLClassLoader$InstrumentingVisitableURLClassLoader: 28381K
Loader org.gradle.initialization.MixInLegacyTypesClassLoader                           : 11297K
Loader jdk.internal.loader.ClassLoaders$PlatformClassLoader                            : 527K
Loader org.gradle.groovy.scripts.internal.DefaultScriptCompilationHandler$ScriptClassLoader: 405K
Loader jdk.internal.reflect.DelegatingClassLoader                                      : 274K
Loader jdk.internal.loader.ClassLoaders$AppClassLoader                                 : 230K
Loader org.codehaus.groovy.runtime.callsite.CallSiteClassLoader                        : 44256B
Loader org.gradle.internal.classloader.VisitableURLClassLoader                         : 33896B
Loader sun.reflect.misc.MethodUtil                                                     : 2984B

Classes loaded by more than one classloader:
Class com.google.common.base.PairwiseEquivalence                                      : loaded 2 times (x 83B)
Class com.google.common.base.Equivalence$Identity                                     : loaded 2 times (x 82B)
Class com.google.common.collect.RegularImmutableMap$KeySet                            : loaded 2 times (x 150B)
Class org.gradle.internal.classloader.FilteringClassLoader                            : loaded 2 times (x 105B)
Class [Lcom.google.common.base.AbstractIterator$State;                                : loaded 2 times (x 69B)
Class com.google.common.base.CharMatcher$IsEither                                     : loaded 2 times (x 111B)
Class org.gradle.internal.classloader.ClassLoaderHierarchy                            : loaded 2 times (x 70B)
Class com.google.common.collect.ImmutableEnumSet                                      : loaded 2 times (x 146B)
Class com.google.common.util.concurrent.ExecutionError                                : loaded 2 times (x 82B)
Class com.google.common.collect.ImmutableList$1                                       : loaded 2 times (x 97B)
Class org.gradle.api.internal.classpath.ManifestUtil                                  : loaded 2 times (x 71B)
Class com.google.common.collect.RegularImmutableMap                                   : loaded 2 times (x 121B)
Class com.google.common.collect.ImmutableMap$MapViewOfValuesAsSingletonSets           : loaded 2 times (x 125B)
Class [Lorg.objectweb.asm.Symbol;                                                     : loaded 2 times (x 69B)
Class org.objectweb.asm.ClassVisitor                                                  : loaded 2 times (x 88B)
Class com.google.common.collect.UnmodifiableListIterator                              : loaded 2 times (x 95B)
Class org.objectweb.asm.MethodTooLargeException                                       : loaded 2 times (x 83B)
Class [Lcom.google.common.cache.CacheBuilder$OneWeigher;                              : loaded 2 times (x 69B)
Class com.google.common.base.Suppliers                                                : loaded 2 times (x 71B)
Class com.google.common.base.Platform$JdkPatternCompiler                              : loaded 2 times (x 75B)
Class settings_5s4a1xj1bp6azikp2agycm6ls$_run_closure1                                : loaded 2 times (x 139B)
Class org.gradle.internal.classloader.DefaultClassLoaderFactory                       : loaded 2 times (x 82B)
Class com.google.common.base.CharMatcher$None                                         : loaded 2 times (x 112B)
Class org.gradle.internal.classloader.ClassLoaderVisitor                              : loaded 2 times (x 76B)
Class [Lcom.google.common.collect.ImmutableMapEntry;                                  : loaded 2 times (x 69B)
Class org.gradle.api.internal.classpath.EffectiveClassPath                            : loaded 2 times (x 90B)
Class com.google.common.collect.ImmutableEnumMap                                      : loaded 2 times (x 125B)
Class com.google.common.collect.ListMultimap                                          : loaded 2 times (x 70B)
Class com.google.common.collect.Sets$1                                                : loaded 2 times (x 139B)
Class org.objectweb.asm.AnnotationVisitor                                             : loaded 2 times (x 78B)
Class com.google.common.base.Splitter                                                 : loaded 2 times (x 72B)
Class org.gradle.api.internal.DefaultClassPathProvider                                : loaded 2 times (x 76B)
Class com.google.common.collect.Sets$2                                                : loaded 2 times (x 139B)
Class ijJvmDebugger1_dobtw6cflcvxkl315inszunwy                                        : loaded 2 times (x 179B)
Class [Lorg.gradle.api.internal.ClassPathProvider;                                    : loaded 2 times (x 69B)
Class org.gradle.api.internal.ClassPathProvider                                       : loaded 2 times (x 70B)
Class [Lorg.objectweb.asm.AnnotationVisitor;                                          : loaded 2 times (x 69B)
Class com.google.common.collect.Sets$3                                                : loaded 2 times (x 139B)
Class com.google.common.util.concurrent.AbstractFuture$SafeAtomicHelper               : loaded 2 times (x 79B)
Class com.google.common.cache.LocalCache$LocalLoadingCache                            : loaded 2 times (x 134B)
Class com.google.common.base.AbstractIterator$State                                   : loaded 2 times (x 79B)
Class org.gradle.internal.service.UnknownServiceException                             : loaded 2 times (x 83B)
Class com.google.common.collect.Sets$4                                                : loaded 2 times (x 139B)
Class org.objectweb.asm.ModuleVisitor                                                 : loaded 2 times (x 81B)
Class com.google.common.cache.LocalCache$Strength$1                                   : loaded 2 times (x 81B)
Class com.google.common.util.concurrent.SettableFuture                                : loaded 2 times (x 114B)
Class com.google.common.cache.LocalCache$Strength$2                                   : loaded 2 times (x 81B)
Class com.google.common.cache.LocalCache$Strength$3                                   : loaded 2 times (x 81B)
Class com.google.common.collect.MapDifference                                         : loaded 2 times (x 70B)
Class com.google.common.base.Splitter$1                                               : loaded 2 times (x 77B)
Class org.objectweb.asm.FieldWriter                                                   : loaded 2 times (x 78B)
Class com.google.common.cache.CacheBuilder$NullListener                               : loaded 2 times (x 82B)
Class org.gradle.internal.classpath.TransformedClassPath                              : loaded 2 times (x 96B)
Class com.google.common.cache.CacheLoader$FunctionToCacheLoader                       : loaded 2 times (x 75B)
Class com.google.common.collect.Iterators$ArrayItr                                    : loaded 2 times (x 97B)
Class com.google.common.collect.ImmutableCollection$Builder                           : loaded 2 times (x 76B)
Class build_60mwr45nbiqz5d6h3vs9ut4px$_run_closure1                                   : loaded 2 times (x 139B)
Class com.google.common.base.Joiner                                                   : loaded 2 times (x 79B)
Class com.google.common.base.MoreObjects                                              : loaded 2 times (x 71B)
Class [Lorg.objectweb.asm.Type;                                                       : loaded 2 times (x 69B)
Class com.google.common.collect.Platform                                              : loaded 2 times (x 71B)
Class com.google.common.collect.UnmodifiableIterator                                  : loaded 2 times (x 80B)
Class org.gradle.internal.service.ServiceLocator                                      : loaded 2 times (x 70B)
Class com.google.common.base.Ascii                                                    : loaded 2 times (x 71B)
Class com.google.common.collect.SingletonImmutableBiMap                               : loaded 2 times (x 143B)
Class com.google.common.cache.LocalCache$1                                            : loaded 2 times (x 89B)
Class com.google.common.collect.AbstractMapEntry                                      : loaded 2 times (x 81B)
Class ijJvmDebugger1_dobtw6cflcvxkl315inszunwy$_run_closure1                          : loaded 2 times (x 139B)
Class com.google.common.collect.Sets$ImprovedAbstractSet                              : loaded 2 times (x 135B)
Class com.google.common.collect.ImmutableList$Builder                                 : loaded 2 times (x 77B)
Class com.google.common.cache.LocalCache$2                                            : loaded 2 times (x 142B)
Class com.google.common.collect.AbstractMultimap                                      : loaded 2 times (x 123B)
Class com.google.common.util.concurrent.AbstractFuture$UnsafeAtomicHelper$1           : loaded 2 times (x 76B)
Class com.google.common.collect.RegularImmutableAsList                                : loaded 2 times (x 216B)
Class ijKotlinCoroutineJvmDebugInit1_d6p11m2njpy6aiagda9ijpaxm                        : loaded 2 times (x 179B)
Class com.google.common.util.concurrent.AbstractFuture$Trusted                        : loaded 2 times (x 70B)
Class com.google.common.collect.Iterators                                             : loaded 2 times (x 71B)
Class com.google.common.base.CharMatcher$RangesMatcher                                : loaded 2 times (x 112B)
Class com.google.common.util.concurrent.UncheckedExecutionException                   : loaded 2 times (x 82B)
Class com.google.common.collect.Lists$StringAsImmutableList                           : loaded 2 times (x 207B)
Class build_6fszu0k57l3kfdcx4jkstrkcl$_run_closure1                                   : loaded 2 times (x 139B)
Class com.google.common.base.CharMatcher$JavaLetterOrDigit                            : loaded 2 times (x 111B)
Class org.gradle.internal.InternalTransformer                                         : loaded 2 times (x 70B)
Class com.google.common.collect.AbstractMapBasedMultimap$KeySet$1                     : loaded 2 times (x 82B)
Class org.objectweb.asm.ClassWriter                                                   : loaded 2 times (x 106B)
Class com.google.common.cache.CacheLoader$UnsupportedLoadingOperationException        : loaded 2 times (x 82B)
Class com.google.common.base.CharMatcher$And                                          : loaded 2 times (x 112B)
Class org.gradle.internal.classloader.ClasspathUtil$1                                 : loaded 2 times (x 76B)
Class com.google.common.base.Objects                                                  : loaded 2 times (x 71B)
Class org.objectweb.asm.FieldVisitor                                                  : loaded 2 times (x 77B)
Class com.google.common.collect.IndexedImmutableSet                                   : loaded 2 times (x 150B)
Class com.google.common.collect.ImmutableMap$1                                        : loaded 2 times (x 81B)
Class com.google.common.collect.BiMap                                                 : loaded 2 times (x 70B)
Class org.gradle.api.internal.classpath.DefaultModuleRegistry$DefaultModule           : loaded 2 times (x 86B)
Class com.google.common.primitives.Ints                                               : loaded 2 times (x 71B)
Class com.google.common.collect.AbstractIterator                                      : loaded 2 times (x 82B)
Class com.google.common.math.MathPreconditions                                        : loaded 2 times (x 71B)
Class com.google.common.collect.Multiset                                              : loaded 2 times (x 70B)
Class com.google.common.collect.ArrayListMultimapGwtSerializationDependencies         : loaded 2 times (x 172B)
Class com.google.common.collect.ObjectArrays                                          : loaded 2 times (x 71B)
Class com.google.common.collect.AbstractIndexedListIterator                           : loaded 2 times (x 96B)
Class com.google.common.collect.ImmutableMapEntrySet                                  : loaded 2 times (x 151B)
Class org.gradle.api.internal.classpath.Module                                        : loaded 2 times (x 70B)
Class com.google.common.cache.Weigher                                                 : loaded 2 times (x 70B)
Class org.gradle.api.internal.classpath.UnknownModuleException                        : loaded 2 times (x 82B)
Class org.gradle.cache.GlobalCache                                                    : loaded 2 times (x 70B)
Class com.google.common.base.Stopwatch                                                : loaded 2 times (x 72B)
Class com.google.common.cache.LocalCache$Strength                                     : loaded 2 times (x 81B)
Class com.google.common.cache.Cache                                                   : loaded 2 times (x 70B)
Class com.google.common.util.concurrent.AbstractFuture$Cancellation                   : loaded 2 times (x 72B)
Class com.google.common.collect.ImmutableMap$Builder                                  : loaded 2 times (x 82B)
Class com.google.common.base.NullnessCasts                                            : loaded 2 times (x 71B)
Class com.google.common.cache.RemovalListener                                         : loaded 2 times (x 70B)
Class org.gradle.api.internal.DefaultClassPathRegistry                                : loaded 2 times (x 76B)
Class com.google.common.primitives.IntsMethodsForWeb                                  : loaded 2 times (x 71B)
Class com.google.common.collect.Multimap                                              : loaded 2 times (x 70B)
Class org.gradle.api.internal.ClassPathRegistry                                       : loaded 2 times (x 70B)
Class org.gradle.internal.classpath.DefaultClassPath$ImmutableUniqueList              : loaded 2 times (x 199B)
Class com.google.common.base.ExtraObjectsMethodsForWeb                                : loaded 2 times (x 71B)
Class com.google.common.cache.CacheBuilder                                            : loaded 2 times (x 72B)
Class com.google.common.collect.SingletonImmutableList                                : loaded 2 times (x 207B)
Class org.gradle.internal.classpath.ClassPath                                         : loaded 2 times (x 70B)
Class org.gradle.api.UncheckedIOException                                             : loaded 2 times (x 82B)
Class com.google.common.collect.ImmutableList$ReverseImmutableList                    : loaded 2 times (x 208B)
Class com.google.common.base.JdkPattern                                               : loaded 2 times (x 75B)
Class org.objectweb.asm.SymbolTable$Entry                                             : loaded 2 times (x 74B)
Class com.google.common.util.concurrent.AbstractFuture$AtomicHelper                   : loaded 2 times (x 78B)
Class org.objectweb.asm.Edge                                                          : loaded 2 times (x 72B)
Class com.google.common.base.Suppliers$SupplierOfInstance                             : loaded 2 times (x 79B)
Class com.google.common.collect.Iterators$1                                           : loaded 2 times (x 81B)
Class com.google.common.cache.LocalCache$ComputingValueReference                      : loaded 2 times (x 96B)
Class com.google.common.collect.SingletonImmutableSet                                 : loaded 2 times (x 146B)
Class com.google.common.collect.ImmutableMap$IteratorBasedImmutableMap                : loaded 2 times (x 125B)
Class com.google.common.cache.LocalCache$Segment                                      : loaded 2 times (x 154B)
Class [Lorg.objectweb.asm.SymbolTable$Entry;                                          : loaded 2 times (x 69B)
Class com.google.common.cache.CacheLoader                                             : loaded 2 times (x 74B)
Class com.google.common.collect.Iterators$4                                           : loaded 2 times (x 82B)
Class com.google.common.collect.ImmutableBiMap                                        : loaded 2 times (x 143B)
Class com.google.common.collect.AbstractListMultimap                                  : loaded 2 times (x 172B)
Class org.gradle.internal.installation.GradleInstallation$1                           : loaded 2 times (x 75B)
Class org.gradle.api.internal.classpath.ModuleRegistry                                : loaded 2 times (x 70B)
Class com.google.common.util.concurrent.internal.InternalFutureFailureAccess          : loaded 2 times (x 72B)
Class com.google.common.collect.Iterators$5                                           : loaded 2 times (x 82B)
Class com.google.common.collect.ImmutableSet$JdkBackedSetBuilderImpl                  : loaded 2 times (x 76B)
Class com.google.common.base.Splitter$SplittingIterator                               : loaded 2 times (x 84B)
Class com.google.common.util.concurrent.AbstractFuture$UnsafeAtomicHelper             : loaded 2 times (x 78B)
Class com.google.common.cache.LocalCache$LocalManualCache$1                           : loaded 2 times (x 75B)
Class com.google.common.base.CharMatcher$ForPredicate                                 : loaded 2 times (x 112B)
Class com.google.common.collect.ImmutableCollection                                   : loaded 2 times (x 125B)
Class com.google.common.base.CharMatcher$AnyOf                                        : loaded 2 times (x 112B)
Class org.gradle.api.internal.classpath.DefaultModuleRegistry                         : loaded 2 times (x 86B)
Class com.google.common.util.concurrent.ListenableFuture                              : loaded 2 times (x 70B)
Class com.google.common.cache.ReferenceEntry                                          : loaded 2 times (x 70B)
Class com.google.common.collect.ImmutableSet$CachingAsList                            : loaded 2 times (x 147B)
Class com.google.common.base.Converter                                                : loaded 2 times (x 90B)
Class com.google.common.collect.Lists                                                 : loaded 2 times (x 71B)
Class com.google.common.base.CharMatcher$Any                                          : loaded 2 times (x 112B)
Class com.google.common.util.concurrent.AbstractFuture                                : loaded 2 times (x 106B)
Class com.google.common.base.FunctionalEquivalence                                    : loaded 2 times (x 83B)
Class com.google.common.collect.Iterators$9                                           : loaded 2 times (x 81B)
Class com.google.common.collect.AbstractMapBasedMultimap                              : loaded 2 times (x 139B)
Class com.google.common.collect.ImmutableAsList                                       : loaded 2 times (x 209B)
Class build_60mwr45nbiqz5d6h3vs9ut4px                                                 : loaded 2 times (x 180B)
Class org.objectweb.asm.RecordComponentVisitor                                        : loaded 2 times (x 77B)
Class com.google.common.cache.CacheLoader$SupplierToCacheLoader                       : loaded 2 times (x 75B)
Class settings_5s4a1xj1bp6azikp2agycm6ls                                              : loaded 2 times (x 179B)
Class com.google.common.collect.Maps$EntryTransformer                                 : loaded 2 times (x 70B)
Class org.gradle.internal.service.ServiceLookupException                              : loaded 2 times (x 82B)
Class [Lcom.google.common.cache.LocalCache$EntryFactory;                              : loaded 2 times (x 69B)
Class com.google.common.base.CharMatcher$JavaLetter                                   : loaded 2 times (x 111B)
Class ijKotlinCoroutineJvmDebugInit1_d6p11m2njpy6aiagda9ijpaxm$_run_closure1          : loaded 2 times (x 139B)
Class org.gradle.internal.classloader.ClassLoaderFactory                              : loaded 2 times (x 70B)
Class com.google.common.cache.LocalCache$LocalManualCache                             : loaded 2 times (x 99B)
Class com.google.common.base.CharMatcher$IsNot                                        : loaded 2 times (x 111B)
Class com.google.common.base.CommonPattern                                            : loaded 2 times (x 74B)
Class org.gradle.internal.service.CachingServiceLocator                               : loaded 2 times (x 82B)
Class com.google.common.collect.AbstractMapBasedMultimap$KeySet                       : loaded 2 times (x 137B)
Class com.google.common.math.IntMath                                                  : loaded 2 times (x 71B)
Class com.google.common.collect.Iterators$10                                          : loaded 2 times (x 81B)
Class com.google.common.collect.ImmutableMapEntry                                     : loaded 2 times (x 85B)
Class com.google.common.base.CharMatcher$JavaDigit                                    : loaded 2 times (x 111B)
Class com.google.common.base.Equivalence                                              : loaded 2 times (x 82B)
Class com.google.common.collect.ImmutableMapEntry$NonTerminalImmutableMapEntry        : loaded 2 times (x 85B)
Class com.google.common.base.Function                                                 : loaded 2 times (x 70B)
Class com.google.common.cache.CacheBuilder$OneWeigher                                 : loaded 2 times (x 82B)
Class com.google.common.collect.RegularImmutableList                                  : loaded 2 times (x 212B)
Class com.google.common.collect.ImmutableBiMapFauxverideShim                          : loaded 2 times (x 120B)
Class org.gradle.internal.classloader.ClasspathUtil                                   : loaded 2 times (x 71B)
Class com.google.common.base.Charsets                                                 : loaded 2 times (x 71B)
Class com.google.common.util.concurrent.Uninterruptibles                              : loaded 2 times (x 71B)
Class com.google.common.collect.Maps                                                  : loaded 2 times (x 71B)
Class com.google.common.base.CharMatcher$JavaUpperCase                                : loaded 2 times (x 111B)
Class org.gradle.api.specs.Spec                                                       : loaded 2 times (x 70B)
Class [Lcom.google.common.collect.ImmutableEntry;                                     : loaded 2 times (x 69B)
Class com.google.common.cache.LocalCache$LoadingValueReference                        : loaded 2 times (x 96B)
Class com.google.common.base.Platform                                                 : loaded 2 times (x 71B)
Class [Lorg.objectweb.asm.AnnotationWriter;                                           : loaded 2 times (x 69B)
Class com.google.common.primitives.Ints$IntConverter                                  : loaded 2 times (x 90B)
Class com.google.common.collect.Maps$8                                                : loaded 2 times (x 82B)
Class com.google.common.collect.Sets$SetView                                          : loaded 2 times (x 138B)
Class com.google.common.cache.LocalCache$StrongValueReference                         : loaded 2 times (x 90B)
Class com.google.common.util.concurrent.AbstractFuture$SynchronizedHelper             : loaded 2 times (x 78B)
Class com.google.common.base.CharMatcher$Invisible                                    : loaded 2 times (x 112B)
Class org.objectweb.asm.Type                                                          : loaded 2 times (x 72B)
Class org.gradle.internal.classloader.VisitableURLClassLoader$InstrumentingVisitableURLClassLoader: loaded 2 times (x 123B)
Class org.objectweb.asm.ByteVector                                                    : loaded 2 times (x 79B)
Class [Lcom.google.common.cache.CacheBuilder$NullListener;                            : loaded 2 times (x 69B)
Class com.google.common.math.IntMath$1                                                : loaded 2 times (x 71B)
Class org.gradle.internal.classloader.VisitableURLClassLoader$Spec                    : loaded 2 times (x 74B)
Class org.gradle.internal.classpath.DefaultClassPath                                  : loaded 2 times (x 90B)
Class org.objectweb.asm.Symbol                                                        : loaded 2 times (x 73B)
Class com.google.common.base.AbstractIterator                                         : loaded 2 times (x 80B)
Class com.google.common.collect.RegularImmutableMap$Values                            : loaded 2 times (x 207B)
Class com.google.common.collect.ImmutableSet                                          : loaded 2 times (x 145B)
Class com.google.common.base.CharMatcher$BitSetMatcher                                : loaded 2 times (x 112B)
Class com.google.common.base.CharMatcher$Ascii                                        : loaded 2 times (x 112B)
Class org.gradle.internal.classloader.ClassLoaderSpec                                 : loaded 2 times (x 71B)
Class org.objectweb.asm.AnnotationWriter                                              : loaded 2 times (x 79B)
Class com.google.common.cache.CacheStats                                              : loaded 2 times (x 71B)
Class org.objectweb.asm.RecordComponentWriter                                         : loaded 2 times (x 78B)
Class com.google.common.util.concurrent.AbstractFuture$Listener                       : loaded 2 times (x 72B)
Class com.google.common.base.CharMatcher$Or                                           : loaded 2 times (x 112B)
Class org.objectweb.asm.Attribute                                                     : loaded 2 times (x 77B)
Class com.google.common.base.Supplier                                                 : loaded 2 times (x 70B)
Class org.gradle.internal.classloader.VisitableURLClassLoader                         : loaded 2 times (x 117B)
Class com.google.common.util.concurrent.AbstractFuture$Waiter                         : loaded 2 times (x 72B)
Class org.gradle.internal.Cast                                                        : loaded 2 times (x 71B)
Class org.gradle.api.Action                                                           : loaded 2 times (x 70B)
Class com.google.common.collect.Sets                                                  : loaded 2 times (x 71B)
Class org.objectweb.asm.Handler                                                       : loaded 2 times (x 72B)
Class com.google.common.base.Ticker                                                   : loaded 2 times (x 72B)
Class com.google.common.base.Strings                                                  : loaded 2 times (x 71B)
Class com.google.common.base.CharMatcher$FastMatcher                                  : loaded 2 times (x 111B)
Class org.gradle.internal.agents.InstrumentingClassLoader                             : loaded 2 times (x 70B)
Class [Lcom.google.common.cache.LocalCache$Segment;                                   : loaded 2 times (x 69B)
Class [Lcom.google.common.cache.LocalCache$Strength;                                  : loaded 2 times (x 69B)
Class com.google.common.cache.CacheBuilder$1                                          : loaded 2 times (x 85B)
Class com.google.common.collect.ImmutableMap                                          : loaded 2 times (x 120B)
Class com.google.common.base.Predicate                                                : loaded 2 times (x 70B)
Class org.gradle.internal.classpath.DefaultClassPath$ImmutableUniqueList$Builder      : loaded 2 times (x 75B)
Class com.google.common.cache.LocalCache                                              : loaded 2 times (x 187B)
Class com.google.common.cache.CacheBuilder$2                                          : loaded 2 times (x 72B)
Class com.google.common.base.CharMatcher$NegatedFastMatcher                           : loaded 2 times (x 113B)
Class [Lcom.google.common.collect.AbstractMapEntry;                                   : loaded 2 times (x 69B)
Class com.google.common.collect.ImmutableEntry                                        : loaded 2 times (x 82B)
Class com.google.common.collect.ArrayListMultimap                                     : loaded 2 times (x 172B)
Class com.google.common.base.AbstractIterator$1                                       : loaded 2 times (x 71B)
Class com.google.common.base.CharMatcher$Digit                                        : loaded 2 times (x 112B)
Class org.gradle.api.GradleException                                                  : loaded 2 times (x 82B)
Class com.google.common.collect.ForwardingMap                                         : loaded 2 times (x 132B)
Class com.google.common.collect.CollectPreconditions                                  : loaded 2 times (x 71B)
Class com.google.common.base.CharMatcher$JavaIsoControl                               : loaded 2 times (x 112B)
Class com.google.common.collect.SortedMapDifference                                   : loaded 2 times (x 70B)
Class com.google.common.base.CharMatcher$JavaLowerCase                                : loaded 2 times (x 111B)
Class com.google.common.cache.LocalCache$EntryFactory                                 : loaded 2 times (x 83B)
Class com.google.common.cache.LocalCache$AbstractReferenceEntry                       : loaded 2 times (x 107B)
Class com.google.common.base.Splitter$1$1                                             : loaded 2 times (x 86B)
Class com.google.common.base.CharMatcher$Whitespace                                   : loaded 2 times (x 112B)
Class org.gradle.internal.IoActions                                                   : loaded 2 times (x 71B)
Class org.objectweb.asm.SymbolTable                                                   : loaded 2 times (x 72B)
Class com.google.common.cache.CacheLoader$InvalidCacheLoadException                   : loaded 2 times (x 82B)
Class com.google.common.collect.ImmutableSet$RegularSetBuilderImpl                    : loaded 2 times (x 77B)
Class com.google.common.base.CharMatcher$SingleWidth                                  : loaded 2 times (x 112B)
Class ijKotlinCoroutineJvmDebugInit1_d6p11m2njpy6aiagda9ijpaxm$_run_closure1$_closure2: loaded 2 times (x 139B)
Class org.gradle.internal.classloader.SystemClassLoaderSpec                           : loaded 2 times (x 71B)
Class com.google.common.cache.LocalCache$StrongEntry                                  : loaded 2 times (x 108B)
Class com.google.common.util.concurrent.AbstractFuture$TrustedFuture                  : loaded 2 times (x 114B)
Class com.google.common.cache.LoadingCache                                            : loaded 2 times (x 70B)
Class org.objectweb.asm.MethodWriter                                                  : loaded 2 times (x 106B)
Class [Lcom.google.common.cache.Weigher;                                              : loaded 2 times (x 69B)
Class com.google.common.collect.RegularImmutableMap$BucketOverflowException           : loaded 2 times (x 82B)
Class com.google.common.collect.RegularImmutableBiMap                                 : loaded 2 times (x 148B)
Class com.google.common.cache.LocalCache$ValueReference                               : loaded 2 times (x 70B)
Class com.google.common.base.CharMatcher$Negated                                      : loaded 2 times (x 113B)
Class com.google.common.base.CharMatcher$Is                                           : loaded 2 times (x 111B)
Class com.google.common.util.concurrent.AbstractFuture$Failure                        : loaded 2 times (x 72B)
Class com.google.common.base.Equivalence$Equals                                       : loaded 2 times (x 82B)
Class com.google.common.collect.Hashing                                               : loaded 2 times (x 71B)
Class com.google.common.base.PatternCompiler                                          : loaded 2 times (x 70B)
Class com.google.common.base.Preconditions                                            : loaded 2 times (x 71B)
Class com.google.common.base.Joiner$1                                                 : loaded 2 times (x 80B)
Class org.objectweb.asm.Label                                                         : loaded 2 times (x 73B)
Class org.objectweb.asm.CurrentFrame                                                  : loaded 2 times (x 73B)
Class org.objectweb.asm.ClassTooLargeException                                        : loaded 2 times (x 83B)
Class com.google.common.collect.PeekingIterator                                       : loaded 2 times (x 70B)
Class com.google.common.base.CharMatcher                                              : loaded 2 times (x 111B)
Class build_6fszu0k57l3kfdcx4jkstrkcl                                                 : loaded 2 times (x 180B)
Class com.google.common.base.Joiner$2                                                 : loaded 2 times (x 79B)
Class org.objectweb.asm.Frame                                                         : loaded 2 times (x 73B)
Class org.objectweb.asm.MethodVisitor                                                 : loaded 2 times (x 105B)
Class com.google.common.cache.LocalCache$EntryFactory$1                               : loaded 2 times (x 83B)
Class [Lcom.google.common.cache.RemovalListener;                                      : loaded 2 times (x 69B)
Class com.google.common.base.CharMatcher$1                                            : loaded 2 times (x 113B)
Class com.google.common.base.CharMatcher$NamedFastMatcher                             : loaded 2 times (x 112B)
Class com.google.common.cache.LocalCache$EntryFactory$2                               : loaded 2 times (x 83B)
Class org.objectweb.asm.ModuleWriter                                                  : loaded 2 times (x 82B)
Class com.google.common.cache.LocalCache$EntryFactory$3                               : loaded 2 times (x 83B)
Class com.google.common.base.Ticker$1                                                 : loaded 2 times (x 72B)
Class com.google.common.collect.ImmutableMapEntrySet$RegularEntrySet                  : loaded 2 times (x 151B)
Class com.google.common.collect.Maps$BiMapConverter                                   : loaded 2 times (x 90B)
Class com.google.common.cache.LocalCache$EntryFactory$4                               : loaded 2 times (x 83B)
Class com.google.common.collect.ImmutableSet$Builder                                  : loaded 2 times (x 85B)
Class com.google.common.base.CharMatcher$InRange                                      : loaded 2 times (x 111B)
Class com.google.common.cache.LocalCache$EntryFactory$5                               : loaded 2 times (x 83B)
Class com.google.common.cache.LocalCache$EntryFactory$6                               : loaded 2 times (x 83B)
Class org.gradle.internal.installation.CurrentGradleInstallationLocator               : loaded 2 times (x 71B)
Class com.google.common.collect.Maps$KeySet                                           : loaded 2 times (x 137B)
Class com.google.common.cache.LocalCache$EntryFactory$7                               : loaded 2 times (x 83B)
Class com.google.common.collect.ImmutableSet$EmptySetBuilderImpl                      : loaded 2 times (x 76B)
Class com.google.common.collect.ImmutableList                                         : loaded 2 times (x 206B)
Class org.gradle.internal.service.DefaultServiceLocator                               : loaded 2 times (x 83B)
Class com.google.common.cache.LocalCache$EntryFactory$8                               : loaded 2 times (x 83B)
Class com.google.common.collect.ImmutableSet$SetBuilderImpl                           : loaded 2 times (x 76B)
Class org.gradle.internal.installation.CurrentGradleInstallation                      : loaded 2 times (x 73B)
Class com.google.common.cache.CacheLoader$1                                           : loaded 2 times (x 75B)
Class com.google.common.collect.ForwardingObject                                      : loaded 2 times (x 72B)
Class com.google.common.collect.ImmutableList$SubList                                 : loaded 2 times (x 208B)
Class org.gradle.util.internal.GUtil                                                  : loaded 2 times (x 71B)
Class com.google.common.util.concurrent.AbstractFuture$SetFuture                      : loaded 2 times (x 75B)
Class com.google.common.cache.AbstractCache$StatsCounter                              : loaded 2 times (x 70B)
Class com.google.common.collect.Iterators$MergingIterator                             : loaded 2 times (x 81B)
Class com.google.common.collect.RegularImmutableSet                                   : loaded 2 times (x 148B)
Class ijJvmDebugger1_dobtw6cflcvxkl315inszunwy$_run_closure1$_closure2                : loaded 2 times (x 140B)
Class org.gradle.internal.installation.GradleInstallation                             : loaded 2 times (x 75B)
Class com.google.common.collect.Iterables                                             : loaded 2 times (x 71B)
Class com.google.common.base.Splitter$Strategy                                        : loaded 2 times (x 70B)

---------------  S Y S T E M  ---------------

OS:
 Windows 11 , 64 bit Build 26100 (10.0.26100.8521)
OS uptime: 0 days 2:40 hours
Hyper-V role detected

CPU: total 16 (initial active 16) (8 cores per cpu, 2 threads per core) family 6 model 154 stepping 3 microcode 0x419, cx8, cmov, fxsr, ht, mmx, 3dnowpref, sse, sse2, sse3, ssse3, sse4.1, sse4.2, popcnt, lzcnt, tsc, tscinvbit, avx, avx2, aes, erms, clmul, bmi1, bmi2, adx, sha, fma, vzeroupper, clflush, clflushopt, clwb, hv, serialize, rdtscp, rdpid, fsrm, f16c, cet_ibt, cet_ss
Processor Information for processor 0
  Max Mhz: 2500, Current Mhz: 2500, Mhz Limit: 2500
Processor Information for processor 1
  Max Mhz: 2500, Current Mhz: 1532, Mhz Limit: 2500
Processor Information for processor 2
  Max Mhz: 2500, Current Mhz: 1532, Mhz Limit: 2500
Processor Information for processor 3
  Max Mhz: 2500, Current Mhz: 1532, Mhz Limit: 2500
Processor Information for processor 4
  Max Mhz: 2500, Current Mhz: 2500, Mhz Limit: 2500
Processor Information for processor 5
  Max Mhz: 2500, Current Mhz: 1532, Mhz Limit: 2500
Processor Information for processor 6
  Max Mhz: 2500, Current Mhz: 1532, Mhz Limit: 2500
Processor Information for processor 7
  Max Mhz: 2500, Current Mhz: 1532, Mhz Limit: 2500
Processor Information for processor 8
  Max Mhz: 2500, Current Mhz: 1500, Mhz Limit: 1800
Processor Information for processor 9
  Max Mhz: 2500, Current Mhz: 1800, Mhz Limit: 1800
Processor Information for processor 10
  Max Mhz: 2500, Current Mhz: 1500, Mhz Limit: 1800
Processor Information for processor 11
  Max Mhz: 2500, Current Mhz: 1500, Mhz Limit: 1800
Processor Information for processor 12
  Max Mhz: 2500, Current Mhz: 1500, Mhz Limit: 1800
Processor Information for processor 13
  Max Mhz: 2500, Current Mhz: 1500, Mhz Limit: 1800
Processor Information for processor 14
  Max Mhz: 2500, Current Mhz: 1500, Mhz Limit: 1800
Processor Information for processor 15
  Max Mhz: 2500, Current Mhz: 1500, Mhz Limit: 1800

Memory: 4k page, system-wide physical 7882M (812M free)
TotalPageFile size 13300M (AvailPageFile size 28M)
current process WorkingSet (physical memory assigned to process): 487M, peak: 504M
current process commit charge ("private bytes"): 531M, peak: 556M

vm_info: OpenJDK 64-Bit Server VM (21.0.9+-14787801-b1163.94) for windows-amd64 JRE (21.0.9+-14787801-b1163.94), built on 2026-01-27T21:15:44Z by "builder" with MS VC++ 16.10 / 16.11 (VS2019)

END.
